2026-09-29 18:49:21.467 INFO  [kground-preinit] [trace:] o.h.validator.internal.util.Version      : HV000001: Hibernate Validator 8.0.3.Final
2026-09-29 18:49:21.589 INFO  [           main] [trace:] c.a.apigateway.ApiGatewayApplication     : Starting ApiGatewayApplication using Java 20.0.2 with PID 17040 (D:\aerobook\api-gateway\target\classes started by hp in D:\aerobook\api-gateway)
2026-09-29 18:49:21.591 DEBUG [           main] [trace:] c.a.apigateway.ApiGatewayApplication     : Running with Spring Boot v3.5.5, Spring v6.2.10
2026-09-29 18:49:21.593 INFO  [           main] [trace:] c.a.apigateway.ApiGatewayApplication     : No active profile set, falling back to 1 default profile: "default"
2026-09-29 18:49:25.064 INFO  [           main] [trace:] o.s.cloud.context.scope.GenericScope     : BeanFactory id=3c577f10-4a48-36c6-a9c9-45d6be7c43e8
2026-09-29 18:49:28.239 INFO  [           main] [trace:] o.s.c.g.r.RouteDefinitionRouteLocator    : Loaded RoutePredicateFactory [After]
2026-09-29 18:49:28.239 INFO  [           main] [trace:] o.s.c.g.r.RouteDefinitionRouteLocator    : Loaded RoutePredicateFactory [Before]
2026-09-29 18:49:28.240 INFO  [           main] [trace:] o.s.c.g.r.RouteDefinitionRouteLocator    : Loaded RoutePredicateFactory [Between]
2026-09-29 18:49:28.240 INFO  [           main] [trace:] o.s.c.g.r.RouteDefinitionRouteLocator    : Loaded RoutePredicateFactory [Cookie]
2026-09-29 18:49:28.240 INFO  [           main] [trace:] o.s.c.g.r.RouteDefinitionRouteLocator    : Loaded RoutePredicateFactory [Header]
2026-09-29 18:49:28.241 INFO  [           main] [trace:] o.s.c.g.r.RouteDefinitionRouteLocator    : Loaded RoutePredicateFactory [Host]
2026-09-29 18:49:28.241 INFO  [           main] [trace:] o.s.c.g.r.RouteDefinitionRouteLocator    : Loaded RoutePredicateFactory [Method]
2026-09-29 18:49:28.241 INFO  [           main] [trace:] o.s.c.g.r.RouteDefinitionRouteLocator    : Loaded RoutePredicateFactory [Path]
2026-09-29 18:49:28.242 INFO  [           main] [trace:] o.s.c.g.r.RouteDefinitionRouteLocator    : Loaded RoutePredicateFactory [Query]
2026-09-29 18:49:28.242 INFO  [           main] [trace:] o.s.c.g.r.RouteDefinitionRouteLocator    : Loaded RoutePredicateFactory [ReadBody]
2026-09-29 18:49:28.242 INFO  [           main] [trace:] o.s.c.g.r.RouteDefinitionRouteLocator    : Loaded RoutePredicateFactory [RemoteAddr]
2026-09-29 18:49:28.242 INFO  [           main] [trace:] o.s.c.g.r.RouteDefinitionRouteLocator    : Loaded RoutePredicateFactory [XForwardedRemoteAddr]
2026-09-29 18:49:28.243 INFO  [           main] [trace:] o.s.c.g.r.RouteDefinitionRouteLocator    : Loaded RoutePredicateFactory [Weight]
2026-09-29 18:49:28.243 INFO  [           main] [trace:] o.s.c.g.r.RouteDefinitionRouteLocator    : Loaded RoutePredicateFactory [CloudFoundryRouteService]
2026-09-29 18:49:28.590 WARN  [           main] [trace:] o.s.w.r.resource.ResourceHandlerUtils    : Appended trailing slash to static resource location: classpath:/META-INF/resources/webjars/swagger-ui/5.18.3/
2026-09-29 18:49:29.211 INFO  [           main] [trace:] o.s.b.a.e.web.EndpointLinksResolver      : Exposing 1 endpoint beneath base path '/actuator'
2026-09-29 18:49:29.814 INFO  [           main] [trace:] DiscoveryClientOptionalArgsConfiguration : Eureka HTTP Client uses RestTemplate.
2026-09-29 18:49:29.878 WARN  [           main] [trace:] iguration$LoadBalancerCaffeineWarnLogger : Spring Cloud LoadBalancer is currently working with the default cache. While this cache implementation is useful for development and tests, it's recommended to use Caffeine cache in production.You can switch to using Caffeine cache, by adding it and org.springframework.cache.caffeine.CaffeineCacheManager to the classpath.
2026-09-29 18:49:30.019 INFO  [           main] [trace:] o.s.c.n.eureka.InstanceInfoFactory       : Setting initial instance status as: STARTING
2026-09-29 18:49:30.075 INFO  [           main] [trace:] com.netflix.discovery.DiscoveryClient    : Initializing Eureka in region us-east-1
2026-09-29 18:49:30.085 INFO  [           main] [trace:] c.n.d.s.r.aws.ConfigClusterResolver      : Resolving eureka endpoints via configuration
2026-09-29 18:49:30.105 INFO  [           main] [trace:] com.netflix.discovery.DiscoveryClient    : Disable delta property : false
2026-09-29 18:49:30.105 INFO  [           main] [trace:] com.netflix.discovery.DiscoveryClient    : Single vip registry refresh property : null
2026-09-29 18:49:30.105 INFO  [           main] [trace:] com.netflix.discovery.DiscoveryClient    : Force full registry fetch : false
2026-09-29 18:49:30.105 INFO  [           main] [trace:] com.netflix.discovery.DiscoveryClient    : Application is null : false
2026-09-29 18:49:30.106 INFO  [           main] [trace:] com.netflix.discovery.DiscoveryClient    : Registered Applications size is zero : true
2026-09-29 18:49:30.106 INFO  [           main] [trace:] com.netflix.discovery.DiscoveryClient    : Application version is -1: true
2026-09-29 18:49:30.106 INFO  [           main] [trace:] com.netflix.discovery.DiscoveryClient    : Getting all instance registry info from the eureka server
2026-09-29 18:49:31.287 INFO  [           main] [trace:] com.netflix.discovery.DiscoveryClient    : The response status is 200
2026-09-29 18:49:31.291 INFO  [           main] [trace:] com.netflix.discovery.DiscoveryClient    : Starting heartbeat executor: renew interval is: 30
2026-09-29 18:49:31.295 INFO  [           main] [trace:] c.n.discovery.InstanceInfoReplicator     : InstanceInfoReplicator onDemand update allowed rate per min is 4
2026-09-29 18:49:31.300 INFO  [           main] [trace:] com.netflix.discovery.DiscoveryClient    : Discovery Client initialized at timestamp 1790687971298 with initial instances count: 0
2026-09-29 18:49:31.307 INFO  [           main] [trace:] o.s.c.n.e.s.EurekaServiceRegistry        : Registering application API-GATEWAY with eureka with status UP
2026-09-29 18:49:31.309 INFO  [           main] [trace:] com.netflix.discovery.DiscoveryClient    : Saw local status change event StatusChangeEvent [timestamp=1790687971309, current=UP, previous=STARTING]
2026-09-29 18:49:31.313 INFO  [foReplicator-%d] [trace:] com.netflix.discovery.DiscoveryClient    : DiscoveryClient_API-GATEWAY/Sir-Amir:api-gateway:8083: registering service...
2026-09-29 18:49:31.656 INFO  [foReplicator-%d] [trace:] com.netflix.discovery.DiscoveryClient    : DiscoveryClient_API-GATEWAY/Sir-Amir:api-gateway:8083 - registration status: 204
2026-09-29 18:49:31.799 INFO  [           main] [trace:] o.s.b.web.embedded.netty.NettyWebServer  : Netty started on port 8083 (http)
2026-09-29 18:49:31.802 INFO  [           main] [trace:] .s.c.n.e.s.EurekaAutoServiceRegistration : Updating port to 8083
2026-09-29 18:49:32.809 INFO  [           main] [trace:] c.a.apigateway.ApiGatewayApplication     : Started ApiGatewayApplication in 13.044 seconds (process running for 14.404)
2026-09-29 18:49:32.820 WARN  [           main] [trace:] o.s.b.c.p.m.PropertiesMigrationListener  : 
The use of configuration keys that have been renamed was found in the environment:

Property source 'Config resource 'class path resource [application.properties]' via location 'optional:classpath:/'':
	Key: spring.cloud.gateway.globalcors.cors-configurations[/**].allowed-origins
		Line: 87
		Replacement: spring.cloud.gateway.server.webflux.globalcors.cors-configurations[/**].allowed-origins
	Key: spring.cloud.gateway.globalcors.cors-configurations[/**].allowed-methods
		Line: 88
		Replacement: spring.cloud.gateway.server.webflux.globalcors.cors-configurations[/**].allowed-methods
	Key: spring.cloud.gateway.globalcors.cors-configurations[/**].allowed-headers
		Line: 89
		Replacement: spring.cloud.gateway.server.webflux.globalcors.cors-configurations[/**].allowed-headers
	Key: spring.cloud.gateway.globalcors.cors-configurations[/**].allow-credentials
		Line: 90
		Replacement: spring.cloud.gateway.server.webflux.globalcors.cors-configurations[/**].allow-credentials


Each configuration key has been temporarily mapped to its replacement for your convenience. To silence this warning, please update your configuration to use the new keys.

2026-09-29 18:50:01.292 INFO  [reshExecutor-%d] [trace:] com.netflix.discovery.DiscoveryClient    : Disable delta property : false
2026-09-29 18:50:01.293 INFO  [reshExecutor-%d] [trace:] com.netflix.discovery.DiscoveryClient    : Single vip registry refresh property : null
2026-09-29 18:50:01.294 INFO  [reshExecutor-%d] [trace:] com.netflix.discovery.DiscoveryClient    : Force full registry fetch : false
2026-09-29 18:50:01.295 INFO  [reshExecutor-%d] [trace:] com.netflix.discovery.DiscoveryClient    : Application is null : false
2026-09-29 18:50:01.295 INFO  [reshExecutor-%d] [trace:] com.netflix.discovery.DiscoveryClient    : Registered Applications size is zero : true
2026-09-29 18:50:01.295 INFO  [reshExecutor-%d] [trace:] com.netflix.discovery.DiscoveryClient    : Application version is -1: false
2026-09-29 18:50:01.297 INFO  [reshExecutor-%d] [trace:] com.netflix.discovery.DiscoveryClient    : Getting all instance registry info from the eureka server
2026-09-29 18:50:01.370 INFO  [reshExecutor-%d] [trace:] com.netflix.discovery.DiscoveryClient    : The response status is 200
2026-09-29 18:52:24.776 DEBUG [ctor-http-nio-2] [trace:] c.a.a.filter.CorrelationIdGlobalFilter   : Assigned Correlation ID: AB-UI-Z73CFOLS to GET /api/flights
2026-09-29 18:52:24.788 INFO  [ctor-http-nio-2] [trace:] c.a.a.filter.JwtAuthenticationFilter     : Incoming Gateway Request: GET http://localhost:8083/api/flights
2026-09-29 18:52:24.792 WARN  [ctor-http-nio-2] [trace:] c.a.a.filter.AuthenticationFilter        : Unauthorized ingress attempt to secured path '/api/flights': Missing Authorization header
2026-09-29 18:52:37.299 DEBUG [ctor-http-nio-3] [trace:] c.a.a.filter.CorrelationIdGlobalFilter   : Assigned Correlation ID: AB-UI-XIMLIBUF to POST /api/auth/login
2026-09-29 18:52:37.299 INFO  [ctor-http-nio-3] [trace:] c.a.a.filter.JwtAuthenticationFilter     : Incoming Gateway Request: POST http://localhost:8083/api/auth/login
2026-09-29 18:52:37.458 DEBUG [ctor-http-nio-7] [trace:] c.a.a.filter.CorrelationIdGlobalFilter   : Assigned Correlation ID: AB-UI-LJH6PHIQ to GET /api/fares
2026-09-29 18:52:37.459 INFO  [ctor-http-nio-7] [trace:] c.a.a.filter.JwtAuthenticationFilter     : Incoming Gateway Request: GET http://localhost:8083/api/fares
2026-09-29 18:52:37.463 DEBUG [ctor-http-nio-8] [trace:] c.a.a.filter.CorrelationIdGlobalFilter   : Assigned Correlation ID: AB-UI-MWC1HT3Z to GET /api/bookings
2026-09-29 18:52:37.463 INFO  [ctor-http-nio-7] [trace:] c.a.a.filter.AuthenticationFilter        : Direct Admin Access active: Bypassing token validation for enhancement/dev mode on path '/api/fares'
2026-09-29 18:52:37.467 INFO  [ctor-http-nio-8] [trace:] c.a.a.filter.JwtAuthenticationFilter     : Incoming Gateway Request: GET http://localhost:8083/api/bookings
2026-09-29 18:52:37.474 INFO  [ctor-http-nio-8] [trace:] c.a.a.filter.AuthenticationFilter        : Direct Admin Access active: Bypassing token validation for enhancement/dev mode on path '/api/bookings'
2026-09-29 18:52:37.499 DEBUG [ctor-http-nio-4] [trace:] c.a.a.filter.CorrelationIdGlobalFilter   : Assigned Correlation ID: AB-UI-G8QDB9DH to GET /api/admin/aircrafts
2026-09-29 18:52:37.501 INFO  [ctor-http-nio-4] [trace:] c.a.a.filter.JwtAuthenticationFilter     : Incoming Gateway Request: GET http://localhost:8083/api/admin/aircrafts
2026-09-29 18:52:37.501 INFO  [ctor-http-nio-4] [trace:] c.a.a.filter.AuthenticationFilter        : Direct Admin Access active: Bypassing token validation for enhancement/dev mode on path '/api/admin/aircrafts'
2026-09-29 18:52:37.509 DEBUG [ctor-http-nio-5] [trace:] c.a.a.filter.CorrelationIdGlobalFilter   : Assigned Correlation ID: AB-UI-MDTXUHW2 to GET /api/flights
2026-09-29 18:52:37.512 INFO  [ctor-http-nio-5] [trace:] c.a.a.filter.JwtAuthenticationFilter     : Incoming Gateway Request: GET http://localhost:8083/api/flights
2026-09-29 18:52:37.517 INFO  [ctor-http-nio-5] [trace:] c.a.a.filter.AuthenticationFilter        : Direct Admin Access active: Bypassing token validation for enhancement/dev mode on path '/api/flights'
2026-09-29 18:52:37.552 DEBUG [ctor-http-nio-6] [trace:] c.a.a.filter.CorrelationIdGlobalFilter   : Assigned Correlation ID: AB-UI-051HXAFF to GET /api/v1/users
2026-09-29 18:52:37.561 INFO  [ctor-http-nio-6] [trace:] c.a.a.filter.JwtAuthenticationFilter     : Incoming Gateway Request: GET http://localhost:8083/api/v1/users
2026-09-29 18:52:37.565 INFO  [ctor-http-nio-6] [trace:] c.a.a.filter.AuthenticationFilter        : Direct Admin Access active: Bypassing token validation for enhancement/dev mode on path '/api/v1/users'
2026-09-29 18:54:15.736 DEBUG [ctor-http-nio-3] [trace:] c.a.a.filter.CorrelationIdGlobalFilter   : Assigned Correlation ID: AB-UI-U7F4W9QS to GET /api/notifications/user/3
2026-09-29 18:54:15.736 DEBUG [ctor-http-nio-6] [trace:] c.a.a.filter.CorrelationIdGlobalFilter   : Assigned Correlation ID: AB-UI-69FYOK2I to GET /api/v1/users/3
2026-09-29 18:54:15.736 DEBUG [ctor-http-nio-7] [trace:] c.a.a.filter.CorrelationIdGlobalFilter   : Assigned Correlation ID: AB-UI-HZEXEAMW to GET /api/bookings/user/3
2026-09-29 18:54:15.737 INFO  [ctor-http-nio-3] [trace:] c.a.a.filter.JwtAuthenticationFilter     : Incoming Gateway Request: GET http://localhost:8083/api/notifications/user/3
2026-09-29 18:54:15.737 INFO  [ctor-http-nio-6] [trace:] c.a.a.filter.JwtAuthenticationFilter     : Incoming Gateway Request: GET http://localhost:8083/api/v1/users/3
2026-09-29 18:54:15.737 INFO  [ctor-http-nio-7] [trace:] c.a.a.filter.JwtAuthenticationFilter     : Incoming Gateway Request: GET http://localhost:8083/api/bookings/user/3
2026-09-29 18:54:15.737 DEBUG [ctor-http-nio-8] [trace:] c.a.a.filter.CorrelationIdGlobalFilter   : Assigned Correlation ID: AB-UI-LOAQPF83 to GET /api/flights
2026-09-29 18:54:15.737 INFO  [ctor-http-nio-3] [trace:] c.a.a.filter.AuthenticationFilter        : Direct Customer Access active: Bypassing token validation on path '/api/notifications/user/3'
2026-09-29 18:54:15.738 INFO  [ctor-http-nio-6] [trace:] c.a.a.filter.AuthenticationFilter        : Direct Customer Access active: Bypassing token validation on path '/api/v1/users/3'
2026-09-29 18:54:15.738 INFO  [ctor-http-nio-7] [trace:] c.a.a.filter.AuthenticationFilter        : Direct Customer Access active: Bypassing token validation on path '/api/bookings/user/3'
2026-09-29 18:54:15.738 INFO  [ctor-http-nio-8] [trace:] c.a.a.filter.JwtAuthenticationFilter     : Incoming Gateway Request: GET http://localhost:8083/api/flights
2026-09-29 18:54:15.739 INFO  [ctor-http-nio-8] [trace:] c.a.a.filter.AuthenticationFilter        : Direct Customer Access active: Bypassing token validation on path '/api/flights'
2026-09-29 18:54:30.120 INFO  [rap-executor-%d] [trace:] c.n.d.s.r.aws.ConfigClusterResolver      : Resolving eureka endpoints via configuration
2026-09-29 18:55:13.333 DEBUG [ctor-http-nio-3] [trace:] c.a.a.filter.CorrelationIdGlobalFilter   : Assigned Correlation ID: AB-UI-U8QCX56H to POST /api/auth/login
2026-09-29 18:55:13.338 INFO  [ctor-http-nio-3] [trace:] c.a.a.filter.JwtAuthenticationFilter     : Incoming Gateway Request: POST http://localhost:8083/api/auth/login
2026-09-29 18:55:13.352 DEBUG [ctor-http-nio-8] [trace:] c.a.a.filter.CorrelationIdGlobalFilter   : Assigned Correlation ID: AB-UI-WM4M9WLV to GET /api/flights
2026-09-29 18:55:13.353 DEBUG [ctor-http-nio-7] [trace:] c.a.a.filter.CorrelationIdGlobalFilter   : Assigned Correlation ID: AB-UI-D8346SUL to GET /api/admin/aircrafts
2026-09-29 18:55:13.354 INFO  [ctor-http-nio-8] [trace:] c.a.a.filter.JwtAuthenticationFilter     : Incoming Gateway Request: GET http://localhost:8083/api/flights
2026-09-29 18:55:13.354 INFO  [ctor-http-nio-7] [trace:] c.a.a.filter.JwtAuthenticationFilter     : Incoming Gateway Request: GET http://localhost:8083/api/admin/aircrafts
2026-09-29 18:55:13.399 INFO  [ctor-http-nio-8] [trace:] c.a.a.filter.AuthenticationFilter        : Direct Admin Access active: Bypassing token validation for enhancement/dev mode on path '/api/flights'
2026-09-29 18:55:13.354 DEBUG [ctor-http-nio-6] [trace:] c.a.a.filter.CorrelationIdGlobalFilter   : Assigned Correlation ID: AB-UI-U5A1Y4MA to GET /api/bookings
2026-09-29 18:55:13.401 DEBUG [ctor-http-nio-4] [trace:] c.a.a.filter.CorrelationIdGlobalFilter   : Assigned Correlation ID: AB-UI-TPB9ENFC to GET /api/fares
2026-09-29 18:55:13.405 INFO  [ctor-http-nio-6] [trace:] c.a.a.filter.JwtAuthenticationFilter     : Incoming Gateway Request: GET http://localhost:8083/api/bookings
2026-09-29 18:55:13.401 DEBUG [ctor-http-nio-5] [trace:] c.a.a.filter.CorrelationIdGlobalFilter   : Assigned Correlation ID: AB-UI-LPNUG1V3 to GET /api/v1/users
2026-09-29 18:55:13.402 INFO  [ctor-http-nio-7] [trace:] c.a.a.filter.AuthenticationFilter        : Direct Admin Access active: Bypassing token validation for enhancement/dev mode on path '/api/admin/aircrafts'
2026-09-29 18:55:13.405 INFO  [ctor-http-nio-4] [trace:] c.a.a.filter.JwtAuthenticationFilter     : Incoming Gateway Request: GET http://localhost:8083/api/fares
2026-09-29 18:55:13.406 INFO  [ctor-http-nio-5] [trace:] c.a.a.filter.JwtAuthenticationFilter     : Incoming Gateway Request: GET http://localhost:8083/api/v1/users
2026-09-29 18:55:13.406 INFO  [ctor-http-nio-6] [trace:] c.a.a.filter.AuthenticationFilter        : Direct Admin Access active: Bypassing token validation for enhancement/dev mode on path '/api/bookings'
2026-09-29 18:55:13.406 INFO  [ctor-http-nio-4] [trace:] c.a.a.filter.AuthenticationFilter        : Direct Admin Access active: Bypassing token validation for enhancement/dev mode on path '/api/fares'
2026-09-29 18:55:13.407 INFO  [ctor-http-nio-5] [trace:] c.a.a.filter.AuthenticationFilter        : Direct Admin Access active: Bypassing token validation for enhancement/dev mode on path '/api/v1/users'
2026-09-29 18:59:30.126 INFO  [rap-executor-%d] [trace:] c.n.d.s.r.aws.ConfigClusterResolver      : Resolving eureka endpoints via configuration
2026-09-29 19:04:30.139 INFO  [rap-executor-%d] [trace:] c.n.d.s.r.aws.ConfigClusterResolver      : Resolving eureka endpoints via configuration
2026-09-29 19:09:30.145 INFO  [rap-executor-%d] [trace:] c.n.d.s.r.aws.ConfigClusterResolver      : Resolving eureka endpoints via configuration
2026-09-29 19:14:30.153 INFO  [rap-executor-%d] [trace:] c.n.d.s.r.aws.ConfigClusterResolver      : Resolving eureka endpoints via configuration
2026-09-29 19:15:14.677 DEBUG [ctor-http-nio-9] [trace:] c.a.a.filter.CorrelationIdGlobalFilter   : Assigned Correlation ID: AB-UI-JM90G0LG to GET /api/admin/aircrafts
2026-09-29 19:15:14.677 DEBUG [tor-http-nio-10] [trace:] c.a.a.filter.CorrelationIdGlobalFilter   : Assigned Correlation ID: AB-UI-2220KCVR to GET /api/flights
2026-09-29 19:15:14.677 INFO  [ctor-http-nio-9] [trace:] c.a.a.filter.JwtAuthenticationFilter     : Incoming Gateway Request: GET http://localhost:8083/api/admin/aircrafts
2026-09-29 19:15:14.678 DEBUG [ctor-http-nio-8] [trace:] c.a.a.filter.CorrelationIdGlobalFilter   : Assigned Correlation ID: AB-UI-2CZXEFSP to GET /api/v1/users
2026-09-29 19:15:14.678 INFO  [ctor-http-nio-9] [trace:] c.a.a.filter.AuthenticationFilter        : Direct Admin Access active: Bypassing token validation for enhancement/dev mode on path '/api/admin/aircrafts'
2026-09-29 19:15:14.678 INFO  [tor-http-nio-10] [trace:] c.a.a.filter.JwtAuthenticationFilter     : Incoming Gateway Request: GET http://localhost:8083/api/flights
2026-09-29 19:15:14.678 INFO  [ctor-http-nio-8] [trace:] c.a.a.filter.JwtAuthenticationFilter     : Incoming Gateway Request: GET http://localhost:8083/api/v1/users
2026-09-29 19:15:14.680 DEBUG [ctor-http-nio-7] [trace:] c.a.a.filter.CorrelationIdGlobalFilter   : Assigned Correlation ID: AB-UI-11HA0GI2 to GET /api/bookings
2026-09-29 19:15:14.680 INFO  [ctor-http-nio-8] [trace:] c.a.a.filter.AuthenticationFilter        : Direct Admin Access active: Bypassing token validation for enhancement/dev mode on path '/api/v1/users'
2026-09-29 19:15:14.679 INFO  [tor-http-nio-10] [trace:] c.a.a.filter.AuthenticationFilter        : Direct Admin Access active: Bypassing token validation for enhancement/dev mode on path '/api/flights'
2026-09-29 19:15:14.680 INFO  [ctor-http-nio-7] [trace:] c.a.a.filter.JwtAuthenticationFilter     : Incoming Gateway Request: GET http://localhost:8083/api/bookings
2026-09-29 19:15:14.681 INFO  [ctor-http-nio-7] [trace:] c.a.a.filter.AuthenticationFilter        : Direct Admin Access active: Bypassing token validation for enhancement/dev mode on path '/api/bookings'
2026-09-29 19:15:14.685 DEBUG [tor-http-nio-11] [trace:] c.a.a.filter.CorrelationIdGlobalFilter   : Assigned Correlation ID: AB-UI-4GGM600X to GET /api/fares
2026-09-29 19:15:14.686 INFO  [tor-http-nio-11] [trace:] c.a.a.filter.JwtAuthenticationFilter     : Incoming Gateway Request: GET http://localhost:8083/api/fares
2026-09-29 19:15:14.689 INFO  [tor-http-nio-11] [trace:] c.a.a.filter.AuthenticationFilter        : Direct Admin Access active: Bypassing token validation for enhancement/dev mode on path '/api/fares'
2026-09-29 19:19:30.157 INFO  [rap-executor-%d] [trace:] c.n.d.s.r.aws.ConfigClusterResolver      : Resolving eureka endpoints via configuration
2026-09-29 19:21:03.228 DEBUG [ctor-http-nio-2] [trace:] c.a.a.filter.CorrelationIdGlobalFilter   : Assigned Correlation ID: AB-UI-QLMHRFPX to GET /api/flights
2026-09-29 19:21:03.228 DEBUG [ctor-http-nio-3] [trace:] c.a.a.filter.CorrelationIdGlobalFilter   : Assigned Correlation ID: AB-UI-9QET6KXK to GET /api/admin/aircrafts
2026-09-29 19:21:03.229 INFO  [ctor-http-nio-2] [trace:] c.a.a.filter.JwtAuthenticationFilter     : Incoming Gateway Request: GET http://localhost:8083/api/flights
2026-09-29 19:21:03.230 INFO  [ctor-http-nio-3] [trace:] c.a.a.filter.JwtAuthenticationFilter     : Incoming Gateway Request: GET http://localhost:8083/api/admin/aircrafts
2026-09-29 19:21:03.230 INFO  [ctor-http-nio-2] [trace:] c.a.a.filter.AuthenticationFilter        : Direct Admin Access active: Bypassing token validation for enhancement/dev mode on path '/api/flights'
2026-09-29 19:21:03.230 INFO  [ctor-http-nio-3] [trace:] c.a.a.filter.AuthenticationFilter        : Direct Admin Access active: Bypassing token validation for enhancement/dev mode on path '/api/admin/aircrafts'
2026-09-29 19:21:03.231 DEBUG [ctor-http-nio-4] [trace:] c.a.a.filter.CorrelationIdGlobalFilter   : Assigned Correlation ID: AB-UI-R5LPVKL2 to GET /api/bookings
2026-09-29 19:21:03.233 INFO  [ctor-http-nio-4] [trace:] c.a.a.filter.JwtAuthenticationFilter     : Incoming Gateway Request: GET http://localhost:8083/api/bookings
2026-09-29 19:21:03.233 INFO  [ctor-http-nio-4] [trace:] c.a.a.filter.AuthenticationFilter        : Direct Admin Access active: Bypassing token validation for enhancement/dev mode on path '/api/bookings'
2026-09-29 19:21:03.232 DEBUG [tor-http-nio-12] [trace:] c.a.a.filter.CorrelationIdGlobalFilter   : Assigned Correlation ID: AB-UI-5NTA9UK2 to GET /api/v1/users
2026-09-29 19:21:03.239 INFO  [tor-http-nio-12] [trace:] c.a.a.filter.JwtAuthenticationFilter     : Incoming Gateway Request: GET http://localhost:8083/api/v1/users
2026-09-29 19:21:03.241 INFO  [tor-http-nio-12] [trace:] c.a.a.filter.AuthenticationFilter        : Direct Admin Access active: Bypassing token validation for enhancement/dev mode on path '/api/v1/users'
2026-09-29 19:21:03.242 DEBUG [ctor-http-nio-1] [trace:] c.a.a.filter.CorrelationIdGlobalFilter   : Assigned Correlation ID: AB-UI-BLL74NQQ to GET /api/fares
2026-09-29 19:21:03.245 INFO  [ctor-http-nio-1] [trace:] c.a.a.filter.JwtAuthenticationFilter     : Incoming Gateway Request: GET http://localhost:8083/api/fares
2026-09-29 19:21:03.248 INFO  [ctor-http-nio-1] [trace:] c.a.a.filter.AuthenticationFilter        : Direct Admin Access active: Bypassing token validation for enhancement/dev mode on path '/api/fares'
2026-09-29 19:21:20.170 DEBUG [ctor-http-nio-3] [trace:] c.a.a.filter.CorrelationIdGlobalFilter   : Assigned Correlation ID: AB-UI-QQCTQGQX to GET /api/flights
2026-09-29 19:21:20.171 DEBUG [ctor-http-nio-1] [trace:] c.a.a.filter.CorrelationIdGlobalFilter   : Assigned Correlation ID: AB-UI-V7HOW2Y0 to GET /api/bookings
2026-09-29 19:21:20.172 DEBUG [tor-http-nio-12] [trace:] c.a.a.filter.CorrelationIdGlobalFilter   : Assigned Correlation ID: AB-UI-UTUTM5Y2 to GET /api/admin/aircrafts
2026-09-29 19:21:20.171 DEBUG [ctor-http-nio-4] [trace:] c.a.a.filter.CorrelationIdGlobalFilter   : Assigned Correlation ID: AB-UI-64UWJEJT to GET /api/v1/users
2026-09-29 19:21:20.171 INFO  [ctor-http-nio-3] [trace:] c.a.a.filter.JwtAuthenticationFilter     : Incoming Gateway Request: GET http://localhost:8083/api/flights
2026-09-29 19:21:20.172 INFO  [ctor-http-nio-1] [trace:] c.a.a.filter.JwtAuthenticationFilter     : Incoming Gateway Request: GET http://localhost:8083/api/bookings
2026-09-29 19:21:20.173 INFO  [tor-http-nio-12] [trace:] c.a.a.filter.JwtAuthenticationFilter     : Incoming Gateway Request: GET http://localhost:8083/api/admin/aircrafts
2026-09-29 19:21:20.174 DEBUG [ctor-http-nio-2] [trace:] c.a.a.filter.CorrelationIdGlobalFilter   : Assigned Correlation ID: AB-UI-7I4B278G to GET /api/fares
2026-09-29 19:21:20.174 INFO  [ctor-http-nio-4] [trace:] c.a.a.filter.JwtAuthenticationFilter     : Incoming Gateway Request: GET http://localhost:8083/api/v1/users
2026-09-29 19:21:20.175 INFO  [tor-http-nio-12] [trace:] c.a.a.filter.AuthenticationFilter        : Direct Admin Access active: Bypassing token validation for enhancement/dev mode on path '/api/admin/aircrafts'
2026-09-29 19:21:20.176 INFO  [ctor-http-nio-4] [trace:] c.a.a.filter.AuthenticationFilter        : Direct Admin Access active: Bypassing token validation for enhancement/dev mode on path '/api/v1/users'
2026-09-29 19:21:20.174 INFO  [ctor-http-nio-3] [trace:] c.a.a.filter.AuthenticationFilter        : Direct Admin Access active: Bypassing token validation for enhancement/dev mode on path '/api/flights'
2026-09-29 19:21:20.175 INFO  [ctor-http-nio-1] [trace:] c.a.a.filter.AuthenticationFilter        : Direct Admin Access active: Bypassing token validation for enhancement/dev mode on path '/api/bookings'
2026-09-29 19:21:20.176 INFO  [ctor-http-nio-2] [trace:] c.a.a.filter.JwtAuthenticationFilter     : Incoming Gateway Request: GET http://localhost:8083/api/fares
2026-09-29 19:21:20.179 INFO  [ctor-http-nio-2] [trace:] c.a.a.filter.AuthenticationFilter        : Direct Admin Access active: Bypassing token validation for enhancement/dev mode on path '/api/fares'
2026-09-29 19:22:28.035 DEBUG [ctor-http-nio-7] [trace:] c.a.a.filter.CorrelationIdGlobalFilter   : Assigned Correlation ID: AB-UI-EKB3YDBP to GET /api/flights
2026-09-29 19:22:28.036 DEBUG [ctor-http-nio-5] [trace:] c.a.a.filter.CorrelationIdGlobalFilter   : Assigned Correlation ID: AB-UI-934T3F3H to GET /api/admin/aircrafts
2026-09-29 19:22:28.036 INFO  [ctor-http-nio-7] [trace:] c.a.a.filter.JwtAuthenticationFilter     : Incoming Gateway Request: GET http://localhost:8083/api/flights
2026-09-29 19:22:28.036 DEBUG [ctor-http-nio-8] [trace:] c.a.a.filter.CorrelationIdGlobalFilter   : Assigned Correlation ID: AB-UI-JLLY07U6 to GET /api/v1/users
2026-09-29 19:22:28.036 INFO  [ctor-http-nio-5] [trace:] c.a.a.filter.JwtAuthenticationFilter     : Incoming Gateway Request: GET http://localhost:8083/api/admin/aircrafts
2026-09-29 19:22:28.037 INFO  [ctor-http-nio-5] [trace:] c.a.a.filter.AuthenticationFilter        : Direct Admin Access active: Bypassing token validation for enhancement/dev mode on path '/api/admin/aircrafts'
2026-09-29 19:22:28.036 DEBUG [ctor-http-nio-9] [trace:] c.a.a.filter.CorrelationIdGlobalFilter   : Assigned Correlation ID: AB-UI-MHIS4GMZ to GET /api/bookings
2026-09-29 19:22:28.037 INFO  [ctor-http-nio-7] [trace:] c.a.a.filter.AuthenticationFilter        : Direct Admin Access active: Bypassing token validation for enhancement/dev mode on path '/api/flights'
2026-09-29 19:22:28.037 INFO  [ctor-http-nio-8] [trace:] c.a.a.filter.JwtAuthenticationFilter     : Incoming Gateway Request: GET http://localhost:8083/api/v1/users
2026-09-29 19:22:28.039 INFO  [ctor-http-nio-8] [trace:] c.a.a.filter.AuthenticationFilter        : Direct Admin Access active: Bypassing token validation for enhancement/dev mode on path '/api/v1/users'
2026-09-29 19:22:28.038 INFO  [ctor-http-nio-9] [trace:] c.a.a.filter.JwtAuthenticationFilter     : Incoming Gateway Request: GET http://localhost:8083/api/bookings
2026-09-29 19:22:28.040 INFO  [ctor-http-nio-9] [trace:] c.a.a.filter.AuthenticationFilter        : Direct Admin Access active: Bypassing token validation for enhancement/dev mode on path '/api/bookings'
2026-09-29 19:22:28.042 DEBUG [ctor-http-nio-6] [trace:] c.a.a.filter.CorrelationIdGlobalFilter   : Assigned Correlation ID: AB-UI-3IL999T5 to GET /api/fares
2026-09-29 19:22:28.042 INFO  [ctor-http-nio-6] [trace:] c.a.a.filter.JwtAuthenticationFilter     : Incoming Gateway Request: GET http://localhost:8083/api/fares
2026-09-29 19:22:28.043 INFO  [ctor-http-nio-6] [trace:] c.a.a.filter.AuthenticationFilter        : Direct Admin Access active: Bypassing token validation for enhancement/dev mode on path '/api/fares'
2026-09-29 19:22:40.024 DEBUG [ctor-http-nio-5] [trace:] c.a.a.filter.CorrelationIdGlobalFilter   : Assigned Correlation ID: AB-UI-5IH6K9P3 to GET /api/admin/aircrafts
2026-09-29 19:22:40.024 DEBUG [ctor-http-nio-6] [trace:] c.a.a.filter.CorrelationIdGlobalFilter   : Assigned Correlation ID: AB-UI-QRA0OPDQ to GET /api/flights
2026-09-29 19:22:40.024 DEBUG [ctor-http-nio-8] [trace:] c.a.a.filter.CorrelationIdGlobalFilter   : Assigned Correlation ID: AB-UI-OAQBWSRA to GET /api/bookings
2026-09-29 19:22:40.024 DEBUG [ctor-http-nio-9] [trace:] c.a.a.filter.CorrelationIdGlobalFilter   : Assigned Correlation ID: AB-UI-LWCTLGW9 to GET /api/v1/users
2026-09-29 19:22:40.024 INFO  [ctor-http-nio-5] [trace:] c.a.a.filter.JwtAuthenticationFilter     : Incoming Gateway Request: GET http://localhost:8083/api/admin/aircrafts
2026-09-29 19:22:40.025 INFO  [ctor-http-nio-6] [trace:] c.a.a.filter.JwtAuthenticationFilter     : Incoming Gateway Request: GET http://localhost:8083/api/flights
2026-09-29 19:22:40.025 INFO  [ctor-http-nio-8] [trace:] c.a.a.filter.JwtAuthenticationFilter     : Incoming Gateway Request: GET http://localhost:8083/api/bookings
2026-09-29 19:22:40.025 INFO  [ctor-http-nio-9] [trace:] c.a.a.filter.JwtAuthenticationFilter     : Incoming Gateway Request: GET http://localhost:8083/api/v1/users
2026-09-29 19:22:40.026 INFO  [ctor-http-nio-5] [trace:] c.a.a.filter.AuthenticationFilter        : Direct Admin Access active: Bypassing token validation for enhancement/dev mode on path '/api/admin/aircrafts'
2026-09-29 19:22:40.026 INFO  [ctor-http-nio-6] [trace:] c.a.a.filter.AuthenticationFilter        : Direct Admin Access active: Bypassing token validation for enhancement/dev mode on path '/api/flights'
2026-09-29 19:22:40.026 INFO  [ctor-http-nio-8] [trace:] c.a.a.filter.AuthenticationFilter        : Direct Admin Access active: Bypassing token validation for enhancement/dev mode on path '/api/bookings'
2026-09-29 19:22:40.026 INFO  [ctor-http-nio-9] [trace:] c.a.a.filter.AuthenticationFilter        : Direct Admin Access active: Bypassing token validation for enhancement/dev mode on path '/api/v1/users'
2026-09-29 19:22:40.033 DEBUG [ctor-http-nio-7] [trace:] c.a.a.filter.CorrelationIdGlobalFilter   : Assigned Correlation ID: AB-UI-ZCPAOT3G to GET /api/fares
2026-09-29 19:22:40.033 INFO  [ctor-http-nio-7] [trace:] c.a.a.filter.JwtAuthenticationFilter     : Incoming Gateway Request: GET http://localhost:8083/api/fares
2026-09-29 19:22:40.034 INFO  [ctor-http-nio-7] [trace:] c.a.a.filter.AuthenticationFilter        : Direct Admin Access active: Bypassing token validation for enhancement/dev mode on path '/api/fares'
2026-09-29 19:22:56.026 DEBUG [ctor-http-nio-6] [trace:] c.a.a.filter.CorrelationIdGlobalFilter   : Assigned Correlation ID: AB-UI-IDN59Q04 to GET /api/flights
2026-09-29 19:22:56.026 DEBUG [ctor-http-nio-5] [trace:] c.a.a.filter.CorrelationIdGlobalFilter   : Assigned Correlation ID: AB-UI-8U43J5WT to GET /api/admin/aircrafts
2026-09-29 19:22:56.026 DEBUG [ctor-http-nio-7] [trace:] c.a.a.filter.CorrelationIdGlobalFilter   : Assigned Correlation ID: AB-UI-EAM0VZAE to GET /api/bookings
2026-09-29 19:22:56.026 DEBUG [ctor-http-nio-8] [trace:] c.a.a.filter.CorrelationIdGlobalFilter   : Assigned Correlation ID: AB-UI-31MRQPUE to GET /api/v1/users
2026-09-29 19:22:56.029 INFO  [ctor-http-nio-6] [trace:] c.a.a.filter.JwtAuthenticationFilter     : Incoming Gateway Request: GET http://localhost:8083/api/flights
2026-09-29 19:22:56.029 INFO  [ctor-http-nio-5] [trace:] c.a.a.filter.JwtAuthenticationFilter     : Incoming Gateway Request: GET http://localhost:8083/api/admin/aircrafts
2026-09-29 19:22:56.029 INFO  [ctor-http-nio-7] [trace:] c.a.a.filter.JwtAuthenticationFilter     : Incoming Gateway Request: GET http://localhost:8083/api/bookings
2026-09-29 19:22:56.030 INFO  [ctor-http-nio-8] [trace:] c.a.a.filter.JwtAuthenticationFilter     : Incoming Gateway Request: GET http://localhost:8083/api/v1/users
2026-09-29 19:22:56.030 INFO  [ctor-http-nio-6] [trace:] c.a.a.filter.AuthenticationFilter        : Direct Admin Access active: Bypassing token validation for enhancement/dev mode on path '/api/flights'
2026-09-29 19:22:56.030 INFO  [ctor-http-nio-5] [trace:] c.a.a.filter.AuthenticationFilter        : Direct Admin Access active: Bypassing token validation for enhancement/dev mode on path '/api/admin/aircrafts'
2026-09-29 19:22:56.030 DEBUG [ctor-http-nio-9] [trace:] c.a.a.filter.CorrelationIdGlobalFilter   : Assigned Correlation ID: AB-UI-Z60O2EW4 to GET /api/fares
2026-09-29 19:22:56.030 INFO  [ctor-http-nio-7] [trace:] c.a.a.filter.AuthenticationFilter        : Direct Admin Access active: Bypassing token validation for enhancement/dev mode on path '/api/bookings'
2026-09-29 19:22:56.031 INFO  [ctor-http-nio-8] [trace:] c.a.a.filter.AuthenticationFilter        : Direct Admin Access active: Bypassing token validation for enhancement/dev mode on path '/api/v1/users'
2026-09-29 19:22:56.031 INFO  [ctor-http-nio-9] [trace:] c.a.a.filter.JwtAuthenticationFilter     : Incoming Gateway Request: GET http://localhost:8083/api/fares
2026-09-29 19:22:56.038 INFO  [ctor-http-nio-9] [trace:] c.a.a.filter.AuthenticationFilter        : Direct Admin Access active: Bypassing token validation for enhancement/dev mode on path '/api/fares'
2026-09-29 19:23:14.148 DEBUG [ctor-http-nio-8] [trace:] c.a.a.filter.CorrelationIdGlobalFilter   : Assigned Correlation ID: AB-UI-5X9NNILK to GET /api/notifications/user/3
2026-09-29 19:23:14.148 DEBUG [ctor-http-nio-7] [trace:] c.a.a.filter.CorrelationIdGlobalFilter   : Assigned Correlation ID: AB-UI-UD83JW1G to GET /api/bookings/user/3
2026-09-29 19:23:14.149 INFO  [ctor-http-nio-8] [trace:] c.a.a.filter.JwtAuthenticationFilter     : Incoming Gateway Request: GET http://localhost:8083/api/notifications/user/3
2026-09-29 19:23:14.148 DEBUG [ctor-http-nio-5] [trace:] c.a.a.filter.CorrelationIdGlobalFilter   : Assigned Correlation ID: AB-UI-A6VJEJA3 to GET /api/v1/users/3
2026-09-29 19:23:14.148 DEBUG [ctor-http-nio-9] [trace:] c.a.a.filter.CorrelationIdGlobalFilter   : Assigned Correlation ID: AB-UI-7XDHH0M7 to GET /api/flights
2026-09-29 19:23:14.149 INFO  [ctor-http-nio-7] [trace:] c.a.a.filter.JwtAuthenticationFilter     : Incoming Gateway Request: GET http://localhost:8083/api/bookings/user/3
2026-09-29 19:23:14.149 INFO  [ctor-http-nio-5] [trace:] c.a.a.filter.JwtAuthenticationFilter     : Incoming Gateway Request: GET http://localhost:8083/api/v1/users/3
2026-09-29 19:23:14.150 INFO  [ctor-http-nio-7] [trace:] c.a.a.filter.AuthenticationFilter        : Direct Customer Access active: Bypassing token validation on path '/api/bookings/user/3'
2026-09-29 19:23:14.149 INFO  [ctor-http-nio-8] [trace:] c.a.a.filter.AuthenticationFilter        : Direct Customer Access active: Bypassing token validation on path '/api/notifications/user/3'
2026-09-29 19:23:14.149 INFO  [ctor-http-nio-9] [trace:] c.a.a.filter.JwtAuthenticationFilter     : Incoming Gateway Request: GET http://localhost:8083/api/flights
2026-09-29 19:23:14.150 INFO  [ctor-http-nio-5] [trace:] c.a.a.filter.AuthenticationFilter        : Direct Customer Access active: Bypassing token validation on path '/api/v1/users/3'
2026-09-29 19:23:14.150 INFO  [ctor-http-nio-9] [trace:] c.a.a.filter.AuthenticationFilter        : Direct Customer Access active: Bypassing token validation on path '/api/flights'
2026-09-29 19:23:15.493 DEBUG [ctor-http-nio-5] [trace:] c.a.a.filter.CorrelationIdGlobalFilter   : Assigned Correlation ID: AB-UI-KUYWFJH0 to POST /api/auth/login
2026-09-29 19:23:15.502 INFO  [ctor-http-nio-5] [trace:] c.a.a.filter.JwtAuthenticationFilter     : Incoming Gateway Request: POST http://localhost:8083/api/auth/login
2026-09-29 19:23:15.512 DEBUG [ctor-http-nio-8] [trace:] c.a.a.filter.CorrelationIdGlobalFilter   : Assigned Correlation ID: AB-UI-R99M9XL9 to GET /api/flights
2026-09-29 19:23:15.521 INFO  [ctor-http-nio-8] [trace:] c.a.a.filter.JwtAuthenticationFilter     : Incoming Gateway Request: GET http://localhost:8083/api/flights
2026-09-29 19:23:15.521 DEBUG [ctor-http-nio-6] [trace:] c.a.a.filter.CorrelationIdGlobalFilter   : Assigned Correlation ID: AB-UI-OBBVI5N6 to GET /api/bookings
2026-09-29 19:23:15.521 DEBUG [ctor-http-nio-7] [trace:] c.a.a.filter.CorrelationIdGlobalFilter   : Assigned Correlation ID: AB-UI-9PC7B1E0 to GET /api/fares
2026-09-29 19:23:15.522 DEBUG [tor-http-nio-10] [trace:] c.a.a.filter.CorrelationIdGlobalFilter   : Assigned Correlation ID: AB-UI-IPORGZ5M to GET /api/v1/users
2026-09-29 19:23:15.530 INFO  [tor-http-nio-10] [trace:] c.a.a.filter.JwtAuthenticationFilter     : Incoming Gateway Request: GET http://localhost:8083/api/v1/users
2026-09-29 19:23:15.531 INFO  [tor-http-nio-10] [trace:] c.a.a.filter.AuthenticationFilter        : Direct Admin Access active: Bypassing token validation for enhancement/dev mode on path '/api/v1/users'
2026-09-29 19:23:15.523 DEBUG [ctor-http-nio-9] [trace:] c.a.a.filter.CorrelationIdGlobalFilter   : Assigned Correlation ID: AB-UI-KXAGY39O to GET /api/admin/aircrafts
2026-09-29 19:23:15.527 INFO  [ctor-http-nio-8] [trace:] c.a.a.filter.AuthenticationFilter        : Direct Admin Access active: Bypassing token validation for enhancement/dev mode on path '/api/flights'
2026-09-29 19:23:15.529 INFO  [ctor-http-nio-6] [trace:] c.a.a.filter.JwtAuthenticationFilter     : Incoming Gateway Request: GET http://localhost:8083/api/bookings
2026-09-29 19:23:15.544 INFO  [ctor-http-nio-6] [trace:] c.a.a.filter.AuthenticationFilter        : Direct Admin Access active: Bypassing token validation for enhancement/dev mode on path '/api/bookings'
2026-09-29 19:23:15.529 INFO  [ctor-http-nio-7] [trace:] c.a.a.filter.JwtAuthenticationFilter     : Incoming Gateway Request: GET http://localhost:8083/api/fares
2026-09-29 19:23:15.550 INFO  [ctor-http-nio-7] [trace:] c.a.a.filter.AuthenticationFilter        : Direct Admin Access active: Bypassing token validation for enhancement/dev mode on path '/api/fares'
2026-09-29 19:23:15.543 INFO  [ctor-http-nio-9] [trace:] c.a.a.filter.JwtAuthenticationFilter     : Incoming Gateway Request: GET http://localhost:8083/api/admin/aircrafts
2026-09-29 19:23:15.552 INFO  [ctor-http-nio-9] [trace:] c.a.a.filter.AuthenticationFilter        : Direct Admin Access active: Bypassing token validation for enhancement/dev mode on path '/api/admin/aircrafts'
2026-09-29 19:23:16.829 DEBUG [ctor-http-nio-9] [trace:] c.a.a.filter.CorrelationIdGlobalFilter   : Assigned Correlation ID: AB-UI-LVBK0HMO to GET /api/flights
2026-09-29 19:23:16.830 INFO  [ctor-http-nio-9] [trace:] c.a.a.filter.JwtAuthenticationFilter     : Incoming Gateway Request: GET http://localhost:8083/api/flights
2026-09-29 19:23:16.831 INFO  [ctor-http-nio-9] [trace:] c.a.a.filter.AuthenticationFilter        : Direct Admin Access active: Bypassing token validation for enhancement/dev mode on path '/api/flights'
2026-09-29 19:23:16.837 DEBUG [ctor-http-nio-5] [trace:] c.a.a.filter.CorrelationIdGlobalFilter   : Assigned Correlation ID: AB-UI-S1TIL2XZ to GET /api/check-ins
2026-09-29 19:23:16.837 INFO  [ctor-http-nio-5] [trace:] c.a.a.filter.JwtAuthenticationFilter     : Incoming Gateway Request: GET http://localhost:8083/api/check-ins
2026-09-29 19:23:16.851 INFO  [ctor-http-nio-5] [trace:] c.a.a.filter.AuthenticationFilter        : Direct Admin Access active: Bypassing token validation for enhancement/dev mode on path '/api/check-ins'
2026-09-29 19:23:16.912 DEBUG [ctor-http-nio-9] [trace:] c.a.a.filter.CorrelationIdGlobalFilter   : Assigned Correlation ID: AB-UI-UMJR92FW to GET /api/bookings/flight/1
2026-09-29 19:23:16.916 INFO  [ctor-http-nio-9] [trace:] c.a.a.filter.JwtAuthenticationFilter     : Incoming Gateway Request: GET http://localhost:8083/api/bookings/flight/1
2026-09-29 19:23:16.918 INFO  [ctor-http-nio-9] [trace:] c.a.a.filter.AuthenticationFilter        : Direct Admin Access active: Bypassing token validation for enhancement/dev mode on path '/api/bookings/flight/1'
2026-09-29 19:24:13.779 DEBUG [ctor-http-nio-5] [trace:] c.a.a.filter.CorrelationIdGlobalFilter   : Assigned Correlation ID: AB-UI-L44L58PW to PUT /api/flights/1/status
2026-09-29 19:24:13.779 INFO  [ctor-http-nio-5] [trace:] c.a.a.filter.JwtAuthenticationFilter     : Incoming Gateway Request: PUT http://localhost:8083/api/flights/1/status?status=BOARDING
2026-09-29 19:24:13.780 INFO  [ctor-http-nio-5] [trace:] c.a.a.filter.AuthenticationFilter        : Direct Admin Access active: Bypassing token validation for enhancement/dev mode on path '/api/flights/1/status'
2026-09-29 19:24:14.449 DEBUG [ctor-http-nio-5] [trace:] c.a.a.filter.CorrelationIdGlobalFilter   : Assigned Correlation ID: AB-UI-LZNFXCE4 to PUT /api/flights/1/status
2026-09-29 19:24:14.449 INFO  [ctor-http-nio-5] [trace:] c.a.a.filter.JwtAuthenticationFilter     : Incoming Gateway Request: PUT http://localhost:8083/api/flights/1/status?status=DEPARTED
2026-09-29 19:24:14.450 INFO  [ctor-http-nio-5] [trace:] c.a.a.filter.AuthenticationFilter        : Direct Admin Access active: Bypassing token validation for enhancement/dev mode on path '/api/flights/1/status'
2026-09-29 19:24:30.162 INFO  [rap-executor-%d] [trace:] c.n.d.s.r.aws.ConfigClusterResolver      : Resolving eureka endpoints via configuration
2026-09-29 19:27:47.512 DEBUG [ctor-http-nio-5] [trace:] c.a.a.filter.CorrelationIdGlobalFilter   : Assigned Correlation ID: AB-UI-W4N0MX9H to GET /api/check-ins
2026-09-29 19:27:47.512 DEBUG [ctor-http-nio-9] [trace:] c.a.a.filter.CorrelationIdGlobalFilter   : Assigned Correlation ID: AB-UI-INUKD76K to GET /api/flights
2026-09-29 19:27:47.513 INFO  [ctor-http-nio-5] [trace:] c.a.a.filter.JwtAuthenticationFilter     : Incoming Gateway Request: GET http://localhost:8083/api/check-ins
2026-09-29 19:27:47.514 INFO  [ctor-http-nio-9] [trace:] c.a.a.filter.JwtAuthenticationFilter     : Incoming Gateway Request: GET http://localhost:8083/api/flights
2026-09-29 19:27:47.514 INFO  [ctor-http-nio-5] [trace:] c.a.a.filter.AuthenticationFilter        : Direct Admin Access active: Bypassing token validation for enhancement/dev mode on path '/api/check-ins'
2026-09-29 19:27:47.514 INFO  [ctor-http-nio-9] [trace:] c.a.a.filter.AuthenticationFilter        : Direct Admin Access active: Bypassing token validation for enhancement/dev mode on path '/api/flights'
2026-09-29 19:27:47.601 DEBUG [ctor-http-nio-5] [trace:] c.a.a.filter.CorrelationIdGlobalFilter   : Assigned Correlation ID: AB-UI-3JHO5MA3 to GET /api/bookings/flight/1
2026-09-29 19:27:47.602 INFO  [ctor-http-nio-5] [trace:] c.a.a.filter.JwtAuthenticationFilter     : Incoming Gateway Request: GET http://localhost:8083/api/bookings/flight/1
2026-09-29 19:27:47.602 INFO  [ctor-http-nio-5] [trace:] c.a.a.filter.AuthenticationFilter        : Direct Admin Access active: Bypassing token validation for enhancement/dev mode on path '/api/bookings/flight/1'
2026-09-29 19:28:15.435 DEBUG [ctor-http-nio-7] [trace:] c.a.a.filter.CorrelationIdGlobalFilter   : Assigned Correlation ID: AB-UI-H6RYJM75 to GET /api/v1/users/3
2026-09-29 19:28:15.436 DEBUG [ctor-http-nio-6] [trace:] c.a.a.filter.CorrelationIdGlobalFilter   : Assigned Correlation ID: AB-UI-DTB7PTSD to GET /api/bookings/user/3
2026-09-29 19:28:15.436 DEBUG [ctor-http-nio-9] [trace:] c.a.a.filter.CorrelationIdGlobalFilter   : Assigned Correlation ID: AB-UI-D6H6XKLX to GET /api/flights
2026-09-29 19:28:15.436 DEBUG [ctor-http-nio-5] [trace:] c.a.a.filter.CorrelationIdGlobalFilter   : Assigned Correlation ID: AB-UI-31TDXK7B to GET /api/notifications/user/3
2026-09-29 19:28:15.437 INFO  [ctor-http-nio-6] [trace:] c.a.a.filter.JwtAuthenticationFilter     : Incoming Gateway Request: GET http://localhost:8083/api/bookings/user/3
2026-09-29 19:28:15.437 INFO  [ctor-http-nio-7] [trace:] c.a.a.filter.JwtAuthenticationFilter     : Incoming Gateway Request: GET http://localhost:8083/api/v1/users/3
2026-09-29 19:28:15.438 INFO  [ctor-http-nio-9] [trace:] c.a.a.filter.JwtAuthenticationFilter     : Incoming Gateway Request: GET http://localhost:8083/api/flights
2026-09-29 19:28:15.438 INFO  [ctor-http-nio-5] [trace:] c.a.a.filter.JwtAuthenticationFilter     : Incoming Gateway Request: GET http://localhost:8083/api/notifications/user/3
2026-09-29 19:28:15.439 INFO  [ctor-http-nio-6] [trace:] c.a.a.filter.AuthenticationFilter        : Direct Customer Access active: Bypassing token validation on path '/api/bookings/user/3'
2026-09-29 19:28:15.442 INFO  [ctor-http-nio-5] [trace:] c.a.a.filter.AuthenticationFilter        : Direct Customer Access active: Bypassing token validation on path '/api/notifications/user/3'
2026-09-29 19:28:15.439 INFO  [ctor-http-nio-7] [trace:] c.a.a.filter.AuthenticationFilter        : Direct Customer Access active: Bypassing token validation on path '/api/v1/users/3'
2026-09-29 19:28:15.441 INFO  [ctor-http-nio-9] [trace:] c.a.a.filter.AuthenticationFilter        : Direct Customer Access active: Bypassing token validation on path '/api/flights'
2026-09-29 19:29:30.176 INFO  [rap-executor-%d] [trace:] c.n.d.s.r.aws.ConfigClusterResolver      : Resolving eureka endpoints via configuration
2026-09-29 19:30:11.834 DEBUG [ctor-http-nio-9] [trace:] c.a.a.filter.CorrelationIdGlobalFilter   : Assigned Correlation ID: AB-UI-XORX09UE to GET /api/bookings/user/3
2026-09-29 19:30:11.834 DEBUG [ctor-http-nio-6] [trace:] c.a.a.filter.CorrelationIdGlobalFilter   : Assigned Correlation ID: AB-UI-169B1QNC to GET /api/v1/users/3
2026-09-29 19:30:11.834 DEBUG [ctor-http-nio-7] [trace:] c.a.a.filter.CorrelationIdGlobalFilter   : Assigned Correlation ID: AB-UI-4JEM6Q5T to GET /api/notifications/user/3
2026-09-29 19:30:11.834 DEBUG [ctor-http-nio-5] [trace:] c.a.a.filter.CorrelationIdGlobalFilter   : Assigned Correlation ID: AB-UI-RHZK9VF5 to GET /api/flights
2026-09-29 19:30:11.834 INFO  [ctor-http-nio-9] [trace:] c.a.a.filter.JwtAuthenticationFilter     : Incoming Gateway Request: GET http://localhost:8083/api/bookings/user/3
2026-09-29 19:30:11.834 INFO  [ctor-http-nio-6] [trace:] c.a.a.filter.JwtAuthenticationFilter     : Incoming Gateway Request: GET http://localhost:8083/api/v1/users/3
2026-09-29 19:30:11.835 INFO  [ctor-http-nio-7] [trace:] c.a.a.filter.JwtAuthenticationFilter     : Incoming Gateway Request: GET http://localhost:8083/api/notifications/user/3
2026-09-29 19:30:11.835 INFO  [ctor-http-nio-6] [trace:] c.a.a.filter.AuthenticationFilter        : Direct Customer Access active: Bypassing token validation on path '/api/v1/users/3'
2026-09-29 19:30:11.835 INFO  [ctor-http-nio-7] [trace:] c.a.a.filter.AuthenticationFilter        : Direct Customer Access active: Bypassing token validation on path '/api/notifications/user/3'
2026-09-29 19:30:11.835 INFO  [ctor-http-nio-5] [trace:] c.a.a.filter.JwtAuthenticationFilter     : Incoming Gateway Request: GET http://localhost:8083/api/flights
2026-09-29 19:30:11.835 INFO  [ctor-http-nio-9] [trace:] c.a.a.filter.AuthenticationFilter        : Direct Customer Access active: Bypassing token validation on path '/api/bookings/user/3'
2026-09-29 19:30:11.835 INFO  [ctor-http-nio-5] [trace:] c.a.a.filter.AuthenticationFilter        : Direct Customer Access active: Bypassing token validation on path '/api/flights'
2026-09-29 19:30:14.659 DEBUG [ctor-http-nio-6] [trace:] c.a.a.filter.CorrelationIdGlobalFilter   : Assigned Correlation ID: AB-UI-7HDY3JML to GET /api/flights
2026-09-29 19:30:14.659 INFO  [ctor-http-nio-6] [trace:] c.a.a.filter.JwtAuthenticationFilter     : Incoming Gateway Request: GET http://localhost:8083/api/flights
2026-09-29 19:30:14.659 INFO  [ctor-http-nio-6] [trace:] c.a.a.filter.AuthenticationFilter        : Direct Staff Access active: Bypassing token validation on path '/api/flights'
2026-09-29 19:30:14.662 DEBUG [ctor-http-nio-5] [trace:] c.a.a.filter.CorrelationIdGlobalFilter   : Assigned Correlation ID: AB-UI-WYRA0R9P to GET /api/check-ins
2026-09-29 19:30:14.662 INFO  [ctor-http-nio-5] [trace:] c.a.a.filter.JwtAuthenticationFilter     : Incoming Gateway Request: GET http://localhost:8083/api/check-ins
2026-09-29 19:30:14.662 INFO  [ctor-http-nio-5] [trace:] c.a.a.filter.AuthenticationFilter        : Direct Staff Access active: Bypassing token validation on path '/api/check-ins'
2026-09-29 19:30:14.713 DEBUG [ctor-http-nio-5] [trace:] c.a.a.filter.CorrelationIdGlobalFilter   : Assigned Correlation ID: AB-UI-3P91CKKS to GET /api/bookings/flight/1
2026-09-29 19:30:14.714 INFO  [ctor-http-nio-5] [trace:] c.a.a.filter.JwtAuthenticationFilter     : Incoming Gateway Request: GET http://localhost:8083/api/bookings/flight/1
2026-09-29 19:30:14.714 INFO  [ctor-http-nio-5] [trace:] c.a.a.filter.AuthenticationFilter        : Direct Staff Access active: Bypassing token validation on path '/api/bookings/flight/1'
2026-09-29 19:30:20.968 DEBUG [ctor-http-nio-5] [trace:] c.a.a.filter.CorrelationIdGlobalFilter   : Assigned Correlation ID: AB-UI-QCGRVB3I to GET /api/check-ins
2026-09-29 19:30:20.968 DEBUG [ctor-http-nio-6] [trace:] c.a.a.filter.CorrelationIdGlobalFilter   : Assigned Correlation ID: AB-UI-J5FZ9S55 to GET /api/flights
2026-09-29 19:30:20.969 INFO  [ctor-http-nio-5] [trace:] c.a.a.filter.JwtAuthenticationFilter     : Incoming Gateway Request: GET http://localhost:8083/api/check-ins
2026-09-29 19:30:20.969 INFO  [ctor-http-nio-6] [trace:] c.a.a.filter.JwtAuthenticationFilter     : Incoming Gateway Request: GET http://localhost:8083/api/flights
2026-09-29 19:30:20.969 INFO  [ctor-http-nio-5] [trace:] c.a.a.filter.AuthenticationFilter        : Direct Staff Access active: Bypassing token validation on path '/api/check-ins'
2026-09-29 19:30:20.969 INFO  [ctor-http-nio-6] [trace:] c.a.a.filter.AuthenticationFilter        : Direct Staff Access active: Bypassing token validation on path '/api/flights'
2026-09-29 19:30:21.012 DEBUG [ctor-http-nio-6] [trace:] c.a.a.filter.CorrelationIdGlobalFilter   : Assigned Correlation ID: AB-UI-OE27VYPZ to GET /api/bookings/flight/1
2026-09-29 19:30:21.012 INFO  [ctor-http-nio-6] [trace:] c.a.a.filter.JwtAuthenticationFilter     : Incoming Gateway Request: GET http://localhost:8083/api/bookings/flight/1
2026-09-29 19:30:21.012 INFO  [ctor-http-nio-6] [trace:] c.a.a.filter.AuthenticationFilter        : Direct Staff Access active: Bypassing token validation on path '/api/bookings/flight/1'
2026-09-29 19:30:30.635 DEBUG [ctor-http-nio-6] [trace:] c.a.a.filter.CorrelationIdGlobalFilter   : Assigned Correlation ID: AB-UI-F83ZSXNS to POST /api/check-ins/verify
2026-09-29 19:30:30.635 INFO  [ctor-http-nio-6] [trace:] c.a.a.filter.JwtAuthenticationFilter     : Incoming Gateway Request: POST http://localhost:8083/api/check-ins/verify?boardingPassNumber=BP-1-12A
2026-09-29 19:30:30.637 INFO  [ctor-http-nio-6] [trace:] c.a.a.filter.AuthenticationFilter        : Direct Staff Access active: Bypassing token validation on path '/api/check-ins/verify'
2026-09-29 19:30:34.537 DEBUG [ctor-http-nio-6] [trace:] c.a.a.filter.CorrelationIdGlobalFilter   : Assigned Correlation ID: AB-UI-QQP80551 to POST /api/check-ins/verify
2026-09-29 19:30:34.538 INFO  [ctor-http-nio-6] [trace:] c.a.a.filter.JwtAuthenticationFilter     : Incoming Gateway Request: POST http://localhost:8083/api/check-ins/verify?boardingPassNumber=BP-2-14C
2026-09-29 19:30:34.538 INFO  [ctor-http-nio-6] [trace:] c.a.a.filter.AuthenticationFilter        : Direct Staff Access active: Bypassing token validation on path '/api/check-ins/verify'
2026-09-29 19:30:51.876 DEBUG [ctor-http-nio-6] [trace:] c.a.a.filter.CorrelationIdGlobalFilter   : Assigned Correlation ID: AB-UI-IA60M7OO to GET /api/flights
2026-09-29 19:30:51.877 INFO  [ctor-http-nio-6] [trace:] c.a.a.filter.JwtAuthenticationFilter     : Incoming Gateway Request: GET http://localhost:8083/api/flights
2026-09-29 19:30:51.877 INFO  [ctor-http-nio-6] [trace:] c.a.a.filter.AuthenticationFilter        : Direct Staff Access active: Bypassing token validation on path '/api/flights'
2026-09-29 19:30:58.621 DEBUG [ctor-http-nio-6] [trace:] c.a.a.filter.CorrelationIdGlobalFilter   : Assigned Correlation ID: AB-UI-TFP2EW3K to POST /api/auth/login
2026-09-29 19:30:58.622 INFO  [ctor-http-nio-6] [trace:] c.a.a.filter.JwtAuthenticationFilter     : Incoming Gateway Request: POST http://localhost:8083/api/auth/login
2026-09-29 19:30:58.654 DEBUG [tor-http-nio-11] [trace:] c.a.a.filter.CorrelationIdGlobalFilter   : Assigned Correlation ID: AB-UI-3X9D11BV to GET /api/admin/aircrafts
2026-09-29 19:30:58.654 INFO  [tor-http-nio-11] [trace:] c.a.a.filter.JwtAuthenticationFilter     : Incoming Gateway Request: GET http://localhost:8083/api/admin/aircrafts
2026-09-29 19:30:58.654 DEBUG [ctor-http-nio-9] [trace:] c.a.a.filter.CorrelationIdGlobalFilter   : Assigned Correlation ID: AB-UI-2QUAO5XA to GET /api/v1/users
2026-09-29 19:30:58.655 INFO  [tor-http-nio-11] [trace:] c.a.a.filter.AuthenticationFilter        : Direct Admin Access active: Bypassing token validation for enhancement/dev mode on path '/api/admin/aircrafts'
2026-09-29 19:30:58.655 INFO  [ctor-http-nio-9] [trace:] c.a.a.filter.JwtAuthenticationFilter     : Incoming Gateway Request: GET http://localhost:8083/api/v1/users
2026-09-29 19:30:58.655 INFO  [ctor-http-nio-9] [trace:] c.a.a.filter.AuthenticationFilter        : Direct Admin Access active: Bypassing token validation for enhancement/dev mode on path '/api/v1/users'
2026-09-29 19:30:58.657 DEBUG [ctor-http-nio-6] [trace:] c.a.a.filter.CorrelationIdGlobalFilter   : Assigned Correlation ID: AB-UI-1XLC451C to GET /api/flights
2026-09-29 19:30:58.657 INFO  [ctor-http-nio-6] [trace:] c.a.a.filter.JwtAuthenticationFilter     : Incoming Gateway Request: GET http://localhost:8083/api/flights
2026-09-29 19:30:58.657 INFO  [ctor-http-nio-6] [trace:] c.a.a.filter.AuthenticationFilter        : Direct Admin Access active: Bypassing token validation for enhancement/dev mode on path '/api/flights'
2026-09-29 19:30:58.658 DEBUG [ctor-http-nio-5] [trace:] c.a.a.filter.CorrelationIdGlobalFilter   : Assigned Correlation ID: AB-UI-PGOGARRJ to GET /api/bookings
2026-09-29 19:30:58.658 DEBUG [ctor-http-nio-7] [trace:] c.a.a.filter.CorrelationIdGlobalFilter   : Assigned Correlation ID: AB-UI-LDPZ75BC to GET /api/fares
2026-09-29 19:30:58.658 INFO  [ctor-http-nio-5] [trace:] c.a.a.filter.JwtAuthenticationFilter     : Incoming Gateway Request: GET http://localhost:8083/api/bookings
2026-09-29 19:30:58.658 INFO  [ctor-http-nio-7] [trace:] c.a.a.filter.JwtAuthenticationFilter     : Incoming Gateway Request: GET http://localhost:8083/api/fares
2026-09-29 19:30:58.658 INFO  [ctor-http-nio-5] [trace:] c.a.a.filter.AuthenticationFilter        : Direct Admin Access active: Bypassing token validation for enhancement/dev mode on path '/api/bookings'
2026-09-29 19:30:58.658 INFO  [ctor-http-nio-7] [trace:] c.a.a.filter.AuthenticationFilter        : Direct Admin Access active: Bypassing token validation for enhancement/dev mode on path '/api/fares'
2026-09-29 19:31:00.359 DEBUG [ctor-http-nio-6] [trace:] c.a.a.filter.CorrelationIdGlobalFilter   : Assigned Correlation ID: AB-UI-2U3DXT4E to GET /api/flights
2026-09-29 19:31:00.359 INFO  [ctor-http-nio-6] [trace:] c.a.a.filter.JwtAuthenticationFilter     : Incoming Gateway Request: GET http://localhost:8083/api/flights
2026-09-29 19:31:00.359 INFO  [ctor-http-nio-6] [trace:] c.a.a.filter.AuthenticationFilter        : Direct Customer Access active: Bypassing token validation on path '/api/flights'
2026-09-29 19:31:00.363 DEBUG [ctor-http-nio-5] [trace:] c.a.a.filter.CorrelationIdGlobalFilter   : Assigned Correlation ID: AB-UI-TK08AXSW to GET /api/v1/users/3
2026-09-29 19:31:00.363 DEBUG [ctor-http-nio-9] [trace:] c.a.a.filter.CorrelationIdGlobalFilter   : Assigned Correlation ID: AB-UI-U6NCRMK3 to GET /api/bookings/user/3
2026-09-29 19:31:00.388 INFO  [ctor-http-nio-9] [trace:] c.a.a.filter.JwtAuthenticationFilter     : Incoming Gateway Request: GET http://localhost:8083/api/bookings/user/3
2026-09-29 19:31:00.388 INFO  [ctor-http-nio-5] [trace:] c.a.a.filter.JwtAuthenticationFilter     : Incoming Gateway Request: GET http://localhost:8083/api/v1/users/3
2026-09-29 19:31:00.388 DEBUG [ctor-http-nio-7] [trace:] c.a.a.filter.CorrelationIdGlobalFilter   : Assigned Correlation ID: AB-UI-E563MLRU to GET /api/notifications/user/3
2026-09-29 19:31:00.389 INFO  [ctor-http-nio-7] [trace:] c.a.a.filter.JwtAuthenticationFilter     : Incoming Gateway Request: GET http://localhost:8083/api/notifications/user/3
2026-09-29 19:31:00.388 INFO  [ctor-http-nio-9] [trace:] c.a.a.filter.AuthenticationFilter        : Direct Customer Access active: Bypassing token validation on path '/api/bookings/user/3'
2026-09-29 19:31:00.389 INFO  [ctor-http-nio-5] [trace:] c.a.a.filter.AuthenticationFilter        : Direct Customer Access active: Bypassing token validation on path '/api/v1/users/3'
2026-09-29 19:31:00.389 INFO  [ctor-http-nio-7] [trace:] c.a.a.filter.AuthenticationFilter        : Direct Customer Access active: Bypassing token validation on path '/api/notifications/user/3'
2026-09-29 19:31:06.255 DEBUG [ctor-http-nio-7] [trace:] c.a.a.filter.CorrelationIdGlobalFilter   : Assigned Correlation ID: AB-UI-W7SDS8M6 to GET /api/bookings/user/3
2026-09-29 19:31:06.255 DEBUG [ctor-http-nio-6] [trace:] c.a.a.filter.CorrelationIdGlobalFilter   : Assigned Correlation ID: AB-UI-BKRZFXA2 to GET /api/v1/users/3
2026-09-29 19:31:06.255 DEBUG [ctor-http-nio-5] [trace:] c.a.a.filter.CorrelationIdGlobalFilter   : Assigned Correlation ID: AB-UI-RCIA6513 to GET /api/notifications/user/3
2026-09-29 19:31:06.255 INFO  [ctor-http-nio-7] [trace:] c.a.a.filter.JwtAuthenticationFilter     : Incoming Gateway Request: GET http://localhost:8083/api/bookings/user/3
2026-09-29 19:31:06.256 INFO  [ctor-http-nio-5] [trace:] c.a.a.filter.JwtAuthenticationFilter     : Incoming Gateway Request: GET http://localhost:8083/api/notifications/user/3
2026-09-29 19:31:06.256 INFO  [ctor-http-nio-6] [trace:] c.a.a.filter.JwtAuthenticationFilter     : Incoming Gateway Request: GET http://localhost:8083/api/v1/users/3
2026-09-29 19:31:06.256 INFO  [ctor-http-nio-7] [trace:] c.a.a.filter.AuthenticationFilter        : Direct Customer Access active: Bypassing token validation on path '/api/bookings/user/3'
2026-09-29 19:31:06.257 DEBUG [ctor-http-nio-9] [trace:] c.a.a.filter.CorrelationIdGlobalFilter   : Assigned Correlation ID: AB-UI-7IJD2JGA to GET /api/flights
2026-09-29 19:31:06.256 INFO  [ctor-http-nio-5] [trace:] c.a.a.filter.AuthenticationFilter        : Direct Customer Access active: Bypassing token validation on path '/api/notifications/user/3'
2026-09-29 19:31:06.256 INFO  [ctor-http-nio-6] [trace:] c.a.a.filter.AuthenticationFilter        : Direct Customer Access active: Bypassing token validation on path '/api/v1/users/3'
2026-09-29 19:31:06.257 INFO  [ctor-http-nio-9] [trace:] c.a.a.filter.JwtAuthenticationFilter     : Incoming Gateway Request: GET http://localhost:8083/api/flights
2026-09-29 19:31:06.258 INFO  [ctor-http-nio-9] [trace:] c.a.a.filter.AuthenticationFilter        : Direct Customer Access active: Bypassing token validation on path '/api/flights'
2026-09-29 19:32:07.126 DEBUG [ctor-http-nio-5] [trace:] c.a.a.filter.CorrelationIdGlobalFilter   : Assigned Correlation ID: AB-UI-GBYVC5D8 to POST /api/auth/login
2026-09-29 19:32:07.127 INFO  [ctor-http-nio-5] [trace:] c.a.a.filter.JwtAuthenticationFilter     : Incoming Gateway Request: POST http://localhost:8083/api/auth/login
2026-09-29 19:32:07.147 DEBUG [ctor-http-nio-7] [trace:] c.a.a.filter.CorrelationIdGlobalFilter   : Assigned Correlation ID: AB-UI-DQZX48GW to GET /api/flights
2026-09-29 19:32:07.153 INFO  [ctor-http-nio-7] [trace:] c.a.a.filter.JwtAuthenticationFilter     : Incoming Gateway Request: GET http://localhost:8083/api/flights
2026-09-29 19:32:07.149 DEBUG [ctor-http-nio-6] [trace:] c.a.a.filter.CorrelationIdGlobalFilter   : Assigned Correlation ID: AB-UI-YXJHTVCE to GET /api/v1/users
2026-09-29 19:32:07.154 INFO  [ctor-http-nio-6] [trace:] c.a.a.filter.JwtAuthenticationFilter     : Incoming Gateway Request: GET http://localhost:8083/api/v1/users
2026-09-29 19:32:07.150 DEBUG [ctor-http-nio-1] [trace:] c.a.a.filter.CorrelationIdGlobalFilter   : Assigned Correlation ID: AB-UI-GNRTWF5L to GET /api/bookings
2026-09-29 19:32:07.155 INFO  [ctor-http-nio-6] [trace:] c.a.a.filter.AuthenticationFilter        : Direct Admin Access active: Bypassing token validation for enhancement/dev mode on path '/api/v1/users'
2026-09-29 19:32:07.152 DEBUG [ctor-http-nio-9] [trace:] c.a.a.filter.CorrelationIdGlobalFilter   : Assigned Correlation ID: AB-UI-SSRLSUPN to GET /api/admin/aircrafts
2026-09-29 19:32:07.153 DEBUG [tor-http-nio-11] [trace:] c.a.a.filter.CorrelationIdGlobalFilter   : Assigned Correlation ID: AB-UI-7ZKJVRGH to GET /api/fares
2026-09-29 19:32:07.154 INFO  [ctor-http-nio-7] [trace:] c.a.a.filter.AuthenticationFilter        : Direct Admin Access active: Bypassing token validation for enhancement/dev mode on path '/api/flights'
2026-09-29 19:32:07.155 INFO  [ctor-http-nio-1] [trace:] c.a.a.filter.JwtAuthenticationFilter     : Incoming Gateway Request: GET http://localhost:8083/api/bookings
2026-09-29 19:32:07.155 INFO  [ctor-http-nio-9] [trace:] c.a.a.filter.JwtAuthenticationFilter     : Incoming Gateway Request: GET http://localhost:8083/api/admin/aircrafts
2026-09-29 19:32:07.155 INFO  [tor-http-nio-11] [trace:] c.a.a.filter.JwtAuthenticationFilter     : Incoming Gateway Request: GET http://localhost:8083/api/fares
2026-09-29 19:32:07.155 INFO  [ctor-http-nio-1] [trace:] c.a.a.filter.AuthenticationFilter        : Direct Admin Access active: Bypassing token validation for enhancement/dev mode on path '/api/bookings'
2026-09-29 19:32:07.155 INFO  [ctor-http-nio-9] [trace:] c.a.a.filter.AuthenticationFilter        : Direct Admin Access active: Bypassing token validation for enhancement/dev mode on path '/api/admin/aircrafts'
2026-09-29 19:32:07.165 INFO  [tor-http-nio-11] [trace:] c.a.a.filter.AuthenticationFilter        : Direct Admin Access active: Bypassing token validation for enhancement/dev mode on path '/api/fares'
2026-09-29 19:33:43.742 DEBUG [ctor-http-nio-1] [trace:] c.a.a.filter.CorrelationIdGlobalFilter   : Assigned Correlation ID: AB-UI-0JHMD8L9 to GET /api/flights
2026-09-29 19:33:43.742 DEBUG [ctor-http-nio-6] [trace:] c.a.a.filter.CorrelationIdGlobalFilter   : Assigned Correlation ID: AB-UI-6OZ7NA89 to GET /api/v1/users
2026-09-29 19:33:43.742 DEBUG [tor-http-nio-11] [trace:] c.a.a.filter.CorrelationIdGlobalFilter   : Assigned Correlation ID: AB-UI-JY1ZY7RX to GET /api/admin/aircrafts
2026-09-29 19:33:43.743 INFO  [ctor-http-nio-1] [trace:] c.a.a.filter.JwtAuthenticationFilter     : Incoming Gateway Request: GET http://localhost:8083/api/flights
2026-09-29 19:33:43.743 INFO  [ctor-http-nio-6] [trace:] c.a.a.filter.JwtAuthenticationFilter     : Incoming Gateway Request: GET http://localhost:8083/api/v1/users
2026-09-29 19:33:43.743 INFO  [tor-http-nio-11] [trace:] c.a.a.filter.JwtAuthenticationFilter     : Incoming Gateway Request: GET http://localhost:8083/api/admin/aircrafts
2026-09-29 19:33:43.743 INFO  [ctor-http-nio-6] [trace:] c.a.a.filter.AuthenticationFilter        : Direct Admin Access active: Bypassing token validation for enhancement/dev mode on path '/api/v1/users'
2026-09-29 19:33:43.743 INFO  [ctor-http-nio-1] [trace:] c.a.a.filter.AuthenticationFilter        : Direct Admin Access active: Bypassing token validation for enhancement/dev mode on path '/api/flights'
2026-09-29 19:33:43.744 INFO  [tor-http-nio-11] [trace:] c.a.a.filter.AuthenticationFilter        : Direct Admin Access active: Bypassing token validation for enhancement/dev mode on path '/api/admin/aircrafts'
2026-09-29 19:33:43.748 DEBUG [ctor-http-nio-9] [trace:] c.a.a.filter.CorrelationIdGlobalFilter   : Assigned Correlation ID: AB-UI-W22EMEGT to GET /api/bookings
2026-09-29 19:33:43.749 INFO  [ctor-http-nio-9] [trace:] c.a.a.filter.JwtAuthenticationFilter     : Incoming Gateway Request: GET http://localhost:8083/api/bookings
2026-09-29 19:33:43.748 DEBUG [ctor-http-nio-7] [trace:] c.a.a.filter.CorrelationIdGlobalFilter   : Assigned Correlation ID: AB-UI-Q3H10AY1 to GET /api/fares
2026-09-29 19:33:43.749 INFO  [ctor-http-nio-7] [trace:] c.a.a.filter.JwtAuthenticationFilter     : Incoming Gateway Request: GET http://localhost:8083/api/fares
2026-09-29 19:33:43.749 INFO  [ctor-http-nio-9] [trace:] c.a.a.filter.AuthenticationFilter        : Direct Admin Access active: Bypassing token validation for enhancement/dev mode on path '/api/bookings'
2026-09-29 19:33:43.750 INFO  [ctor-http-nio-7] [trace:] c.a.a.filter.AuthenticationFilter        : Direct Admin Access active: Bypassing token validation for enhancement/dev mode on path '/api/fares'
2026-09-29 19:34:02.388 DEBUG [tor-http-nio-11] [trace:] c.a.a.filter.CorrelationIdGlobalFilter   : Assigned Correlation ID: AB-UI-VO2TE3X6 to GET /api/flights
2026-09-29 19:34:02.388 DEBUG [ctor-http-nio-6] [trace:] c.a.a.filter.CorrelationIdGlobalFilter   : Assigned Correlation ID: AB-UI-85YNLWAN to GET /api/v1/users
2026-09-29 19:34:02.388 DEBUG [ctor-http-nio-1] [trace:] c.a.a.filter.CorrelationIdGlobalFilter   : Assigned Correlation ID: AB-UI-E4LV9P41 to GET /api/admin/aircrafts
2026-09-29 19:34:02.388 INFO  [ctor-http-nio-1] [trace:] c.a.a.filter.JwtAuthenticationFilter     : Incoming Gateway Request: GET http://localhost:8083/api/admin/aircrafts
2026-09-29 19:34:02.388 DEBUG [ctor-http-nio-9] [trace:] c.a.a.filter.CorrelationIdGlobalFilter   : Assigned Correlation ID: AB-UI-Y8QB6QCZ to GET /api/bookings
2026-09-29 19:34:02.390 INFO  [ctor-http-nio-9] [trace:] c.a.a.filter.JwtAuthenticationFilter     : Incoming Gateway Request: GET http://localhost:8083/api/bookings
2026-09-29 19:34:02.391 INFO  [ctor-http-nio-9] [trace:] c.a.a.filter.AuthenticationFilter        : Direct Admin Access active: Bypassing token validation for enhancement/dev mode on path '/api/bookings'
2026-09-29 19:34:02.388 DEBUG [ctor-http-nio-7] [trace:] c.a.a.filter.CorrelationIdGlobalFilter   : Assigned Correlation ID: AB-UI-9XLP3T95 to GET /api/fares
2026-09-29 19:34:02.388 INFO  [tor-http-nio-11] [trace:] c.a.a.filter.JwtAuthenticationFilter     : Incoming Gateway Request: GET http://localhost:8083/api/flights
2026-09-29 19:34:02.388 INFO  [ctor-http-nio-6] [trace:] c.a.a.filter.JwtAuthenticationFilter     : Incoming Gateway Request: GET http://localhost:8083/api/v1/users
2026-09-29 19:34:02.392 INFO  [tor-http-nio-11] [trace:] c.a.a.filter.AuthenticationFilter        : Direct Admin Access active: Bypassing token validation for enhancement/dev mode on path '/api/flights'
2026-09-29 19:34:02.390 INFO  [ctor-http-nio-1] [trace:] c.a.a.filter.AuthenticationFilter        : Direct Admin Access active: Bypassing token validation for enhancement/dev mode on path '/api/admin/aircrafts'
2026-09-29 19:34:02.392 INFO  [ctor-http-nio-7] [trace:] c.a.a.filter.JwtAuthenticationFilter     : Incoming Gateway Request: GET http://localhost:8083/api/fares
2026-09-29 19:34:02.392 INFO  [ctor-http-nio-6] [trace:] c.a.a.filter.AuthenticationFilter        : Direct Admin Access active: Bypassing token validation for enhancement/dev mode on path '/api/v1/users'
2026-09-29 19:34:02.393 INFO  [ctor-http-nio-7] [trace:] c.a.a.filter.AuthenticationFilter        : Direct Admin Access active: Bypassing token validation for enhancement/dev mode on path '/api/fares'
2026-09-29 19:34:30.178 INFO  [rap-executor-%d] [trace:] c.n.d.s.r.aws.ConfigClusterResolver      : Resolving eureka endpoints via configuration
2026-09-29 19:36:18.685 DEBUG [ctor-http-nio-9] [trace:] c.a.a.filter.CorrelationIdGlobalFilter   : Assigned Correlation ID: AB-UI-BX42XJDS to GET /api/bookings/user/3
2026-09-29 19:36:18.685 DEBUG [ctor-http-nio-6] [trace:] c.a.a.filter.CorrelationIdGlobalFilter   : Assigned Correlation ID: AB-UI-O6C4NFG8 to GET /api/v1/users/3
2026-09-29 19:36:18.686 INFO  [ctor-http-nio-9] [trace:] c.a.a.filter.JwtAuthenticationFilter     : Incoming Gateway Request: GET http://localhost:8083/api/bookings/user/3
2026-09-29 19:36:18.685 DEBUG [ctor-http-nio-1] [trace:] c.a.a.filter.CorrelationIdGlobalFilter   : Assigned Correlation ID: AB-UI-03T90P15 to GET /api/notifications/user/3
2026-09-29 19:36:18.685 DEBUG [ctor-http-nio-7] [trace:] c.a.a.filter.CorrelationIdGlobalFilter   : Assigned Correlation ID: AB-UI-WTT1GFP0 to GET /api/flights
2026-09-29 19:36:18.686 INFO  [ctor-http-nio-6] [trace:] c.a.a.filter.JwtAuthenticationFilter     : Incoming Gateway Request: GET http://localhost:8083/api/v1/users/3
2026-09-29 19:36:18.686 INFO  [ctor-http-nio-9] [trace:] c.a.a.filter.AuthenticationFilter        : Direct Customer Access active: Bypassing token validation on path '/api/bookings/user/3'
2026-09-29 19:36:18.686 INFO  [ctor-http-nio-1] [trace:] c.a.a.filter.JwtAuthenticationFilter     : Incoming Gateway Request: GET http://localhost:8083/api/notifications/user/3
2026-09-29 19:36:18.686 INFO  [ctor-http-nio-7] [trace:] c.a.a.filter.JwtAuthenticationFilter     : Incoming Gateway Request: GET http://localhost:8083/api/flights
2026-09-29 19:36:18.686 INFO  [ctor-http-nio-6] [trace:] c.a.a.filter.AuthenticationFilter        : Direct Customer Access active: Bypassing token validation on path '/api/v1/users/3'
2026-09-29 19:36:18.687 INFO  [ctor-http-nio-1] [trace:] c.a.a.filter.AuthenticationFilter        : Direct Customer Access active: Bypassing token validation on path '/api/notifications/user/3'
2026-09-29 19:36:18.687 INFO  [ctor-http-nio-7] [trace:] c.a.a.filter.AuthenticationFilter        : Direct Customer Access active: Bypassing token validation on path '/api/flights'
2026-09-29 19:37:20.132 DEBUG [ctor-http-nio-6] [trace:] c.a.a.filter.CorrelationIdGlobalFilter   : Assigned Correlation ID: AB-UI-G8LYGJX8 to GET /api/flights
2026-09-29 19:37:20.133 INFO  [ctor-http-nio-6] [trace:] c.a.a.filter.JwtAuthenticationFilter     : Incoming Gateway Request: GET http://localhost:8083/api/flights
2026-09-29 19:37:20.133 INFO  [ctor-http-nio-6] [trace:] c.a.a.filter.AuthenticationFilter        : Direct Customer Access active: Bypassing token validation on path '/api/flights'
2026-09-29 19:37:21.127 DEBUG [ctor-http-nio-7] [trace:] c.a.a.filter.CorrelationIdGlobalFilter   : Assigned Correlation ID: AB-UI-8U47BOY4 to GET /api/flights
2026-09-29 19:37:21.127 INFO  [ctor-http-nio-7] [trace:] c.a.a.filter.JwtAuthenticationFilter     : Incoming Gateway Request: GET http://localhost:8083/api/flights
2026-09-29 19:37:21.128 INFO  [ctor-http-nio-7] [trace:] c.a.a.filter.AuthenticationFilter        : Direct Staff Access active: Bypassing token validation on path '/api/flights'
2026-09-29 19:37:21.130 DEBUG [ctor-http-nio-6] [trace:] c.a.a.filter.CorrelationIdGlobalFilter   : Assigned Correlation ID: AB-UI-P9M1G9DT to GET /api/check-ins
2026-09-29 19:37:21.130 INFO  [ctor-http-nio-6] [trace:] c.a.a.filter.JwtAuthenticationFilter     : Incoming Gateway Request: GET http://localhost:8083/api/check-ins
2026-09-29 19:37:21.131 INFO  [ctor-http-nio-6] [trace:] c.a.a.filter.AuthenticationFilter        : Direct Staff Access active: Bypassing token validation on path '/api/check-ins'
2026-09-29 19:37:21.163 DEBUG [ctor-http-nio-7] [trace:] c.a.a.filter.CorrelationIdGlobalFilter   : Assigned Correlation ID: AB-UI-LW7TCC1A to GET /api/bookings/flight/1
2026-09-29 19:37:21.164 INFO  [ctor-http-nio-7] [trace:] c.a.a.filter.JwtAuthenticationFilter     : Incoming Gateway Request: GET http://localhost:8083/api/bookings/flight/1
2026-09-29 19:37:21.164 INFO  [ctor-http-nio-7] [trace:] c.a.a.filter.AuthenticationFilter        : Direct Staff Access active: Bypassing token validation on path '/api/bookings/flight/1'
2026-09-29 19:39:30.189 INFO  [rap-executor-%d] [trace:] c.n.d.s.r.aws.ConfigClusterResolver      : Resolving eureka endpoints via configuration
2026-09-29 19:42:14.021 DEBUG [ctor-http-nio-7] [trace:] c.a.a.filter.CorrelationIdGlobalFilter   : Assigned Correlation ID: AB-UI-0BSMCGMO to GET /api/check-ins
2026-09-29 19:42:14.021 DEBUG [ctor-http-nio-6] [trace:] c.a.a.filter.CorrelationIdGlobalFilter   : Assigned Correlation ID: AB-UI-H11BF9H8 to GET /api/flights
2026-09-29 19:42:14.022 INFO  [ctor-http-nio-7] [trace:] c.a.a.filter.JwtAuthenticationFilter     : Incoming Gateway Request: GET http://localhost:8083/api/check-ins
2026-09-29 19:42:14.022 INFO  [ctor-http-nio-6] [trace:] c.a.a.filter.JwtAuthenticationFilter     : Incoming Gateway Request: GET http://localhost:8083/api/flights
2026-09-29 19:42:14.022 INFO  [ctor-http-nio-7] [trace:] c.a.a.filter.AuthenticationFilter        : Direct Staff Access active: Bypassing token validation on path '/api/check-ins'
2026-09-29 19:42:14.022 INFO  [ctor-http-nio-6] [trace:] c.a.a.filter.AuthenticationFilter        : Direct Staff Access active: Bypassing token validation on path '/api/flights'
2026-09-29 19:42:14.115 DEBUG [ctor-http-nio-6] [trace:] c.a.a.filter.CorrelationIdGlobalFilter   : Assigned Correlation ID: AB-UI-VNAFD94Z to GET /api/bookings/flight/1
2026-09-29 19:42:14.115 INFO  [ctor-http-nio-6] [trace:] c.a.a.filter.JwtAuthenticationFilter     : Incoming Gateway Request: GET http://localhost:8083/api/bookings/flight/1
2026-09-29 19:42:14.115 INFO  [ctor-http-nio-6] [trace:] c.a.a.filter.AuthenticationFilter        : Direct Staff Access active: Bypassing token validation on path '/api/bookings/flight/1'
2026-09-29 19:42:24.348 DEBUG [ctor-http-nio-7] [trace:] c.a.a.filter.CorrelationIdGlobalFilter   : Assigned Correlation ID: AB-UI-4SDV7OP7 to GET /api/flights
2026-09-29 19:42:24.348 DEBUG [ctor-http-nio-6] [trace:] c.a.a.filter.CorrelationIdGlobalFilter   : Assigned Correlation ID: AB-UI-KROBOG22 to GET /api/check-ins
2026-09-29 19:42:24.349 INFO  [ctor-http-nio-7] [trace:] c.a.a.filter.JwtAuthenticationFilter     : Incoming Gateway Request: GET http://localhost:8083/api/flights
2026-09-29 19:42:24.349 INFO  [ctor-http-nio-6] [trace:] c.a.a.filter.JwtAuthenticationFilter     : Incoming Gateway Request: GET http://localhost:8083/api/check-ins
2026-09-29 19:42:24.349 INFO  [ctor-http-nio-7] [trace:] c.a.a.filter.AuthenticationFilter        : Direct Staff Access active: Bypassing token validation on path '/api/flights'
2026-09-29 19:42:24.349 INFO  [ctor-http-nio-6] [trace:] c.a.a.filter.AuthenticationFilter        : Direct Staff Access active: Bypassing token validation on path '/api/check-ins'
2026-09-29 19:42:24.407 DEBUG [ctor-http-nio-7] [trace:] c.a.a.filter.CorrelationIdGlobalFilter   : Assigned Correlation ID: AB-UI-MIV57WNX to GET /api/bookings/flight/1
2026-09-29 19:42:24.407 INFO  [ctor-http-nio-7] [trace:] c.a.a.filter.JwtAuthenticationFilter     : Incoming Gateway Request: GET http://localhost:8083/api/bookings/flight/1
2026-09-29 19:42:24.407 INFO  [ctor-http-nio-7] [trace:] c.a.a.filter.AuthenticationFilter        : Direct Staff Access active: Bypassing token validation on path '/api/bookings/flight/1'
2026-09-29 19:42:28.026 DEBUG [ctor-http-nio-6] [trace:] c.a.a.filter.CorrelationIdGlobalFilter   : Assigned Correlation ID: AB-UI-DKNLVRG0 to GET /api/check-ins
2026-09-29 19:42:28.026 DEBUG [ctor-http-nio-7] [trace:] c.a.a.filter.CorrelationIdGlobalFilter   : Assigned Correlation ID: AB-UI-OK65C55Q to GET /api/flights
2026-09-29 19:42:28.027 INFO  [ctor-http-nio-6] [trace:] c.a.a.filter.JwtAuthenticationFilter     : Incoming Gateway Request: GET http://localhost:8083/api/check-ins
2026-09-29 19:42:28.027 INFO  [ctor-http-nio-7] [trace:] c.a.a.filter.JwtAuthenticationFilter     : Incoming Gateway Request: GET http://localhost:8083/api/flights
2026-09-29 19:42:28.027 INFO  [ctor-http-nio-6] [trace:] c.a.a.filter.AuthenticationFilter        : Direct Staff Access active: Bypassing token validation on path '/api/check-ins'
2026-09-29 19:42:28.027 INFO  [ctor-http-nio-7] [trace:] c.a.a.filter.AuthenticationFilter        : Direct Staff Access active: Bypassing token validation on path '/api/flights'
2026-09-29 19:42:28.105 DEBUG [ctor-http-nio-7] [trace:] c.a.a.filter.CorrelationIdGlobalFilter   : Assigned Correlation ID: AB-UI-TLWUBCC4 to GET /api/bookings/flight/1
2026-09-29 19:42:28.105 INFO  [ctor-http-nio-7] [trace:] c.a.a.filter.JwtAuthenticationFilter     : Incoming Gateway Request: GET http://localhost:8083/api/bookings/flight/1
2026-09-29 19:42:28.106 INFO  [ctor-http-nio-7] [trace:] c.a.a.filter.AuthenticationFilter        : Direct Staff Access active: Bypassing token validation on path '/api/bookings/flight/1'
2026-09-29 19:44:30.190 INFO  [rap-executor-%d] [trace:] c.n.d.s.r.aws.ConfigClusterResolver      : Resolving eureka endpoints via configuration
2026-09-29 19:47:58.865 DEBUG [ctor-http-nio-2] [trace:] c.a.a.filter.CorrelationIdGlobalFilter   : Assigned Correlation ID: AB-UI-V69BPNZQ to GET /api/flights
2026-09-29 19:47:58.865 INFO  [ctor-http-nio-2] [trace:] c.a.a.filter.JwtAuthenticationFilter     : Incoming Gateway Request: GET http://localhost:8083/api/flights
2026-09-29 19:47:58.865 INFO  [ctor-http-nio-2] [trace:] c.a.a.filter.AuthenticationFilter        : Direct Staff Access active: Bypassing token validation on path '/api/flights'
2026-09-29 19:47:58.866 DEBUG [ctor-http-nio-3] [trace:] c.a.a.filter.CorrelationIdGlobalFilter   : Assigned Correlation ID: AB-UI-DZCG088U to GET /api/check-ins
2026-09-29 19:47:58.866 INFO  [ctor-http-nio-3] [trace:] c.a.a.filter.JwtAuthenticationFilter     : Incoming Gateway Request: GET http://localhost:8083/api/check-ins
2026-09-29 19:47:58.867 INFO  [ctor-http-nio-3] [trace:] c.a.a.filter.AuthenticationFilter        : Direct Staff Access active: Bypassing token validation on path '/api/check-ins'
2026-09-29 19:47:59.056 DEBUG [ctor-http-nio-3] [trace:] c.a.a.filter.CorrelationIdGlobalFilter   : Assigned Correlation ID: AB-UI-WBZXKLVL to GET /api/bookings/flight/1
2026-09-29 19:47:59.057 INFO  [ctor-http-nio-3] [trace:] c.a.a.filter.JwtAuthenticationFilter     : Incoming Gateway Request: GET http://localhost:8083/api/bookings/flight/1
2026-09-29 19:47:59.057 INFO  [ctor-http-nio-3] [trace:] c.a.a.filter.AuthenticationFilter        : Direct Staff Access active: Bypassing token validation on path '/api/bookings/flight/1'
2026-09-29 19:49:30.199 INFO  [rap-executor-%d] [trace:] c.n.d.s.r.aws.ConfigClusterResolver      : Resolving eureka endpoints via configuration
2026-09-29 19:54:30.208 INFO  [rap-executor-%d] [trace:] c.n.d.s.r.aws.ConfigClusterResolver      : Resolving eureka endpoints via configuration
2026-09-29 19:55:46.320 DEBUG [ctor-http-nio-4] [trace:] c.a.a.filter.CorrelationIdGlobalFilter   : Assigned Correlation ID: AB-UI-9E0Y8VW3 to GET /api/check-ins
2026-09-29 19:55:46.320 INFO  [ctor-http-nio-4] [trace:] c.a.a.filter.JwtAuthenticationFilter     : Incoming Gateway Request: GET http://localhost:8083/api/check-ins
2026-09-29 19:55:46.320 DEBUG [ctor-http-nio-5] [trace:] c.a.a.filter.CorrelationIdGlobalFilter   : Assigned Correlation ID: AB-UI-QPXDL134 to GET /api/flights
2026-09-29 19:55:46.320 INFO  [ctor-http-nio-4] [trace:] c.a.a.filter.AuthenticationFilter        : Direct Staff Access active: Bypassing token validation on path '/api/check-ins'
2026-09-29 19:55:46.323 INFO  [ctor-http-nio-5] [trace:] c.a.a.filter.JwtAuthenticationFilter     : Incoming Gateway Request: GET http://localhost:8083/api/flights
2026-09-29 19:55:46.323 INFO  [ctor-http-nio-5] [trace:] c.a.a.filter.AuthenticationFilter        : Direct Staff Access active: Bypassing token validation on path '/api/flights'
2026-09-29 19:55:46.383 DEBUG [ctor-http-nio-4] [trace:] c.a.a.filter.CorrelationIdGlobalFilter   : Assigned Correlation ID: AB-UI-XJYDFNFN to GET /api/bookings/flight/1
2026-09-29 19:55:46.383 INFO  [ctor-http-nio-4] [trace:] c.a.a.filter.JwtAuthenticationFilter     : Incoming Gateway Request: GET http://localhost:8083/api/bookings/flight/1
2026-09-29 19:55:46.383 INFO  [ctor-http-nio-4] [trace:] c.a.a.filter.AuthenticationFilter        : Direct Staff Access active: Bypassing token validation on path '/api/bookings/flight/1'
2026-09-29 19:55:58.437 DEBUG [ctor-http-nio-5] [trace:] c.a.a.filter.CorrelationIdGlobalFilter   : Assigned Correlation ID: AB-UI-WMOF0W4F to GET /api/flights
2026-09-29 19:55:58.437 DEBUG [ctor-http-nio-4] [trace:] c.a.a.filter.CorrelationIdGlobalFilter   : Assigned Correlation ID: AB-UI-XGU6BX74 to GET /api/check-ins
2026-09-29 19:55:58.437 INFO  [ctor-http-nio-5] [trace:] c.a.a.filter.JwtAuthenticationFilter     : Incoming Gateway Request: GET http://localhost:8083/api/flights
2026-09-29 19:55:58.437 INFO  [ctor-http-nio-4] [trace:] c.a.a.filter.JwtAuthenticationFilter     : Incoming Gateway Request: GET http://localhost:8083/api/check-ins
2026-09-29 19:55:58.437 INFO  [ctor-http-nio-5] [trace:] c.a.a.filter.AuthenticationFilter        : Direct Staff Access active: Bypassing token validation on path '/api/flights'
2026-09-29 19:55:58.438 INFO  [ctor-http-nio-4] [trace:] c.a.a.filter.AuthenticationFilter        : Direct Staff Access active: Bypassing token validation on path '/api/check-ins'
2026-09-29 19:55:58.480 DEBUG [ctor-http-nio-4] [trace:] c.a.a.filter.CorrelationIdGlobalFilter   : Assigned Correlation ID: AB-UI-UCA3O7AG to GET /api/bookings/flight/1
2026-09-29 19:55:58.480 INFO  [ctor-http-nio-4] [trace:] c.a.a.filter.JwtAuthenticationFilter     : Incoming Gateway Request: GET http://localhost:8083/api/bookings/flight/1
2026-09-29 19:55:58.480 INFO  [ctor-http-nio-4] [trace:] c.a.a.filter.AuthenticationFilter        : Direct Staff Access active: Bypassing token validation on path '/api/bookings/flight/1'
2026-09-29 19:56:07.053 DEBUG [ctor-http-nio-4] [trace:] c.a.a.filter.CorrelationIdGlobalFilter   : Assigned Correlation ID: AB-UI-ZNL99GZ2 to POST /api/auth/login
2026-09-29 19:56:07.054 INFO  [ctor-http-nio-4] [trace:] c.a.a.filter.JwtAuthenticationFilter     : Incoming Gateway Request: POST http://localhost:8083/api/auth/login
2026-09-29 19:56:07.108 DEBUG [ctor-http-nio-7] [trace:] c.a.a.filter.CorrelationIdGlobalFilter   : Assigned Correlation ID: AB-UI-SNQ476KM to GET /api/flights
2026-09-29 19:56:07.108 DEBUG [ctor-http-nio-5] [trace:] c.a.a.filter.CorrelationIdGlobalFilter   : Assigned Correlation ID: AB-UI-TH8DKYCK to GET /api/admin/aircrafts
2026-09-29 19:56:07.108 INFO  [ctor-http-nio-7] [trace:] c.a.a.filter.JwtAuthenticationFilter     : Incoming Gateway Request: GET http://localhost:8083/api/flights
2026-09-29 19:56:07.109 INFO  [ctor-http-nio-5] [trace:] c.a.a.filter.JwtAuthenticationFilter     : Incoming Gateway Request: GET http://localhost:8083/api/admin/aircrafts
2026-09-29 19:56:07.109 INFO  [ctor-http-nio-7] [trace:] c.a.a.filter.AuthenticationFilter        : Direct Admin Access active: Bypassing token validation for enhancement/dev mode on path '/api/flights'
2026-09-29 19:56:07.109 INFO  [ctor-http-nio-5] [trace:] c.a.a.filter.AuthenticationFilter        : Direct Admin Access active: Bypassing token validation for enhancement/dev mode on path '/api/admin/aircrafts'
2026-09-29 19:56:07.111 DEBUG [ctor-http-nio-4] [trace:] c.a.a.filter.CorrelationIdGlobalFilter   : Assigned Correlation ID: AB-UI-1R71A5ZL to GET /api/bookings
2026-09-29 19:56:07.111 DEBUG [ctor-http-nio-8] [trace:] c.a.a.filter.CorrelationIdGlobalFilter   : Assigned Correlation ID: AB-UI-RRGTJP0I to GET /api/fares
2026-09-29 19:56:07.111 DEBUG [ctor-http-nio-6] [trace:] c.a.a.filter.CorrelationIdGlobalFilter   : Assigned Correlation ID: AB-UI-PCO10DXU to GET /api/v1/users
2026-09-29 19:56:07.112 INFO  [ctor-http-nio-6] [trace:] c.a.a.filter.JwtAuthenticationFilter     : Incoming Gateway Request: GET http://localhost:8083/api/v1/users
2026-09-29 19:56:07.112 INFO  [ctor-http-nio-4] [trace:] c.a.a.filter.JwtAuthenticationFilter     : Incoming Gateway Request: GET http://localhost:8083/api/bookings
2026-09-29 19:56:07.112 INFO  [ctor-http-nio-8] [trace:] c.a.a.filter.JwtAuthenticationFilter     : Incoming Gateway Request: GET http://localhost:8083/api/fares
2026-09-29 19:56:07.112 INFO  [ctor-http-nio-6] [trace:] c.a.a.filter.AuthenticationFilter        : Direct Admin Access active: Bypassing token validation for enhancement/dev mode on path '/api/v1/users'
2026-09-29 19:56:07.113 INFO  [ctor-http-nio-4] [trace:] c.a.a.filter.AuthenticationFilter        : Direct Admin Access active: Bypassing token validation for enhancement/dev mode on path '/api/bookings'
2026-09-29 19:56:07.113 INFO  [ctor-http-nio-8] [trace:] c.a.a.filter.AuthenticationFilter        : Direct Admin Access active: Bypassing token validation for enhancement/dev mode on path '/api/fares'
2026-09-29 19:56:13.592 DEBUG [ctor-http-nio-6] [trace:] c.a.a.filter.CorrelationIdGlobalFilter   : Assigned Correlation ID: AB-UI-H9KXII9P to GET /api/check-ins
2026-09-29 19:56:13.592 DEBUG [ctor-http-nio-4] [trace:] c.a.a.filter.CorrelationIdGlobalFilter   : Assigned Correlation ID: AB-UI-9F21UP1Q to GET /api/flights
2026-09-29 19:56:13.593 INFO  [ctor-http-nio-6] [trace:] c.a.a.filter.JwtAuthenticationFilter     : Incoming Gateway Request: GET http://localhost:8083/api/check-ins
2026-09-29 19:56:13.593 INFO  [ctor-http-nio-4] [trace:] c.a.a.filter.JwtAuthenticationFilter     : Incoming Gateway Request: GET http://localhost:8083/api/flights
2026-09-29 19:56:13.593 INFO  [ctor-http-nio-6] [trace:] c.a.a.filter.AuthenticationFilter        : Direct Admin Access active: Bypassing token validation for enhancement/dev mode on path '/api/check-ins'
2026-09-29 19:56:13.593 INFO  [ctor-http-nio-4] [trace:] c.a.a.filter.AuthenticationFilter        : Direct Admin Access active: Bypassing token validation for enhancement/dev mode on path '/api/flights'
2026-09-29 19:56:13.624 DEBUG [ctor-http-nio-4] [trace:] c.a.a.filter.CorrelationIdGlobalFilter   : Assigned Correlation ID: AB-UI-XMO7KV56 to GET /api/bookings/flight/1
2026-09-29 19:56:13.624 INFO  [ctor-http-nio-4] [trace:] c.a.a.filter.JwtAuthenticationFilter     : Incoming Gateway Request: GET http://localhost:8083/api/bookings/flight/1
2026-09-29 19:56:13.625 INFO  [ctor-http-nio-4] [trace:] c.a.a.filter.AuthenticationFilter        : Direct Admin Access active: Bypassing token validation for enhancement/dev mode on path '/api/bookings/flight/1'
2026-09-29 19:56:29.885 DEBUG [ctor-http-nio-8] [trace:] c.a.a.filter.CorrelationIdGlobalFilter   : Assigned Correlation ID: AB-UI-V2B0UCOA to GET /api/v1/users/3
2026-09-29 19:56:29.885 DEBUG [ctor-http-nio-6] [trace:] c.a.a.filter.CorrelationIdGlobalFilter   : Assigned Correlation ID: AB-UI-BGIWEIAT to GET /api/flights
2026-09-29 19:56:29.885 INFO  [ctor-http-nio-8] [trace:] c.a.a.filter.JwtAuthenticationFilter     : Incoming Gateway Request: GET http://localhost:8083/api/v1/users/3
2026-09-29 19:56:29.886 INFO  [ctor-http-nio-8] [trace:] c.a.a.filter.AuthenticationFilter        : Direct Customer Access active: Bypassing token validation on path '/api/v1/users/3'
2026-09-29 19:56:29.885 INFO  [ctor-http-nio-6] [trace:] c.a.a.filter.JwtAuthenticationFilter     : Incoming Gateway Request: GET http://localhost:8083/api/flights
2026-09-29 19:56:29.885 DEBUG [ctor-http-nio-4] [trace:] c.a.a.filter.CorrelationIdGlobalFilter   : Assigned Correlation ID: AB-UI-AMH0WMMG to GET /api/notifications/user/3
2026-09-29 19:56:29.886 INFO  [ctor-http-nio-4] [trace:] c.a.a.filter.JwtAuthenticationFilter     : Incoming Gateway Request: GET http://localhost:8083/api/notifications/user/3
2026-09-29 19:56:29.885 DEBUG [ctor-http-nio-5] [trace:] c.a.a.filter.CorrelationIdGlobalFilter   : Assigned Correlation ID: AB-UI-CI5NYQFT to GET /api/bookings/user/3
2026-09-29 19:56:29.886 INFO  [ctor-http-nio-6] [trace:] c.a.a.filter.AuthenticationFilter        : Direct Customer Access active: Bypassing token validation on path '/api/flights'
2026-09-29 19:56:29.887 INFO  [ctor-http-nio-4] [trace:] c.a.a.filter.AuthenticationFilter        : Direct Customer Access active: Bypassing token validation on path '/api/notifications/user/3'
2026-09-29 19:56:29.887 INFO  [ctor-http-nio-5] [trace:] c.a.a.filter.JwtAuthenticationFilter     : Incoming Gateway Request: GET http://localhost:8083/api/bookings/user/3
2026-09-29 19:56:29.888 INFO  [ctor-http-nio-5] [trace:] c.a.a.filter.AuthenticationFilter        : Direct Customer Access active: Bypassing token validation on path '/api/bookings/user/3'
2026-09-29 19:56:35.015 DEBUG [ctor-http-nio-5] [trace:] c.a.a.filter.CorrelationIdGlobalFilter   : Assigned Correlation ID: AB-UI-6JIB4BHG to GET /api/v1/users/3
2026-09-29 19:56:35.015 DEBUG [ctor-http-nio-6] [trace:] c.a.a.filter.CorrelationIdGlobalFilter   : Assigned Correlation ID: AB-UI-1OHO5G4F to GET /api/bookings/user/3
2026-09-29 19:56:35.015 INFO  [ctor-http-nio-6] [trace:] c.a.a.filter.JwtAuthenticationFilter     : Incoming Gateway Request: GET http://localhost:8083/api/bookings/user/3
2026-09-29 19:56:35.015 INFO  [ctor-http-nio-5] [trace:] c.a.a.filter.JwtAuthenticationFilter     : Incoming Gateway Request: GET http://localhost:8083/api/v1/users/3
2026-09-29 19:56:35.015 DEBUG [ctor-http-nio-8] [trace:] c.a.a.filter.CorrelationIdGlobalFilter   : Assigned Correlation ID: AB-UI-GSP76HHW to GET /api/flights
2026-09-29 19:56:35.016 INFO  [ctor-http-nio-6] [trace:] c.a.a.filter.AuthenticationFilter        : Direct Customer Access active: Bypassing token validation on path '/api/bookings/user/3'
2026-09-29 19:56:35.016 INFO  [ctor-http-nio-5] [trace:] c.a.a.filter.AuthenticationFilter        : Direct Customer Access active: Bypassing token validation on path '/api/v1/users/3'
2026-09-29 19:56:35.016 INFO  [ctor-http-nio-8] [trace:] c.a.a.filter.JwtAuthenticationFilter     : Incoming Gateway Request: GET http://localhost:8083/api/flights
2026-09-29 19:56:35.017 INFO  [ctor-http-nio-8] [trace:] c.a.a.filter.AuthenticationFilter        : Direct Customer Access active: Bypassing token validation on path '/api/flights'
2026-09-29 19:56:35.019 DEBUG [ctor-http-nio-4] [trace:] c.a.a.filter.CorrelationIdGlobalFilter   : Assigned Correlation ID: AB-UI-VXIFWKKI to GET /api/notifications/user/3
2026-09-29 19:56:35.019 INFO  [ctor-http-nio-4] [trace:] c.a.a.filter.JwtAuthenticationFilter     : Incoming Gateway Request: GET http://localhost:8083/api/notifications/user/3
2026-09-29 19:56:35.019 INFO  [ctor-http-nio-4] [trace:] c.a.a.filter.AuthenticationFilter        : Direct Customer Access active: Bypassing token validation on path '/api/notifications/user/3'
2026-09-29 19:56:39.012 DEBUG [ctor-http-nio-5] [trace:] c.a.a.filter.CorrelationIdGlobalFilter   : Assigned Correlation ID: AB-UI-BJTZ89QW to GET /api/flights
2026-09-29 19:56:39.012 INFO  [ctor-http-nio-5] [trace:] c.a.a.filter.JwtAuthenticationFilter     : Incoming Gateway Request: GET http://localhost:8083/api/flights
2026-09-29 19:56:39.013 INFO  [ctor-http-nio-5] [trace:] c.a.a.filter.AuthenticationFilter        : Direct Customer Access active: Bypassing token validation on path '/api/flights'
2026-09-29 19:56:39.734 DEBUG [ctor-http-nio-5] [trace:] c.a.a.filter.CorrelationIdGlobalFilter   : Assigned Correlation ID: AB-UI-A2OW4Z27 to GET /api/v1/users/3
2026-09-29 19:56:39.734 DEBUG [ctor-http-nio-4] [trace:] c.a.a.filter.CorrelationIdGlobalFilter   : Assigned Correlation ID: AB-UI-O3KFM2YY to GET /api/bookings/user/3
2026-09-29 19:56:39.734 INFO  [ctor-http-nio-5] [trace:] c.a.a.filter.JwtAuthenticationFilter     : Incoming Gateway Request: GET http://localhost:8083/api/v1/users/3
2026-09-29 19:56:39.734 INFO  [ctor-http-nio-4] [trace:] c.a.a.filter.JwtAuthenticationFilter     : Incoming Gateway Request: GET http://localhost:8083/api/bookings/user/3
2026-09-29 19:56:39.737 DEBUG [ctor-http-nio-8] [trace:] c.a.a.filter.CorrelationIdGlobalFilter   : Assigned Correlation ID: AB-UI-8EYOECIM to GET /api/flights
2026-09-29 19:56:39.739 INFO  [ctor-http-nio-8] [trace:] c.a.a.filter.JwtAuthenticationFilter     : Incoming Gateway Request: GET http://localhost:8083/api/flights
2026-09-29 19:56:39.737 INFO  [ctor-http-nio-5] [trace:] c.a.a.filter.AuthenticationFilter        : Direct Customer Access active: Bypassing token validation on path '/api/v1/users/3'
2026-09-29 19:56:39.738 DEBUG [ctor-http-nio-6] [trace:] c.a.a.filter.CorrelationIdGlobalFilter   : Assigned Correlation ID: AB-UI-PGOQNO6W to GET /api/notifications/user/3
2026-09-29 19:56:39.740 INFO  [ctor-http-nio-8] [trace:] c.a.a.filter.AuthenticationFilter        : Direct Customer Access active: Bypassing token validation on path '/api/flights'
2026-09-29 19:56:39.738 INFO  [ctor-http-nio-4] [trace:] c.a.a.filter.AuthenticationFilter        : Direct Customer Access active: Bypassing token validation on path '/api/bookings/user/3'
2026-09-29 19:56:39.740 INFO  [ctor-http-nio-6] [trace:] c.a.a.filter.JwtAuthenticationFilter     : Incoming Gateway Request: GET http://localhost:8083/api/notifications/user/3
2026-09-29 19:56:39.741 INFO  [ctor-http-nio-6] [trace:] c.a.a.filter.AuthenticationFilter        : Direct Customer Access active: Bypassing token validation on path '/api/notifications/user/3'
2026-09-29 19:58:32.843 DEBUG [ctor-http-nio-5] [trace:] c.a.a.filter.CorrelationIdGlobalFilter   : Assigned Correlation ID: AB-UI-8B4BF1YH to GET /api/flights
2026-09-29 19:58:32.844 INFO  [ctor-http-nio-5] [trace:] c.a.a.filter.JwtAuthenticationFilter     : Incoming Gateway Request: GET http://localhost:8083/api/flights
2026-09-29 19:58:32.844 INFO  [ctor-http-nio-5] [trace:] c.a.a.filter.AuthenticationFilter        : Direct Customer Access active: Bypassing token validation on path '/api/flights'
2026-09-29 19:59:30.211 INFO  [rap-executor-%d] [trace:] c.n.d.s.r.aws.ConfigClusterResolver      : Resolving eureka endpoints via configuration
2026-09-29 20:00:14.486 DEBUG [ctor-http-nio-8] [trace:] c.a.a.filter.CorrelationIdGlobalFilter   : Assigned Correlation ID: AB-UI-X4F1KULZ to GET /api/v1/users/3
2026-09-29 20:00:14.486 DEBUG [ctor-http-nio-4] [trace:] c.a.a.filter.CorrelationIdGlobalFilter   : Assigned Correlation ID: AB-UI-8IPD17N4 to GET /api/flights
2026-09-29 20:00:14.486 DEBUG [ctor-http-nio-6] [trace:] c.a.a.filter.CorrelationIdGlobalFilter   : Assigned Correlation ID: AB-UI-UAFHIFUG to GET /api/bookings/user/3
2026-09-29 20:00:14.486 INFO  [ctor-http-nio-8] [trace:] c.a.a.filter.JwtAuthenticationFilter     : Incoming Gateway Request: GET http://localhost:8083/api/v1/users/3
2026-09-29 20:00:14.486 DEBUG [ctor-http-nio-5] [trace:] c.a.a.filter.CorrelationIdGlobalFilter   : Assigned Correlation ID: AB-UI-ES2ZXETJ to GET /api/notifications/user/3
2026-09-29 20:00:14.486 INFO  [ctor-http-nio-4] [trace:] c.a.a.filter.JwtAuthenticationFilter     : Incoming Gateway Request: GET http://localhost:8083/api/flights
2026-09-29 20:00:14.487 INFO  [ctor-http-nio-6] [trace:] c.a.a.filter.JwtAuthenticationFilter     : Incoming Gateway Request: GET http://localhost:8083/api/bookings/user/3
2026-09-29 20:00:14.487 INFO  [ctor-http-nio-4] [trace:] c.a.a.filter.AuthenticationFilter        : Direct Customer Access active: Bypassing token validation on path '/api/flights'
2026-09-29 20:00:14.487 INFO  [ctor-http-nio-8] [trace:] c.a.a.filter.AuthenticationFilter        : Direct Customer Access active: Bypassing token validation on path '/api/v1/users/3'
2026-09-29 20:00:14.487 INFO  [ctor-http-nio-5] [trace:] c.a.a.filter.JwtAuthenticationFilter     : Incoming Gateway Request: GET http://localhost:8083/api/notifications/user/3
2026-09-29 20:00:14.488 INFO  [ctor-http-nio-5] [trace:] c.a.a.filter.AuthenticationFilter        : Direct Customer Access active: Bypassing token validation on path '/api/notifications/user/3'
2026-09-29 20:00:14.487 INFO  [ctor-http-nio-6] [trace:] c.a.a.filter.AuthenticationFilter        : Direct Customer Access active: Bypassing token validation on path '/api/bookings/user/3'
2026-09-29 20:00:16.889 DEBUG [ctor-http-nio-5] [trace:] c.a.a.filter.CorrelationIdGlobalFilter   : Assigned Correlation ID: AB-UI-6BACYJPJ to GET /api/v1/users/3
2026-09-29 20:00:16.889 DEBUG [ctor-http-nio-4] [trace:] c.a.a.filter.CorrelationIdGlobalFilter   : Assigned Correlation ID: AB-UI-8ODJQUBN to GET /api/bookings/user/3
2026-09-29 20:00:16.889 INFO  [ctor-http-nio-5] [trace:] c.a.a.filter.JwtAuthenticationFilter     : Incoming Gateway Request: GET http://localhost:8083/api/v1/users/3
2026-09-29 20:00:16.890 INFO  [ctor-http-nio-4] [trace:] c.a.a.filter.JwtAuthenticationFilter     : Incoming Gateway Request: GET http://localhost:8083/api/bookings/user/3
2026-09-29 20:00:16.890 DEBUG [ctor-http-nio-8] [trace:] c.a.a.filter.CorrelationIdGlobalFilter   : Assigned Correlation ID: AB-UI-FMWPWJ0Y to GET /api/flights
2026-09-29 20:00:16.890 INFO  [ctor-http-nio-5] [trace:] c.a.a.filter.AuthenticationFilter        : Direct Customer Access active: Bypassing token validation on path '/api/v1/users/3'
2026-09-29 20:00:16.890 INFO  [ctor-http-nio-4] [trace:] c.a.a.filter.AuthenticationFilter        : Direct Customer Access active: Bypassing token validation on path '/api/bookings/user/3'
2026-09-29 20:00:16.890 DEBUG [ctor-http-nio-6] [trace:] c.a.a.filter.CorrelationIdGlobalFilter   : Assigned Correlation ID: AB-UI-ES1RH7AA to GET /api/notifications/user/3
2026-09-29 20:00:16.890 INFO  [ctor-http-nio-8] [trace:] c.a.a.filter.JwtAuthenticationFilter     : Incoming Gateway Request: GET http://localhost:8083/api/flights
2026-09-29 20:00:16.891 INFO  [ctor-http-nio-6] [trace:] c.a.a.filter.JwtAuthenticationFilter     : Incoming Gateway Request: GET http://localhost:8083/api/notifications/user/3
2026-09-29 20:00:16.891 INFO  [ctor-http-nio-8] [trace:] c.a.a.filter.AuthenticationFilter        : Direct Customer Access active: Bypassing token validation on path '/api/flights'
2026-09-29 20:00:16.891 INFO  [ctor-http-nio-6] [trace:] c.a.a.filter.AuthenticationFilter        : Direct Customer Access active: Bypassing token validation on path '/api/notifications/user/3'
2026-09-29 20:00:49.644 DEBUG [ctor-http-nio-6] [trace:] c.a.a.filter.CorrelationIdGlobalFilter   : Assigned Correlation ID: AB-UI-89KDRONH to GET /api/bookings/user/3
2026-09-29 20:00:49.644 DEBUG [ctor-http-nio-4] [trace:] c.a.a.filter.CorrelationIdGlobalFilter   : Assigned Correlation ID: AB-UI-QA931BAD to GET /api/v1/users/3
2026-09-29 20:00:49.644 DEBUG [ctor-http-nio-5] [trace:] c.a.a.filter.CorrelationIdGlobalFilter   : Assigned Correlation ID: AB-UI-JDFEZQ8A to GET /api/notifications/user/3
2026-09-29 20:00:49.644 DEBUG [ctor-http-nio-8] [trace:] c.a.a.filter.CorrelationIdGlobalFilter   : Assigned Correlation ID: AB-UI-M2O98SUR to GET /api/flights
2026-09-29 20:00:49.644 INFO  [ctor-http-nio-6] [trace:] c.a.a.filter.JwtAuthenticationFilter     : Incoming Gateway Request: GET http://localhost:8083/api/bookings/user/3
2026-09-29 20:00:49.644 INFO  [ctor-http-nio-4] [trace:] c.a.a.filter.JwtAuthenticationFilter     : Incoming Gateway Request: GET http://localhost:8083/api/v1/users/3
2026-09-29 20:00:49.645 INFO  [ctor-http-nio-6] [trace:] c.a.a.filter.AuthenticationFilter        : Direct Customer Access active: Bypassing token validation on path '/api/bookings/user/3'
2026-09-29 20:00:49.645 INFO  [ctor-http-nio-5] [trace:] c.a.a.filter.JwtAuthenticationFilter     : Incoming Gateway Request: GET http://localhost:8083/api/notifications/user/3
2026-09-29 20:00:49.645 INFO  [ctor-http-nio-8] [trace:] c.a.a.filter.JwtAuthenticationFilter     : Incoming Gateway Request: GET http://localhost:8083/api/flights
2026-09-29 20:00:49.645 INFO  [ctor-http-nio-4] [trace:] c.a.a.filter.AuthenticationFilter        : Direct Customer Access active: Bypassing token validation on path '/api/v1/users/3'
2026-09-29 20:00:49.645 INFO  [ctor-http-nio-5] [trace:] c.a.a.filter.AuthenticationFilter        : Direct Customer Access active: Bypassing token validation on path '/api/notifications/user/3'
2026-09-29 20:00:49.645 INFO  [ctor-http-nio-8] [trace:] c.a.a.filter.AuthenticationFilter        : Direct Customer Access active: Bypassing token validation on path '/api/flights'
2026-09-29 20:02:05.824 DEBUG [ctor-http-nio-5] [trace:] c.a.a.filter.CorrelationIdGlobalFilter   : Assigned Correlation ID: AB-UI-OXANYXP8 to GET /api/flights
2026-09-29 20:02:05.824 INFO  [ctor-http-nio-5] [trace:] c.a.a.filter.JwtAuthenticationFilter     : Incoming Gateway Request: GET http://localhost:8083/api/flights
2026-09-29 20:02:05.825 INFO  [ctor-http-nio-5] [trace:] c.a.a.filter.AuthenticationFilter        : Direct Customer Access active: Bypassing token validation on path '/api/flights'
2026-09-29 20:02:07.650 DEBUG [ctor-http-nio-5] [trace:] c.a.a.filter.CorrelationIdGlobalFilter   : Assigned Correlation ID: AB-UI-BIXSEW56 to GET /api/v1/users/3
2026-09-29 20:02:07.650 INFO  [ctor-http-nio-5] [trace:] c.a.a.filter.JwtAuthenticationFilter     : Incoming Gateway Request: GET http://localhost:8083/api/v1/users/3
2026-09-29 20:02:07.650 INFO  [ctor-http-nio-5] [trace:] c.a.a.filter.AuthenticationFilter        : Direct Customer Access active: Bypassing token validation on path '/api/v1/users/3'
2026-09-29 20:02:07.652 DEBUG [ctor-http-nio-4] [trace:] c.a.a.filter.CorrelationIdGlobalFilter   : Assigned Correlation ID: AB-UI-EH7L2EX0 to GET /api/bookings/user/3
2026-09-29 20:02:07.652 DEBUG [ctor-http-nio-8] [trace:] c.a.a.filter.CorrelationIdGlobalFilter   : Assigned Correlation ID: AB-UI-0YD6PIPK to GET /api/flights
2026-09-29 20:02:07.652 INFO  [ctor-http-nio-4] [trace:] c.a.a.filter.JwtAuthenticationFilter     : Incoming Gateway Request: GET http://localhost:8083/api/bookings/user/3
2026-09-29 20:02:07.652 INFO  [ctor-http-nio-8] [trace:] c.a.a.filter.JwtAuthenticationFilter     : Incoming Gateway Request: GET http://localhost:8083/api/flights
2026-09-29 20:02:07.652 INFO  [ctor-http-nio-4] [trace:] c.a.a.filter.AuthenticationFilter        : Direct Customer Access active: Bypassing token validation on path '/api/bookings/user/3'
2026-09-29 20:02:07.654 INFO  [ctor-http-nio-8] [trace:] c.a.a.filter.AuthenticationFilter        : Direct Customer Access active: Bypassing token validation on path '/api/flights'
2026-09-29 20:02:07.657 DEBUG [ctor-http-nio-6] [trace:] c.a.a.filter.CorrelationIdGlobalFilter   : Assigned Correlation ID: AB-UI-MSUSQNBW to GET /api/notifications/user/3
2026-09-29 20:02:07.658 INFO  [ctor-http-nio-6] [trace:] c.a.a.filter.JwtAuthenticationFilter     : Incoming Gateway Request: GET http://localhost:8083/api/notifications/user/3
2026-09-29 20:02:07.658 INFO  [ctor-http-nio-6] [trace:] c.a.a.filter.AuthenticationFilter        : Direct Customer Access active: Bypassing token validation on path '/api/notifications/user/3'
2026-09-29 20:04:30.213 INFO  [rap-executor-%d] [trace:] c.n.d.s.r.aws.ConfigClusterResolver      : Resolving eureka endpoints via configuration
2026-09-29 20:04:34.159 DEBUG [ctor-http-nio-4] [trace:] c.a.a.filter.CorrelationIdGlobalFilter   : Assigned Correlation ID: AB-UI-RC0C5NLJ to GET /api/v1/users/3
2026-09-29 20:04:34.159 DEBUG [ctor-http-nio-8] [trace:] c.a.a.filter.CorrelationIdGlobalFilter   : Assigned Correlation ID: AB-UI-TWYY1OAO to GET /api/bookings/user/3
2026-09-29 20:04:34.159 DEBUG [ctor-http-nio-5] [trace:] c.a.a.filter.CorrelationIdGlobalFilter   : Assigned Correlation ID: AB-UI-2Y1QLME9 to GET /api/flights
2026-09-29 20:04:34.159 DEBUG [ctor-http-nio-6] [trace:] c.a.a.filter.CorrelationIdGlobalFilter   : Assigned Correlation ID: AB-UI-COY9NJY6 to GET /api/notifications/user/3
2026-09-29 20:04:34.159 INFO  [ctor-http-nio-4] [trace:] c.a.a.filter.JwtAuthenticationFilter     : Incoming Gateway Request: GET http://localhost:8083/api/v1/users/3
2026-09-29 20:04:34.159 INFO  [ctor-http-nio-8] [trace:] c.a.a.filter.JwtAuthenticationFilter     : Incoming Gateway Request: GET http://localhost:8083/api/bookings/user/3
2026-09-29 20:04:34.159 INFO  [ctor-http-nio-5] [trace:] c.a.a.filter.JwtAuthenticationFilter     : Incoming Gateway Request: GET http://localhost:8083/api/flights
2026-09-29 20:04:34.159 INFO  [ctor-http-nio-6] [trace:] c.a.a.filter.JwtAuthenticationFilter     : Incoming Gateway Request: GET http://localhost:8083/api/notifications/user/3
2026-09-29 20:04:34.160 INFO  [ctor-http-nio-4] [trace:] c.a.a.filter.AuthenticationFilter        : Direct Customer Access active: Bypassing token validation on path '/api/v1/users/3'
2026-09-29 20:04:34.160 INFO  [ctor-http-nio-8] [trace:] c.a.a.filter.AuthenticationFilter        : Direct Customer Access active: Bypassing token validation on path '/api/bookings/user/3'
2026-09-29 20:04:34.160 INFO  [ctor-http-nio-5] [trace:] c.a.a.filter.AuthenticationFilter        : Direct Customer Access active: Bypassing token validation on path '/api/flights'
2026-09-29 20:04:34.160 INFO  [ctor-http-nio-6] [trace:] c.a.a.filter.AuthenticationFilter        : Direct Customer Access active: Bypassing token validation on path '/api/notifications/user/3'
2026-09-29 20:04:43.008 DEBUG [ctor-http-nio-6] [trace:] c.a.a.filter.CorrelationIdGlobalFilter   : Assigned Correlation ID: AB-UI-2K2CNW4Y to GET /api/v1/users/3
2026-09-29 20:04:43.009 DEBUG [ctor-http-nio-4] [trace:] c.a.a.filter.CorrelationIdGlobalFilter   : Assigned Correlation ID: AB-UI-FU9MSB16 to GET /api/bookings/user/3
2026-09-29 20:04:43.009 INFO  [ctor-http-nio-4] [trace:] c.a.a.filter.JwtAuthenticationFilter     : Incoming Gateway Request: GET http://localhost:8083/api/bookings/user/3
2026-09-29 20:04:43.009 DEBUG [ctor-http-nio-5] [trace:] c.a.a.filter.CorrelationIdGlobalFilter   : Assigned Correlation ID: AB-UI-SR8HJBLE to GET /api/flights
2026-09-29 20:04:43.009 INFO  [ctor-http-nio-6] [trace:] c.a.a.filter.JwtAuthenticationFilter     : Incoming Gateway Request: GET http://localhost:8083/api/v1/users/3
2026-09-29 20:04:43.010 INFO  [ctor-http-nio-4] [trace:] c.a.a.filter.AuthenticationFilter        : Direct Customer Access active: Bypassing token validation on path '/api/bookings/user/3'
2026-09-29 20:04:43.010 INFO  [ctor-http-nio-5] [trace:] c.a.a.filter.JwtAuthenticationFilter     : Incoming Gateway Request: GET http://localhost:8083/api/flights
2026-09-29 20:04:43.010 INFO  [ctor-http-nio-6] [trace:] c.a.a.filter.AuthenticationFilter        : Direct Customer Access active: Bypassing token validation on path '/api/v1/users/3'
2026-09-29 20:04:43.011 INFO  [ctor-http-nio-5] [trace:] c.a.a.filter.AuthenticationFilter        : Direct Customer Access active: Bypassing token validation on path '/api/flights'
2026-09-29 20:04:43.013 DEBUG [ctor-http-nio-8] [trace:] c.a.a.filter.CorrelationIdGlobalFilter   : Assigned Correlation ID: AB-UI-C8U122W0 to GET /api/notifications/user/3
2026-09-29 20:04:43.014 INFO  [ctor-http-nio-8] [trace:] c.a.a.filter.JwtAuthenticationFilter     : Incoming Gateway Request: GET http://localhost:8083/api/notifications/user/3
2026-09-29 20:04:43.014 INFO  [ctor-http-nio-8] [trace:] c.a.a.filter.AuthenticationFilter        : Direct Customer Access active: Bypassing token validation on path '/api/notifications/user/3'
2026-09-29 20:06:57.088 DEBUG [ctor-http-nio-8] [trace:] c.a.a.filter.CorrelationIdGlobalFilter   : Assigned Correlation ID: AB-UI-15JFM22J to GET /api/flights
2026-09-29 20:06:57.088 INFO  [ctor-http-nio-8] [trace:] c.a.a.filter.JwtAuthenticationFilter     : Incoming Gateway Request: GET http://localhost:8083/api/flights
2026-09-29 20:06:57.088 INFO  [ctor-http-nio-8] [trace:] c.a.a.filter.AuthenticationFilter        : Direct Customer Access active: Bypassing token validation on path '/api/flights'
2026-09-29 20:07:06.829 DEBUG [ctor-http-nio-4] [trace:] c.a.a.filter.CorrelationIdGlobalFilter   : Assigned Correlation ID: AB-UI-1UUT1DRV to GET /api/v1/users/3
2026-09-29 20:07:06.829 DEBUG [ctor-http-nio-5] [trace:] c.a.a.filter.CorrelationIdGlobalFilter   : Assigned Correlation ID: AB-UI-GP7JGK0N to GET /api/bookings/user/3
2026-09-29 20:07:06.829 DEBUG [ctor-http-nio-8] [trace:] c.a.a.filter.CorrelationIdGlobalFilter   : Assigned Correlation ID: AB-UI-JHTESILN to GET /api/notifications/user/3
2026-09-29 20:07:06.829 INFO  [ctor-http-nio-4] [trace:] c.a.a.filter.JwtAuthenticationFilter     : Incoming Gateway Request: GET http://localhost:8083/api/v1/users/3
2026-09-29 20:07:06.829 DEBUG [ctor-http-nio-6] [trace:] c.a.a.filter.CorrelationIdGlobalFilter   : Assigned Correlation ID: AB-UI-Q9OZZKUF to GET /api/flights
2026-09-29 20:07:06.830 INFO  [ctor-http-nio-5] [trace:] c.a.a.filter.JwtAuthenticationFilter     : Incoming Gateway Request: GET http://localhost:8083/api/bookings/user/3
2026-09-29 20:07:06.830 INFO  [ctor-http-nio-8] [trace:] c.a.a.filter.JwtAuthenticationFilter     : Incoming Gateway Request: GET http://localhost:8083/api/notifications/user/3
2026-09-29 20:07:06.830 INFO  [ctor-http-nio-4] [trace:] c.a.a.filter.AuthenticationFilter        : Direct Customer Access active: Bypassing token validation on path '/api/v1/users/3'
2026-09-29 20:07:06.830 INFO  [ctor-http-nio-6] [trace:] c.a.a.filter.JwtAuthenticationFilter     : Incoming Gateway Request: GET http://localhost:8083/api/flights
2026-09-29 20:07:06.830 INFO  [ctor-http-nio-5] [trace:] c.a.a.filter.AuthenticationFilter        : Direct Customer Access active: Bypassing token validation on path '/api/bookings/user/3'
2026-09-29 20:07:06.830 INFO  [ctor-http-nio-8] [trace:] c.a.a.filter.AuthenticationFilter        : Direct Customer Access active: Bypassing token validation on path '/api/notifications/user/3'
2026-09-29 20:07:06.830 INFO  [ctor-http-nio-6] [trace:] c.a.a.filter.AuthenticationFilter        : Direct Customer Access active: Bypassing token validation on path '/api/flights'
2026-09-29 20:07:08.324 DEBUG [ctor-http-nio-4] [trace:] c.a.a.filter.CorrelationIdGlobalFilter   : Assigned Correlation ID: AB-UI-MZS0FHD4 to GET /api/flights
2026-09-29 20:07:08.324 INFO  [ctor-http-nio-4] [trace:] c.a.a.filter.JwtAuthenticationFilter     : Incoming Gateway Request: GET http://localhost:8083/api/flights
2026-09-29 20:07:08.324 INFO  [ctor-http-nio-4] [trace:] c.a.a.filter.AuthenticationFilter        : Direct Customer Access active: Bypassing token validation on path '/api/flights'
2026-09-29 20:07:12.327 DEBUG [ctor-http-nio-5] [trace:] c.a.a.filter.CorrelationIdGlobalFilter   : Assigned Correlation ID: AB-UI-7RA5PAX5 to GET /api/flights
2026-09-29 20:07:12.327 DEBUG [ctor-http-nio-4] [trace:] c.a.a.filter.CorrelationIdGlobalFilter   : Assigned Correlation ID: AB-UI-XGLJG6R2 to GET /api/check-ins
2026-09-29 20:07:12.327 INFO  [ctor-http-nio-5] [trace:] c.a.a.filter.JwtAuthenticationFilter     : Incoming Gateway Request: GET http://localhost:8083/api/flights
2026-09-29 20:07:12.327 INFO  [ctor-http-nio-4] [trace:] c.a.a.filter.JwtAuthenticationFilter     : Incoming Gateway Request: GET http://localhost:8083/api/check-ins
2026-09-29 20:07:12.327 INFO  [ctor-http-nio-5] [trace:] c.a.a.filter.AuthenticationFilter        : Direct Staff Access active: Bypassing token validation on path '/api/flights'
2026-09-29 20:07:12.327 INFO  [ctor-http-nio-4] [trace:] c.a.a.filter.AuthenticationFilter        : Direct Staff Access active: Bypassing token validation on path '/api/check-ins'
2026-09-29 20:07:12.384 DEBUG [ctor-http-nio-4] [trace:] c.a.a.filter.CorrelationIdGlobalFilter   : Assigned Correlation ID: AB-UI-IHVXWRRB to GET /api/bookings/flight/1
2026-09-29 20:07:12.384 INFO  [ctor-http-nio-4] [trace:] c.a.a.filter.JwtAuthenticationFilter     : Incoming Gateway Request: GET http://localhost:8083/api/bookings/flight/1
2026-09-29 20:07:12.384 INFO  [ctor-http-nio-4] [trace:] c.a.a.filter.AuthenticationFilter        : Direct Staff Access active: Bypassing token validation on path '/api/bookings/flight/1'
2026-09-29 20:07:14.050 DEBUG [ctor-http-nio-4] [trace:] c.a.a.filter.CorrelationIdGlobalFilter   : Assigned Correlation ID: AB-UI-AAYT5SKV to GET /api/flights
2026-09-29 20:07:14.051 INFO  [ctor-http-nio-4] [trace:] c.a.a.filter.JwtAuthenticationFilter     : Incoming Gateway Request: GET http://localhost:8083/api/flights
2026-09-29 20:07:14.051 INFO  [ctor-http-nio-4] [trace:] c.a.a.filter.AuthenticationFilter        : Direct Staff Access active: Bypassing token validation on path '/api/flights'
2026-09-29 20:07:28.493 DEBUG [ctor-http-nio-4] [trace:] c.a.a.filter.CorrelationIdGlobalFilter   : Assigned Correlation ID: AB-UI-SA0E0GXA to GET /api/check-ins
2026-09-29 20:07:28.493 DEBUG [ctor-http-nio-5] [trace:] c.a.a.filter.CorrelationIdGlobalFilter   : Assigned Correlation ID: AB-UI-MG0KEGW1 to GET /api/flights
2026-09-29 20:07:28.494 INFO  [ctor-http-nio-4] [trace:] c.a.a.filter.JwtAuthenticationFilter     : Incoming Gateway Request: GET http://localhost:8083/api/check-ins
2026-09-29 20:07:28.494 INFO  [ctor-http-nio-5] [trace:] c.a.a.filter.JwtAuthenticationFilter     : Incoming Gateway Request: GET http://localhost:8083/api/flights
2026-09-29 20:07:28.494 INFO  [ctor-http-nio-4] [trace:] c.a.a.filter.AuthenticationFilter        : Direct Staff Access active: Bypassing token validation on path '/api/check-ins'
2026-09-29 20:07:28.494 INFO  [ctor-http-nio-5] [trace:] c.a.a.filter.AuthenticationFilter        : Direct Staff Access active: Bypassing token validation on path '/api/flights'
2026-09-29 20:07:28.521 DEBUG [ctor-http-nio-5] [trace:] c.a.a.filter.CorrelationIdGlobalFilter   : Assigned Correlation ID: AB-UI-K06ZXEQ3 to GET /api/bookings/flight/1
2026-09-29 20:07:28.521 INFO  [ctor-http-nio-5] [trace:] c.a.a.filter.JwtAuthenticationFilter     : Incoming Gateway Request: GET http://localhost:8083/api/bookings/flight/1
2026-09-29 20:07:28.522 INFO  [ctor-http-nio-5] [trace:] c.a.a.filter.AuthenticationFilter        : Direct Staff Access active: Bypassing token validation on path '/api/bookings/flight/1'
2026-09-29 20:07:30.305 DEBUG [ctor-http-nio-5] [trace:] c.a.a.filter.CorrelationIdGlobalFilter   : Assigned Correlation ID: AB-UI-L9J1LQA8 to POST /api/auth/login
2026-09-29 20:07:30.306 INFO  [ctor-http-nio-5] [trace:] c.a.a.filter.JwtAuthenticationFilter     : Incoming Gateway Request: POST http://localhost:8083/api/auth/login
2026-09-29 20:07:30.340 DEBUG [ctor-http-nio-4] [trace:] c.a.a.filter.CorrelationIdGlobalFilter   : Assigned Correlation ID: AB-UI-15Q1AFXS to GET /api/flights
2026-09-29 20:07:30.340 INFO  [ctor-http-nio-4] [trace:] c.a.a.filter.JwtAuthenticationFilter     : Incoming Gateway Request: GET http://localhost:8083/api/flights
2026-09-29 20:07:30.341 INFO  [ctor-http-nio-4] [trace:] c.a.a.filter.AuthenticationFilter        : Direct Admin Access active: Bypassing token validation for enhancement/dev mode on path '/api/flights'
2026-09-29 20:07:30.345 DEBUG [ctor-http-nio-6] [trace:] c.a.a.filter.CorrelationIdGlobalFilter   : Assigned Correlation ID: AB-UI-P9L5POSU to GET /api/v1/users
2026-09-29 20:07:30.347 INFO  [ctor-http-nio-6] [trace:] c.a.a.filter.JwtAuthenticationFilter     : Incoming Gateway Request: GET http://localhost:8083/api/v1/users
2026-09-29 20:07:30.346 DEBUG [ctor-http-nio-5] [trace:] c.a.a.filter.CorrelationIdGlobalFilter   : Assigned Correlation ID: AB-UI-7ONFNULR to GET /api/admin/aircrafts
2026-09-29 20:07:30.347 DEBUG [ctor-http-nio-8] [trace:] c.a.a.filter.CorrelationIdGlobalFilter   : Assigned Correlation ID: AB-UI-RIJ46UPK to GET /api/bookings
2026-09-29 20:07:30.352 INFO  [ctor-http-nio-6] [trace:] c.a.a.filter.AuthenticationFilter        : Direct Admin Access active: Bypassing token validation for enhancement/dev mode on path '/api/v1/users'
2026-09-29 20:07:30.354 INFO  [ctor-http-nio-5] [trace:] c.a.a.filter.JwtAuthenticationFilter     : Incoming Gateway Request: GET http://localhost:8083/api/admin/aircrafts
2026-09-29 20:07:30.355 INFO  [ctor-http-nio-8] [trace:] c.a.a.filter.JwtAuthenticationFilter     : Incoming Gateway Request: GET http://localhost:8083/api/bookings
2026-09-29 20:07:30.355 DEBUG [ctor-http-nio-9] [trace:] c.a.a.filter.CorrelationIdGlobalFilter   : Assigned Correlation ID: AB-UI-DCNQAFZC to GET /api/fares
2026-09-29 20:07:30.356 INFO  [ctor-http-nio-5] [trace:] c.a.a.filter.AuthenticationFilter        : Direct Admin Access active: Bypassing token validation for enhancement/dev mode on path '/api/admin/aircrafts'
2026-09-29 20:07:30.357 INFO  [ctor-http-nio-8] [trace:] c.a.a.filter.AuthenticationFilter        : Direct Admin Access active: Bypassing token validation for enhancement/dev mode on path '/api/bookings'
2026-09-29 20:07:30.357 INFO  [ctor-http-nio-9] [trace:] c.a.a.filter.JwtAuthenticationFilter     : Incoming Gateway Request: GET http://localhost:8083/api/fares
2026-09-29 20:07:30.361 INFO  [ctor-http-nio-9] [trace:] c.a.a.filter.AuthenticationFilter        : Direct Admin Access active: Bypassing token validation for enhancement/dev mode on path '/api/fares'
2026-09-29 20:07:31.656 DEBUG [ctor-http-nio-8] [trace:] c.a.a.filter.CorrelationIdGlobalFilter   : Assigned Correlation ID: AB-UI-9R2ZZJSA to GET /api/check-ins
2026-09-29 20:07:31.658 INFO  [ctor-http-nio-8] [trace:] c.a.a.filter.JwtAuthenticationFilter     : Incoming Gateway Request: GET http://localhost:8083/api/check-ins
2026-09-29 20:07:31.658 DEBUG [ctor-http-nio-9] [trace:] c.a.a.filter.CorrelationIdGlobalFilter   : Assigned Correlation ID: AB-UI-4IOOD9G9 to GET /api/flights
2026-09-29 20:07:31.658 INFO  [ctor-http-nio-8] [trace:] c.a.a.filter.AuthenticationFilter        : Direct Admin Access active: Bypassing token validation for enhancement/dev mode on path '/api/check-ins'
2026-09-29 20:07:31.659 INFO  [ctor-http-nio-9] [trace:] c.a.a.filter.JwtAuthenticationFilter     : Incoming Gateway Request: GET http://localhost:8083/api/flights
2026-09-29 20:07:31.660 INFO  [ctor-http-nio-9] [trace:] c.a.a.filter.AuthenticationFilter        : Direct Admin Access active: Bypassing token validation for enhancement/dev mode on path '/api/flights'
2026-09-29 20:07:31.681 DEBUG [ctor-http-nio-8] [trace:] c.a.a.filter.CorrelationIdGlobalFilter   : Assigned Correlation ID: AB-UI-P2BD9C0V to GET /api/bookings/flight/1
2026-09-29 20:07:31.681 INFO  [ctor-http-nio-8] [trace:] c.a.a.filter.JwtAuthenticationFilter     : Incoming Gateway Request: GET http://localhost:8083/api/bookings/flight/1
2026-09-29 20:07:31.682 INFO  [ctor-http-nio-8] [trace:] c.a.a.filter.AuthenticationFilter        : Direct Admin Access active: Bypassing token validation for enhancement/dev mode on path '/api/bookings/flight/1'
2026-09-29 20:07:33.403 DEBUG [ctor-http-nio-9] [trace:] c.a.a.filter.CorrelationIdGlobalFilter   : Assigned Correlation ID: AB-UI-5GAAOOIM to GET /api/flights
2026-09-29 20:07:33.403 DEBUG [ctor-http-nio-8] [trace:] c.a.a.filter.CorrelationIdGlobalFilter   : Assigned Correlation ID: AB-UI-5UTNXV98 to GET /api/notifications/user/3
2026-09-29 20:07:33.403 DEBUG [ctor-http-nio-6] [trace:] c.a.a.filter.CorrelationIdGlobalFilter   : Assigned Correlation ID: AB-UI-EZZ88LE3 to GET /api/v1/users/3
2026-09-29 20:07:33.403 DEBUG [ctor-http-nio-5] [trace:] c.a.a.filter.CorrelationIdGlobalFilter   : Assigned Correlation ID: AB-UI-92AEL3I1 to GET /api/bookings/user/3
2026-09-29 20:07:33.403 INFO  [ctor-http-nio-9] [trace:] c.a.a.filter.JwtAuthenticationFilter     : Incoming Gateway Request: GET http://localhost:8083/api/flights
2026-09-29 20:07:33.403 INFO  [ctor-http-nio-8] [trace:] c.a.a.filter.JwtAuthenticationFilter     : Incoming Gateway Request: GET http://localhost:8083/api/notifications/user/3
2026-09-29 20:07:33.403 INFO  [ctor-http-nio-6] [trace:] c.a.a.filter.JwtAuthenticationFilter     : Incoming Gateway Request: GET http://localhost:8083/api/v1/users/3
2026-09-29 20:07:33.404 INFO  [ctor-http-nio-5] [trace:] c.a.a.filter.JwtAuthenticationFilter     : Incoming Gateway Request: GET http://localhost:8083/api/bookings/user/3
2026-09-29 20:07:33.406 INFO  [ctor-http-nio-5] [trace:] c.a.a.filter.AuthenticationFilter        : Direct Customer Access active: Bypassing token validation on path '/api/bookings/user/3'
2026-09-29 20:07:33.404 INFO  [ctor-http-nio-9] [trace:] c.a.a.filter.AuthenticationFilter        : Direct Customer Access active: Bypassing token validation on path '/api/flights'
2026-09-29 20:07:33.404 INFO  [ctor-http-nio-8] [trace:] c.a.a.filter.AuthenticationFilter        : Direct Customer Access active: Bypassing token validation on path '/api/notifications/user/3'
2026-09-29 20:07:33.404 INFO  [ctor-http-nio-6] [trace:] c.a.a.filter.AuthenticationFilter        : Direct Customer Access active: Bypassing token validation on path '/api/v1/users/3'
2026-09-29 20:07:34.186 DEBUG [ctor-http-nio-6] [trace:] c.a.a.filter.CorrelationIdGlobalFilter   : Assigned Correlation ID: AB-UI-URUHGLS3 to GET /api/flights
2026-09-29 20:07:34.187 INFO  [ctor-http-nio-6] [trace:] c.a.a.filter.JwtAuthenticationFilter     : Incoming Gateway Request: GET http://localhost:8083/api/flights
2026-09-29 20:07:34.187 INFO  [ctor-http-nio-6] [trace:] c.a.a.filter.AuthenticationFilter        : Direct Customer Access active: Bypassing token validation on path '/api/flights'
2026-09-29 20:07:43.476 DEBUG [ctor-http-nio-6] [trace:] c.a.a.filter.CorrelationIdGlobalFilter   : Assigned Correlation ID: AB-UI-AJVUZ0G9 to GET /api/check-ins
2026-09-29 20:07:43.476 DEBUG [ctor-http-nio-9] [trace:] c.a.a.filter.CorrelationIdGlobalFilter   : Assigned Correlation ID: AB-UI-KOCWOIXF to GET /api/flights
2026-09-29 20:07:43.476 INFO  [ctor-http-nio-6] [trace:] c.a.a.filter.JwtAuthenticationFilter     : Incoming Gateway Request: GET http://localhost:8083/api/check-ins
2026-09-29 20:07:43.476 INFO  [ctor-http-nio-9] [trace:] c.a.a.filter.JwtAuthenticationFilter     : Incoming Gateway Request: GET http://localhost:8083/api/flights
2026-09-29 20:07:43.476 INFO  [ctor-http-nio-6] [trace:] c.a.a.filter.AuthenticationFilter        : Direct Staff Access active: Bypassing token validation on path '/api/check-ins'
2026-09-29 20:07:43.476 INFO  [ctor-http-nio-9] [trace:] c.a.a.filter.AuthenticationFilter        : Direct Staff Access active: Bypassing token validation on path '/api/flights'
2026-09-29 20:07:43.550 DEBUG [ctor-http-nio-6] [trace:] c.a.a.filter.CorrelationIdGlobalFilter   : Assigned Correlation ID: AB-UI-K8ZZQNNA to GET /api/bookings/flight/1
2026-09-29 20:07:43.551 INFO  [ctor-http-nio-6] [trace:] c.a.a.filter.JwtAuthenticationFilter     : Incoming Gateway Request: GET http://localhost:8083/api/bookings/flight/1
2026-09-29 20:07:43.551 INFO  [ctor-http-nio-6] [trace:] c.a.a.filter.AuthenticationFilter        : Direct Staff Access active: Bypassing token validation on path '/api/bookings/flight/1'
2026-09-29 20:07:50.643 DEBUG [ctor-http-nio-9] [trace:] c.a.a.filter.CorrelationIdGlobalFilter   : Assigned Correlation ID: AB-UI-L1SYD4QG to GET /api/bookings/user/3
2026-09-29 20:07:50.643 DEBUG [ctor-http-nio-5] [trace:] c.a.a.filter.CorrelationIdGlobalFilter   : Assigned Correlation ID: AB-UI-ULO8NQ2W to GET /api/v1/users/3
2026-09-29 20:07:50.648 INFO  [ctor-http-nio-5] [trace:] c.a.a.filter.JwtAuthenticationFilter     : Incoming Gateway Request: GET http://localhost:8083/api/v1/users/3
2026-09-29 20:07:50.644 DEBUG [ctor-http-nio-6] [trace:] c.a.a.filter.CorrelationIdGlobalFilter   : Assigned Correlation ID: AB-UI-FC2VPMEM to GET /api/flights
2026-09-29 20:07:50.647 INFO  [ctor-http-nio-9] [trace:] c.a.a.filter.JwtAuthenticationFilter     : Incoming Gateway Request: GET http://localhost:8083/api/bookings/user/3
2026-09-29 20:07:50.648 INFO  [ctor-http-nio-5] [trace:] c.a.a.filter.AuthenticationFilter        : Direct Customer Access active: Bypassing token validation on path '/api/v1/users/3'
2026-09-29 20:07:50.648 INFO  [ctor-http-nio-6] [trace:] c.a.a.filter.JwtAuthenticationFilter     : Incoming Gateway Request: GET http://localhost:8083/api/flights
2026-09-29 20:07:50.649 INFO  [ctor-http-nio-9] [trace:] c.a.a.filter.AuthenticationFilter        : Direct Customer Access active: Bypassing token validation on path '/api/bookings/user/3'
2026-09-29 20:07:50.649 INFO  [ctor-http-nio-6] [trace:] c.a.a.filter.AuthenticationFilter        : Direct Customer Access active: Bypassing token validation on path '/api/flights'
2026-09-29 20:07:50.650 DEBUG [ctor-http-nio-8] [trace:] c.a.a.filter.CorrelationIdGlobalFilter   : Assigned Correlation ID: AB-UI-5K0RVVC3 to GET /api/notifications/user/3
2026-09-29 20:07:50.650 INFO  [ctor-http-nio-8] [trace:] c.a.a.filter.JwtAuthenticationFilter     : Incoming Gateway Request: GET http://localhost:8083/api/notifications/user/3
2026-09-29 20:07:50.651 INFO  [ctor-http-nio-8] [trace:] c.a.a.filter.AuthenticationFilter        : Direct Customer Access active: Bypassing token validation on path '/api/notifications/user/3'
2026-09-29 20:09:30.215 INFO  [rap-executor-%d] [trace:] c.n.d.s.r.aws.ConfigClusterResolver      : Resolving eureka endpoints via configuration
2026-09-29 20:09:35.345 DEBUG [ctor-http-nio-6] [trace:] c.a.a.filter.CorrelationIdGlobalFilter   : Assigned Correlation ID: AB-UI-96425XIP to GET /api/check-ins
2026-09-29 20:09:35.345 DEBUG [ctor-http-nio-5] [trace:] c.a.a.filter.CorrelationIdGlobalFilter   : Assigned Correlation ID: AB-UI-PR3CD4DM to GET /api/flights
2026-09-29 20:09:35.346 INFO  [ctor-http-nio-6] [trace:] c.a.a.filter.JwtAuthenticationFilter     : Incoming Gateway Request: GET http://localhost:8083/api/check-ins
2026-09-29 20:09:35.346 INFO  [ctor-http-nio-6] [trace:] c.a.a.filter.AuthenticationFilter        : Direct Staff Access active: Bypassing token validation on path '/api/check-ins'
2026-09-29 20:09:35.346 INFO  [ctor-http-nio-5] [trace:] c.a.a.filter.JwtAuthenticationFilter     : Incoming Gateway Request: GET http://localhost:8083/api/flights
2026-09-29 20:09:35.347 INFO  [ctor-http-nio-5] [trace:] c.a.a.filter.AuthenticationFilter        : Direct Staff Access active: Bypassing token validation on path '/api/flights'
2026-09-29 20:09:35.379 DEBUG [ctor-http-nio-6] [trace:] c.a.a.filter.CorrelationIdGlobalFilter   : Assigned Correlation ID: AB-UI-I9CUDGX0 to GET /api/bookings/flight/1
2026-09-29 20:09:35.380 INFO  [ctor-http-nio-6] [trace:] c.a.a.filter.JwtAuthenticationFilter     : Incoming Gateway Request: GET http://localhost:8083/api/bookings/flight/1
2026-09-29 20:09:35.380 INFO  [ctor-http-nio-6] [trace:] c.a.a.filter.AuthenticationFilter        : Direct Staff Access active: Bypassing token validation on path '/api/bookings/flight/1'
2026-09-29 20:10:14.774 DEBUG [ctor-http-nio-6] [trace:] c.a.a.filter.CorrelationIdGlobalFilter   : Assigned Correlation ID: AB-UI-3BIGGUJF to POST /api/auth/login
2026-09-29 20:10:14.775 INFO  [ctor-http-nio-6] [trace:] c.a.a.filter.JwtAuthenticationFilter     : Incoming Gateway Request: POST http://localhost:8083/api/auth/login
2026-09-29 20:10:14.800 DEBUG [ctor-http-nio-9] [trace:] c.a.a.filter.CorrelationIdGlobalFilter   : Assigned Correlation ID: AB-UI-3M66690Q to GET /api/flights
2026-09-29 20:10:14.803 DEBUG [ctor-http-nio-8] [trace:] c.a.a.filter.CorrelationIdGlobalFilter   : Assigned Correlation ID: AB-UI-5H0CQCWQ to GET /api/admin/aircrafts
2026-09-29 20:10:14.803 DEBUG [ctor-http-nio-4] [trace:] c.a.a.filter.CorrelationIdGlobalFilter   : Assigned Correlation ID: AB-UI-7B0VTGMT to GET /api/bookings
2026-09-29 20:10:14.804 DEBUG [ctor-http-nio-5] [trace:] c.a.a.filter.CorrelationIdGlobalFilter   : Assigned Correlation ID: AB-UI-JKZJR59Z to GET /api/v1/users
2026-09-29 20:10:14.805 INFO  [ctor-http-nio-9] [trace:] c.a.a.filter.JwtAuthenticationFilter     : Incoming Gateway Request: GET http://localhost:8083/api/flights
2026-09-29 20:10:14.807 INFO  [ctor-http-nio-8] [trace:] c.a.a.filter.JwtAuthenticationFilter     : Incoming Gateway Request: GET http://localhost:8083/api/admin/aircrafts
2026-09-29 20:10:14.807 INFO  [ctor-http-nio-8] [trace:] c.a.a.filter.AuthenticationFilter        : Direct Admin Access active: Bypassing token validation for enhancement/dev mode on path '/api/admin/aircrafts'
2026-09-29 20:10:14.807 INFO  [ctor-http-nio-4] [trace:] c.a.a.filter.JwtAuthenticationFilter     : Incoming Gateway Request: GET http://localhost:8083/api/bookings
2026-09-29 20:10:14.807 INFO  [ctor-http-nio-5] [trace:] c.a.a.filter.JwtAuthenticationFilter     : Incoming Gateway Request: GET http://localhost:8083/api/v1/users
2026-09-29 20:10:14.807 INFO  [ctor-http-nio-9] [trace:] c.a.a.filter.AuthenticationFilter        : Direct Admin Access active: Bypassing token validation for enhancement/dev mode on path '/api/flights'
2026-09-29 20:10:14.809 INFO  [ctor-http-nio-5] [trace:] c.a.a.filter.AuthenticationFilter        : Direct Admin Access active: Bypassing token validation for enhancement/dev mode on path '/api/v1/users'
2026-09-29 20:10:14.809 INFO  [ctor-http-nio-4] [trace:] c.a.a.filter.AuthenticationFilter        : Direct Admin Access active: Bypassing token validation for enhancement/dev mode on path '/api/bookings'
2026-09-29 20:10:14.810 DEBUG [tor-http-nio-10] [trace:] c.a.a.filter.CorrelationIdGlobalFilter   : Assigned Correlation ID: AB-UI-W0XQI7CE to GET /api/fares
2026-09-29 20:10:14.824 INFO  [tor-http-nio-10] [trace:] c.a.a.filter.JwtAuthenticationFilter     : Incoming Gateway Request: GET http://localhost:8083/api/fares
2026-09-29 20:10:14.826 INFO  [tor-http-nio-10] [trace:] c.a.a.filter.AuthenticationFilter        : Direct Admin Access active: Bypassing token validation for enhancement/dev mode on path '/api/fares'
2026-09-29 20:24:24.573 DEBUG [ctor-http-nio-1] [trace:] c.a.a.filter.CorrelationIdGlobalFilter   : Assigned Correlation ID: AB-UI-P5ZWXJI1 to GET /api/flights
2026-09-29 20:24:24.573 DEBUG [tor-http-nio-11] [trace:] c.a.a.filter.CorrelationIdGlobalFilter   : Assigned Correlation ID: AB-UI-HDVPD2L4 to GET /api/v1/users
2026-09-29 20:24:24.573 DEBUG [ctor-http-nio-2] [trace:] c.a.a.filter.CorrelationIdGlobalFilter   : Assigned Correlation ID: AB-UI-RDHQ23E5 to GET /api/admin/aircrafts
2026-09-29 20:24:24.574 DEBUG [tor-http-nio-12] [trace:] c.a.a.filter.CorrelationIdGlobalFilter   : Assigned Correlation ID: AB-UI-03SSYU06 to GET /api/fares
2026-09-29 20:24:24.575 INFO  [ctor-http-nio-1] [trace:] c.a.a.filter.JwtAuthenticationFilter     : Incoming Gateway Request: GET http://localhost:8083/api/flights
2026-09-29 20:24:24.576 INFO  [tor-http-nio-11] [trace:] c.a.a.filter.JwtAuthenticationFilter     : Incoming Gateway Request: GET http://localhost:8083/api/v1/users
2026-09-29 20:24:24.576 INFO  [ctor-http-nio-2] [trace:] c.a.a.filter.JwtAuthenticationFilter     : Incoming Gateway Request: GET http://localhost:8083/api/admin/aircrafts
2026-09-29 20:24:24.577 INFO  [tor-http-nio-12] [trace:] c.a.a.filter.JwtAuthenticationFilter     : Incoming Gateway Request: GET http://localhost:8083/api/fares
2026-09-29 20:24:24.577 INFO  [ctor-http-nio-1] [trace:] c.a.a.filter.AuthenticationFilter        : Direct Admin Access active: Bypassing token validation for enhancement/dev mode on path '/api/flights'
2026-09-29 20:24:24.577 INFO  [tor-http-nio-11] [trace:] c.a.a.filter.AuthenticationFilter        : Direct Admin Access active: Bypassing token validation for enhancement/dev mode on path '/api/v1/users'
2026-09-29 20:24:24.577 INFO  [ctor-http-nio-2] [trace:] c.a.a.filter.AuthenticationFilter        : Direct Admin Access active: Bypassing token validation for enhancement/dev mode on path '/api/admin/aircrafts'
2026-09-29 20:24:24.577 INFO  [tor-http-nio-12] [trace:] c.a.a.filter.AuthenticationFilter        : Direct Admin Access active: Bypassing token validation for enhancement/dev mode on path '/api/fares'
2026-09-29 20:24:24.586 DEBUG [ctor-http-nio-3] [trace:] c.a.a.filter.CorrelationIdGlobalFilter   : Assigned Correlation ID: AB-UI-1F1O6Q48 to GET /api/bookings
2026-09-29 20:24:24.588 INFO  [ctor-http-nio-3] [trace:] c.a.a.filter.JwtAuthenticationFilter     : Incoming Gateway Request: GET http://localhost:8083/api/bookings
2026-09-29 20:24:24.589 INFO  [ctor-http-nio-3] [trace:] c.a.a.filter.AuthenticationFilter        : Direct Admin Access active: Bypassing token validation for enhancement/dev mode on path '/api/bookings'
2026-09-29 20:25:45.022 DEBUG [tor-http-nio-11] [trace:] c.a.a.filter.CorrelationIdGlobalFilter   : Assigned Correlation ID: AB-UI-3Y1OJ08F to GET /api/flights
2026-09-29 20:25:45.023 INFO  [tor-http-nio-11] [trace:] c.a.a.filter.JwtAuthenticationFilter     : Incoming Gateway Request: GET http://localhost:8083/api/flights
2026-09-29 20:25:45.023 INFO  [tor-http-nio-11] [trace:] c.a.a.filter.AuthenticationFilter        : Direct Admin Access active: Bypassing token validation for enhancement/dev mode on path '/api/flights'
2026-09-29 20:25:50.201 DEBUG [tor-http-nio-11] [trace:] c.a.a.filter.CorrelationIdGlobalFilter   : Assigned Correlation ID: AB-UI-7T42D68E to GET /api/bookings/user/3
2026-09-29 20:25:50.201 DEBUG [ctor-http-nio-1] [trace:] c.a.a.filter.CorrelationIdGlobalFilter   : Assigned Correlation ID: AB-UI-1YTU1WQ4 to GET /api/flights
2026-09-29 20:25:50.201 DEBUG [ctor-http-nio-3] [trace:] c.a.a.filter.CorrelationIdGlobalFilter   : Assigned Correlation ID: AB-UI-SIEV9EAV to GET /api/v1/users/3
2026-09-29 20:25:50.201 INFO  [tor-http-nio-11] [trace:] c.a.a.filter.JwtAuthenticationFilter     : Incoming Gateway Request: GET http://localhost:8083/api/bookings/user/3
2026-09-29 20:25:50.201 INFO  [ctor-http-nio-1] [trace:] c.a.a.filter.JwtAuthenticationFilter     : Incoming Gateway Request: GET http://localhost:8083/api/flights
2026-09-29 20:25:50.201 INFO  [ctor-http-nio-3] [trace:] c.a.a.filter.JwtAuthenticationFilter     : Incoming Gateway Request: GET http://localhost:8083/api/v1/users/3
2026-09-29 20:25:50.202 INFO  [tor-http-nio-11] [trace:] c.a.a.filter.AuthenticationFilter        : Direct Customer Access active: Bypassing token validation on path '/api/bookings/user/3'
2026-09-29 20:25:50.202 INFO  [ctor-http-nio-1] [trace:] c.a.a.filter.AuthenticationFilter        : Direct Customer Access active: Bypassing token validation on path '/api/flights'
2026-09-29 20:25:50.202 INFO  [ctor-http-nio-3] [trace:] c.a.a.filter.AuthenticationFilter        : Direct Customer Access active: Bypassing token validation on path '/api/v1/users/3'
2026-09-29 20:25:50.202 DEBUG [ctor-http-nio-2] [trace:] c.a.a.filter.CorrelationIdGlobalFilter   : Assigned Correlation ID: AB-UI-LWZB897R to GET /api/notifications/user/3
2026-09-29 20:25:50.203 INFO  [ctor-http-nio-2] [trace:] c.a.a.filter.JwtAuthenticationFilter     : Incoming Gateway Request: GET http://localhost:8083/api/notifications/user/3
2026-09-29 20:25:50.204 INFO  [ctor-http-nio-2] [trace:] c.a.a.filter.AuthenticationFilter        : Direct Customer Access active: Bypassing token validation on path '/api/notifications/user/3'
2026-09-29 20:25:51.073 DEBUG [ctor-http-nio-2] [trace:] c.a.a.filter.CorrelationIdGlobalFilter   : Assigned Correlation ID: AB-UI-68SX6DOW to GET /api/flights
2026-09-29 20:25:51.073 INFO  [ctor-http-nio-2] [trace:] c.a.a.filter.JwtAuthenticationFilter     : Incoming Gateway Request: GET http://localhost:8083/api/flights
2026-09-29 20:25:51.073 INFO  [ctor-http-nio-2] [trace:] c.a.a.filter.AuthenticationFilter        : Direct Customer Access active: Bypassing token validation on path '/api/flights'
2026-09-29 20:27:08.815 INFO  [rap-executor-%d] [trace:] c.n.d.s.r.aws.ConfigClusterResolver      : Resolving eureka endpoints via configuration
2026-09-29 20:27:44.793 DEBUG [tor-http-nio-11] [trace:] c.a.a.filter.CorrelationIdGlobalFilter   : Assigned Correlation ID: AB-UI-RYANN51O to GET /api/bookings/user/3
2026-09-29 20:27:44.794 INFO  [tor-http-nio-11] [trace:] c.a.a.filter.JwtAuthenticationFilter     : Incoming Gateway Request: GET http://localhost:8083/api/bookings/user/3
2026-09-29 20:27:44.794 DEBUG [ctor-http-nio-3] [trace:] c.a.a.filter.CorrelationIdGlobalFilter   : Assigned Correlation ID: AB-UI-U3WYNDTA to GET /api/notifications/user/3
2026-09-29 20:27:44.795 INFO  [ctor-http-nio-3] [trace:] c.a.a.filter.JwtAuthenticationFilter     : Incoming Gateway Request: GET http://localhost:8083/api/notifications/user/3
2026-09-29 20:27:44.794 DEBUG [ctor-http-nio-1] [trace:] c.a.a.filter.CorrelationIdGlobalFilter   : Assigned Correlation ID: AB-UI-TTT92M3I to GET /api/v1/users/3
2026-09-29 20:27:44.794 DEBUG [ctor-http-nio-2] [trace:] c.a.a.filter.CorrelationIdGlobalFilter   : Assigned Correlation ID: AB-UI-72LXXK51 to GET /api/flights
2026-09-29 20:27:44.795 INFO  [tor-http-nio-11] [trace:] c.a.a.filter.AuthenticationFilter        : Direct Customer Access active: Bypassing token validation on path '/api/bookings/user/3'
2026-09-29 20:27:44.795 INFO  [ctor-http-nio-3] [trace:] c.a.a.filter.AuthenticationFilter        : Direct Customer Access active: Bypassing token validation on path '/api/notifications/user/3'
2026-09-29 20:27:44.795 INFO  [ctor-http-nio-1] [trace:] c.a.a.filter.JwtAuthenticationFilter     : Incoming Gateway Request: GET http://localhost:8083/api/v1/users/3
2026-09-29 20:27:44.795 INFO  [ctor-http-nio-2] [trace:] c.a.a.filter.JwtAuthenticationFilter     : Incoming Gateway Request: GET http://localhost:8083/api/flights
2026-09-29 20:27:44.796 INFO  [ctor-http-nio-2] [trace:] c.a.a.filter.AuthenticationFilter        : Direct Customer Access active: Bypassing token validation on path '/api/flights'
2026-09-29 20:27:44.796 INFO  [ctor-http-nio-1] [trace:] c.a.a.filter.AuthenticationFilter        : Direct Customer Access active: Bypassing token validation on path '/api/v1/users/3'
2026-09-29 20:30:32.025 DEBUG [ctor-http-nio-1] [trace:] c.a.a.filter.CorrelationIdGlobalFilter   : Assigned Correlation ID: AB-UI-Z4FHD4O6 to GET /api/flights
2026-09-29 20:30:32.027 INFO  [ctor-http-nio-1] [trace:] c.a.a.filter.JwtAuthenticationFilter     : Incoming Gateway Request: GET http://localhost:8083/api/flights
2026-09-29 20:30:32.025 DEBUG [ctor-http-nio-3] [trace:] c.a.a.filter.CorrelationIdGlobalFilter   : Assigned Correlation ID: AB-UI-P9IWBYYV to GET /api/check-ins
2026-09-29 20:30:32.028 INFO  [ctor-http-nio-1] [trace:] c.a.a.filter.AuthenticationFilter        : Direct Staff Access active: Bypassing token validation on path '/api/flights'
2026-09-29 20:30:32.028 INFO  [ctor-http-nio-3] [trace:] c.a.a.filter.JwtAuthenticationFilter     : Incoming Gateway Request: GET http://localhost:8083/api/check-ins
2026-09-29 20:30:32.028 INFO  [ctor-http-nio-3] [trace:] c.a.a.filter.AuthenticationFilter        : Direct Staff Access active: Bypassing token validation on path '/api/check-ins'
2026-09-29 20:30:32.073 DEBUG [ctor-http-nio-3] [trace:] c.a.a.filter.CorrelationIdGlobalFilter   : Assigned Correlation ID: AB-UI-AHGVMM7U to GET /api/bookings/flight/1
2026-09-29 20:30:32.073 INFO  [ctor-http-nio-3] [trace:] c.a.a.filter.JwtAuthenticationFilter     : Incoming Gateway Request: GET http://localhost:8083/api/bookings/flight/1
2026-09-29 20:30:32.073 INFO  [ctor-http-nio-3] [trace:] c.a.a.filter.AuthenticationFilter        : Direct Staff Access active: Bypassing token validation on path '/api/bookings/flight/1'
2026-09-29 20:31:49.214 DEBUG [ctor-http-nio-3] [trace:] c.a.a.filter.CorrelationIdGlobalFilter   : Assigned Correlation ID: AB-UI-VLBZM3I5 to POST /api/auth/login
2026-09-29 20:31:49.214 INFO  [ctor-http-nio-3] [trace:] c.a.a.filter.JwtAuthenticationFilter     : Incoming Gateway Request: POST http://localhost:8083/api/auth/login
2026-09-29 20:31:49.231 DEBUG [tor-http-nio-11] [trace:] c.a.a.filter.CorrelationIdGlobalFilter   : Assigned Correlation ID: AB-UI-U7J5ZXFG to GET /api/admin/aircrafts
2026-09-29 20:31:49.232 INFO  [tor-http-nio-11] [trace:] c.a.a.filter.JwtAuthenticationFilter     : Incoming Gateway Request: GET http://localhost:8083/api/admin/aircrafts
2026-09-29 20:31:49.233 INFO  [tor-http-nio-11] [trace:] c.a.a.filter.AuthenticationFilter        : Direct Admin Access active: Bypassing token validation for enhancement/dev mode on path '/api/admin/aircrafts'
2026-09-29 20:31:49.231 DEBUG [ctor-http-nio-1] [trace:] c.a.a.filter.CorrelationIdGlobalFilter   : Assigned Correlation ID: AB-UI-H5DD5LHK to GET /api/flights
2026-09-29 20:31:49.234 INFO  [ctor-http-nio-1] [trace:] c.a.a.filter.JwtAuthenticationFilter     : Incoming Gateway Request: GET http://localhost:8083/api/flights
2026-09-29 20:31:49.234 INFO  [ctor-http-nio-1] [trace:] c.a.a.filter.AuthenticationFilter        : Direct Admin Access active: Bypassing token validation for enhancement/dev mode on path '/api/flights'
2026-09-29 20:31:49.243 DEBUG [ctor-http-nio-5] [trace:] c.a.a.filter.CorrelationIdGlobalFilter   : Assigned Correlation ID: AB-UI-ZSY8A3W5 to GET /api/v1/users
2026-09-29 20:31:49.243 DEBUG [ctor-http-nio-2] [trace:] c.a.a.filter.CorrelationIdGlobalFilter   : Assigned Correlation ID: AB-UI-MVNVLWRX to GET /api/bookings
2026-09-29 20:31:49.244 INFO  [ctor-http-nio-5] [trace:] c.a.a.filter.JwtAuthenticationFilter     : Incoming Gateway Request: GET http://localhost:8083/api/v1/users
2026-09-29 20:31:49.245 INFO  [ctor-http-nio-2] [trace:] c.a.a.filter.JwtAuthenticationFilter     : Incoming Gateway Request: GET http://localhost:8083/api/bookings
2026-09-29 20:31:49.245 INFO  [ctor-http-nio-5] [trace:] c.a.a.filter.AuthenticationFilter        : Direct Admin Access active: Bypassing token validation for enhancement/dev mode on path '/api/v1/users'
2026-09-29 20:31:49.245 INFO  [ctor-http-nio-2] [trace:] c.a.a.filter.AuthenticationFilter        : Direct Admin Access active: Bypassing token validation for enhancement/dev mode on path '/api/bookings'
2026-09-29 20:31:49.248 DEBUG [ctor-http-nio-4] [trace:] c.a.a.filter.CorrelationIdGlobalFilter   : Assigned Correlation ID: AB-UI-GWV3W7D4 to GET /api/fares
2026-09-29 20:31:49.248 INFO  [ctor-http-nio-4] [trace:] c.a.a.filter.JwtAuthenticationFilter     : Incoming Gateway Request: GET http://localhost:8083/api/fares
2026-09-29 20:31:49.250 INFO  [ctor-http-nio-4] [trace:] c.a.a.filter.AuthenticationFilter        : Direct Admin Access active: Bypassing token validation for enhancement/dev mode on path '/api/fares'
2026-09-29 20:32:08.822 INFO  [rap-executor-%d] [trace:] c.n.d.s.r.aws.ConfigClusterResolver      : Resolving eureka endpoints via configuration
2026-09-29 20:33:05.433 DEBUG [ctor-http-nio-5] [trace:] c.a.a.filter.CorrelationIdGlobalFilter   : Assigned Correlation ID: AB-UI-T2VQQ4ZQ to GET /api/check-ins
2026-09-29 20:33:05.433 DEBUG [ctor-http-nio-2] [trace:] c.a.a.filter.CorrelationIdGlobalFilter   : Assigned Correlation ID: AB-UI-S0EYTL9L to GET /api/flights
2026-09-29 20:33:05.433 INFO  [ctor-http-nio-5] [trace:] c.a.a.filter.JwtAuthenticationFilter     : Incoming Gateway Request: GET http://localhost:8083/api/check-ins
2026-09-29 20:33:05.433 INFO  [ctor-http-nio-2] [trace:] c.a.a.filter.JwtAuthenticationFilter     : Incoming Gateway Request: GET http://localhost:8083/api/flights
2026-09-29 20:33:05.433 INFO  [ctor-http-nio-5] [trace:] c.a.a.filter.AuthenticationFilter        : Direct Admin Access active: Bypassing token validation for enhancement/dev mode on path '/api/check-ins'
2026-09-29 20:33:05.434 INFO  [ctor-http-nio-2] [trace:] c.a.a.filter.AuthenticationFilter        : Direct Admin Access active: Bypassing token validation for enhancement/dev mode on path '/api/flights'
2026-09-29 20:33:05.463 DEBUG [ctor-http-nio-5] [trace:] c.a.a.filter.CorrelationIdGlobalFilter   : Assigned Correlation ID: AB-UI-2FCWX591 to GET /api/bookings/flight/1
2026-09-29 20:33:05.463 INFO  [ctor-http-nio-5] [trace:] c.a.a.filter.JwtAuthenticationFilter     : Incoming Gateway Request: GET http://localhost:8083/api/bookings/flight/1
2026-09-29 20:33:05.464 INFO  [ctor-http-nio-5] [trace:] c.a.a.filter.AuthenticationFilter        : Direct Admin Access active: Bypassing token validation for enhancement/dev mode on path '/api/bookings/flight/1'
2026-09-29 20:33:07.113 DEBUG [ctor-http-nio-2] [trace:] c.a.a.filter.CorrelationIdGlobalFilter   : Assigned Correlation ID: AB-UI-WXSSA3BR to GET /api/v1/users/3
2026-09-29 20:33:07.115 INFO  [ctor-http-nio-2] [trace:] c.a.a.filter.JwtAuthenticationFilter     : Incoming Gateway Request: GET http://localhost:8083/api/v1/users/3
2026-09-29 20:33:07.115 INFO  [ctor-http-nio-2] [trace:] c.a.a.filter.AuthenticationFilter        : Direct Customer Access active: Bypassing token validation on path '/api/v1/users/3'
2026-09-29 20:33:07.117 DEBUG [ctor-http-nio-4] [trace:] c.a.a.filter.CorrelationIdGlobalFilter   : Assigned Correlation ID: AB-UI-D1X2N7LF to GET /api/flights
2026-09-29 20:33:07.118 INFO  [ctor-http-nio-4] [trace:] c.a.a.filter.JwtAuthenticationFilter     : Incoming Gateway Request: GET http://localhost:8083/api/flights
2026-09-29 20:33:07.119 INFO  [ctor-http-nio-4] [trace:] c.a.a.filter.AuthenticationFilter        : Direct Customer Access active: Bypassing token validation on path '/api/flights'
2026-09-29 20:33:07.119 DEBUG [ctor-http-nio-5] [trace:] c.a.a.filter.CorrelationIdGlobalFilter   : Assigned Correlation ID: AB-UI-YWMTVDAA to GET /api/bookings/user/3
2026-09-29 20:33:07.119 DEBUG [ctor-http-nio-1] [trace:] c.a.a.filter.CorrelationIdGlobalFilter   : Assigned Correlation ID: AB-UI-BZSAVM33 to GET /api/notifications/user/3
2026-09-29 20:33:07.120 INFO  [ctor-http-nio-5] [trace:] c.a.a.filter.JwtAuthenticationFilter     : Incoming Gateway Request: GET http://localhost:8083/api/bookings/user/3
2026-09-29 20:33:07.130 INFO  [ctor-http-nio-1] [trace:] c.a.a.filter.JwtAuthenticationFilter     : Incoming Gateway Request: GET http://localhost:8083/api/notifications/user/3
2026-09-29 20:33:07.132 INFO  [ctor-http-nio-5] [trace:] c.a.a.filter.AuthenticationFilter        : Direct Customer Access active: Bypassing token validation on path '/api/bookings/user/3'
2026-09-29 20:33:07.132 INFO  [ctor-http-nio-1] [trace:] c.a.a.filter.AuthenticationFilter        : Direct Customer Access active: Bypassing token validation on path '/api/notifications/user/3'
2026-09-29 20:33:07.894 DEBUG [ctor-http-nio-5] [trace:] c.a.a.filter.CorrelationIdGlobalFilter   : Assigned Correlation ID: AB-UI-PVK7KJD6 to GET /api/flights
2026-09-29 20:33:07.895 INFO  [ctor-http-nio-5] [trace:] c.a.a.filter.JwtAuthenticationFilter     : Incoming Gateway Request: GET http://localhost:8083/api/flights
2026-09-29 20:33:07.895 INFO  [ctor-http-nio-5] [trace:] c.a.a.filter.AuthenticationFilter        : Direct Customer Access active: Bypassing token validation on path '/api/flights'
2026-09-29 20:37:08.827 INFO  [rap-executor-%d] [trace:] c.n.d.s.r.aws.ConfigClusterResolver      : Resolving eureka endpoints via configuration
2026-09-29 20:42:08.831 INFO  [rap-executor-%d] [trace:] c.n.d.s.r.aws.ConfigClusterResolver      : Resolving eureka endpoints via configuration
2026-09-29 20:47:08.844 INFO  [rap-executor-%d] [trace:] c.n.d.s.r.aws.ConfigClusterResolver      : Resolving eureka endpoints via configuration
2026-09-29 20:52:08.853 INFO  [rap-executor-%d] [trace:] c.n.d.s.r.aws.ConfigClusterResolver      : Resolving eureka endpoints via configuration
2026-09-29 20:52:13.193 DEBUG [ctor-http-nio-6] [trace:] c.a.a.filter.CorrelationIdGlobalFilter   : Assigned Correlation ID: AB-UI-PVMNERBT to GET /api/flights
2026-09-29 20:52:13.194 INFO  [ctor-http-nio-6] [trace:] c.a.a.filter.JwtAuthenticationFilter     : Incoming Gateway Request: GET http://localhost:8083/api/flights
2026-09-29 20:52:13.194 INFO  [ctor-http-nio-6] [trace:] c.a.a.filter.AuthenticationFilter        : Direct Customer Access active: Bypassing token validation on path '/api/flights'
2026-09-29 20:52:33.065 DEBUG [ctor-http-nio-6] [trace:] c.a.a.filter.CorrelationIdGlobalFilter   : Assigned Correlation ID: AB-UI-Z2X1M0OM to GET /api/flights
2026-09-29 20:52:33.065 INFO  [ctor-http-nio-6] [trace:] c.a.a.filter.JwtAuthenticationFilter     : Incoming Gateway Request: GET http://localhost:8083/api/flights
2026-09-29 20:52:33.065 INFO  [ctor-http-nio-6] [trace:] c.a.a.filter.AuthenticationFilter        : Direct Customer Access active: Bypassing token validation on path '/api/flights'
2026-09-29 20:52:45.027 DEBUG [ctor-http-nio-6] [trace:] c.a.a.filter.CorrelationIdGlobalFilter   : Assigned Correlation ID: AB-UI-RJLR6KVU to GET /api/flights
2026-09-29 20:52:45.028 INFO  [ctor-http-nio-6] [trace:] c.a.a.filter.JwtAuthenticationFilter     : Incoming Gateway Request: GET http://localhost:8083/api/flights
2026-09-29 20:52:45.028 INFO  [ctor-http-nio-6] [trace:] c.a.a.filter.AuthenticationFilter        : Direct Customer Access active: Bypassing token validation on path '/api/flights'
2026-09-29 20:52:57.044 DEBUG [ctor-http-nio-6] [trace:] c.a.a.filter.CorrelationIdGlobalFilter   : Assigned Correlation ID: AB-UI-MSULK15C to GET /api/flights
2026-09-29 20:52:57.045 INFO  [ctor-http-nio-6] [trace:] c.a.a.filter.JwtAuthenticationFilter     : Incoming Gateway Request: GET http://localhost:8083/api/flights
2026-09-29 20:52:57.045 INFO  [ctor-http-nio-6] [trace:] c.a.a.filter.AuthenticationFilter        : Direct Customer Access active: Bypassing token validation on path '/api/flights'
2026-09-29 20:53:11.039 DEBUG [ctor-http-nio-6] [trace:] c.a.a.filter.CorrelationIdGlobalFilter   : Assigned Correlation ID: AB-UI-AWKQTBSF to GET /api/flights
2026-09-29 20:53:11.040 INFO  [ctor-http-nio-6] [trace:] c.a.a.filter.JwtAuthenticationFilter     : Incoming Gateway Request: GET http://localhost:8083/api/flights
2026-09-29 20:53:11.040 INFO  [ctor-http-nio-6] [trace:] c.a.a.filter.AuthenticationFilter        : Direct Customer Access active: Bypassing token validation on path '/api/flights'
2026-09-29 20:53:15.039 DEBUG [ctor-http-nio-6] [trace:] c.a.a.filter.CorrelationIdGlobalFilter   : Assigned Correlation ID: AB-UI-XX3SK7TO to GET /api/flights
2026-09-29 20:53:15.039 INFO  [ctor-http-nio-6] [trace:] c.a.a.filter.JwtAuthenticationFilter     : Incoming Gateway Request: GET http://localhost:8083/api/flights
2026-09-29 20:53:15.039 INFO  [ctor-http-nio-6] [trace:] c.a.a.filter.AuthenticationFilter        : Direct Customer Access active: Bypassing token validation on path '/api/flights'
2026-09-29 20:53:22.044 DEBUG [ctor-http-nio-6] [trace:] c.a.a.filter.CorrelationIdGlobalFilter   : Assigned Correlation ID: AB-UI-W3CTLEDX to GET /api/flights
2026-09-29 20:53:22.045 INFO  [ctor-http-nio-6] [trace:] c.a.a.filter.JwtAuthenticationFilter     : Incoming Gateway Request: GET http://localhost:8083/api/flights
2026-09-29 20:53:22.045 INFO  [ctor-http-nio-6] [trace:] c.a.a.filter.AuthenticationFilter        : Direct Customer Access active: Bypassing token validation on path '/api/flights'
2026-09-29 20:53:38.022 DEBUG [ctor-http-nio-6] [trace:] c.a.a.filter.CorrelationIdGlobalFilter   : Assigned Correlation ID: AB-UI-NV4HZU2P to GET /api/flights
2026-09-29 20:53:38.022 INFO  [ctor-http-nio-6] [trace:] c.a.a.filter.JwtAuthenticationFilter     : Incoming Gateway Request: GET http://localhost:8083/api/flights
2026-09-29 20:53:38.022 INFO  [ctor-http-nio-6] [trace:] c.a.a.filter.AuthenticationFilter        : Direct Customer Access active: Bypassing token validation on path '/api/flights'
2026-09-29 20:53:47.044 DEBUG [ctor-http-nio-6] [trace:] c.a.a.filter.CorrelationIdGlobalFilter   : Assigned Correlation ID: AB-UI-CUG5MCV4 to GET /api/flights
2026-09-29 20:53:47.044 INFO  [ctor-http-nio-6] [trace:] c.a.a.filter.JwtAuthenticationFilter     : Incoming Gateway Request: GET http://localhost:8083/api/flights
2026-09-29 20:53:47.044 INFO  [ctor-http-nio-6] [trace:] c.a.a.filter.AuthenticationFilter        : Direct Customer Access active: Bypassing token validation on path '/api/flights'
2026-09-29 20:54:04.013 DEBUG [ctor-http-nio-6] [trace:] c.a.a.filter.CorrelationIdGlobalFilter   : Assigned Correlation ID: AB-UI-9P2JBQ2L to GET /api/flights
2026-09-29 20:54:04.013 INFO  [ctor-http-nio-6] [trace:] c.a.a.filter.JwtAuthenticationFilter     : Incoming Gateway Request: GET http://localhost:8083/api/flights
2026-09-29 20:54:04.013 INFO  [ctor-http-nio-6] [trace:] c.a.a.filter.AuthenticationFilter        : Direct Customer Access active: Bypassing token validation on path '/api/flights'
2026-09-29 20:54:08.986 DEBUG [ctor-http-nio-6] [trace:] c.a.a.filter.CorrelationIdGlobalFilter   : Assigned Correlation ID: AB-UI-EM2L0KR4 to GET /api/flights
2026-09-29 20:54:08.986 INFO  [ctor-http-nio-6] [trace:] c.a.a.filter.JwtAuthenticationFilter     : Incoming Gateway Request: GET http://localhost:8083/api/flights
2026-09-29 20:54:08.986 INFO  [ctor-http-nio-6] [trace:] c.a.a.filter.AuthenticationFilter        : Direct Customer Access active: Bypassing token validation on path '/api/flights'
2026-09-29 20:57:08.868 INFO  [rap-executor-%d] [trace:] c.n.d.s.r.aws.ConfigClusterResolver      : Resolving eureka endpoints via configuration
2026-09-29 21:02:05.374 DEBUG [ctor-http-nio-9] [trace:] c.a.a.filter.CorrelationIdGlobalFilter   : Assigned Correlation ID: AB-UI-FAFYNVV1 to GET /api/v1/users/3
2026-09-29 21:02:05.375 INFO  [ctor-http-nio-9] [trace:] c.a.a.filter.JwtAuthenticationFilter     : Incoming Gateway Request: GET http://localhost:8083/api/v1/users/3
2026-09-29 21:02:05.376 DEBUG [ctor-http-nio-8] [trace:] c.a.a.filter.CorrelationIdGlobalFilter   : Assigned Correlation ID: AB-UI-POE8VMZW to GET /api/bookings/user/3
2026-09-29 21:02:05.376 INFO  [ctor-http-nio-9] [trace:] c.a.a.filter.AuthenticationFilter        : Direct Customer Access active: Bypassing token validation on path '/api/v1/users/3'
2026-09-29 21:02:05.376 INFO  [ctor-http-nio-8] [trace:] c.a.a.filter.JwtAuthenticationFilter     : Incoming Gateway Request: GET http://localhost:8083/api/bookings/user/3
2026-09-29 21:02:05.377 INFO  [ctor-http-nio-8] [trace:] c.a.a.filter.AuthenticationFilter        : Direct Customer Access active: Bypassing token validation on path '/api/bookings/user/3'
2026-09-29 21:02:05.377 DEBUG [tor-http-nio-10] [trace:] c.a.a.filter.CorrelationIdGlobalFilter   : Assigned Correlation ID: AB-UI-PQOC3ATG to GET /api/notifications/user/3
2026-09-29 21:02:05.378 INFO  [tor-http-nio-10] [trace:] c.a.a.filter.JwtAuthenticationFilter     : Incoming Gateway Request: GET http://localhost:8083/api/notifications/user/3
2026-09-29 21:02:05.378 INFO  [tor-http-nio-10] [trace:] c.a.a.filter.AuthenticationFilter        : Direct Customer Access active: Bypassing token validation on path '/api/notifications/user/3'
2026-09-29 21:02:05.378 DEBUG [ctor-http-nio-7] [trace:] c.a.a.filter.CorrelationIdGlobalFilter   : Assigned Correlation ID: AB-UI-M1SVB1MV to GET /api/flights
2026-09-29 21:02:05.378 INFO  [ctor-http-nio-7] [trace:] c.a.a.filter.JwtAuthenticationFilter     : Incoming Gateway Request: GET http://localhost:8083/api/flights
2026-09-29 21:02:05.379 INFO  [ctor-http-nio-7] [trace:] c.a.a.filter.AuthenticationFilter        : Direct Customer Access active: Bypassing token validation on path '/api/flights'
2026-09-29 21:02:08.871 INFO  [rap-executor-%d] [trace:] c.n.d.s.r.aws.ConfigClusterResolver      : Resolving eureka endpoints via configuration
2026-09-29 21:02:10.333 DEBUG [ctor-http-nio-8] [trace:] c.a.a.filter.CorrelationIdGlobalFilter   : Assigned Correlation ID: AB-UI-2X519OFP to GET /api/flights
2026-09-29 21:02:10.333 INFO  [ctor-http-nio-8] [trace:] c.a.a.filter.JwtAuthenticationFilter     : Incoming Gateway Request: GET http://localhost:8083/api/flights
2026-09-29 21:02:10.335 INFO  [ctor-http-nio-8] [trace:] c.a.a.filter.AuthenticationFilter        : Direct Staff Access active: Bypassing token validation on path '/api/flights'
2026-09-29 21:02:10.337 DEBUG [ctor-http-nio-9] [trace:] c.a.a.filter.CorrelationIdGlobalFilter   : Assigned Correlation ID: AB-UI-NS16PLN9 to GET /api/check-ins
2026-09-29 21:02:10.337 INFO  [ctor-http-nio-9] [trace:] c.a.a.filter.JwtAuthenticationFilter     : Incoming Gateway Request: GET http://localhost:8083/api/check-ins
2026-09-29 21:02:10.337 INFO  [ctor-http-nio-9] [trace:] c.a.a.filter.AuthenticationFilter        : Direct Staff Access active: Bypassing token validation on path '/api/check-ins'
2026-09-29 21:02:10.394 DEBUG [ctor-http-nio-9] [trace:] c.a.a.filter.CorrelationIdGlobalFilter   : Assigned Correlation ID: AB-UI-NWLBAWIQ to GET /api/bookings/flight/1
2026-09-29 21:02:10.395 INFO  [ctor-http-nio-9] [trace:] c.a.a.filter.JwtAuthenticationFilter     : Incoming Gateway Request: GET http://localhost:8083/api/bookings/flight/1
2026-09-29 21:02:10.395 INFO  [ctor-http-nio-9] [trace:] c.a.a.filter.AuthenticationFilter        : Direct Staff Access active: Bypassing token validation on path '/api/bookings/flight/1'
2026-09-29 21:02:18.734 DEBUG [ctor-http-nio-8] [trace:] c.a.a.filter.CorrelationIdGlobalFilter   : Assigned Correlation ID: AB-UI-4KCCWRK7 to GET /api/flights
2026-09-29 21:02:18.734 DEBUG [ctor-http-nio-9] [trace:] c.a.a.filter.CorrelationIdGlobalFilter   : Assigned Correlation ID: AB-UI-UA0Z8H1D to GET /api/check-ins
2026-09-29 21:02:18.735 INFO  [ctor-http-nio-9] [trace:] c.a.a.filter.JwtAuthenticationFilter     : Incoming Gateway Request: GET http://localhost:8083/api/check-ins
2026-09-29 21:02:18.735 INFO  [ctor-http-nio-8] [trace:] c.a.a.filter.JwtAuthenticationFilter     : Incoming Gateway Request: GET http://localhost:8083/api/flights
2026-09-29 21:02:18.735 INFO  [ctor-http-nio-9] [trace:] c.a.a.filter.AuthenticationFilter        : Direct Staff Access active: Bypassing token validation on path '/api/check-ins'
2026-09-29 21:02:18.735 INFO  [ctor-http-nio-8] [trace:] c.a.a.filter.AuthenticationFilter        : Direct Staff Access active: Bypassing token validation on path '/api/flights'
2026-09-29 21:02:18.805 DEBUG [ctor-http-nio-8] [trace:] c.a.a.filter.CorrelationIdGlobalFilter   : Assigned Correlation ID: AB-UI-4W87H5C3 to GET /api/bookings/flight/1
2026-09-29 21:02:18.806 INFO  [ctor-http-nio-8] [trace:] c.a.a.filter.JwtAuthenticationFilter     : Incoming Gateway Request: GET http://localhost:8083/api/bookings/flight/1
2026-09-29 21:02:18.806 INFO  [ctor-http-nio-8] [trace:] c.a.a.filter.AuthenticationFilter        : Direct Staff Access active: Bypassing token validation on path '/api/bookings/flight/1'
2026-09-29 21:02:25.003 DEBUG [ctor-http-nio-8] [trace:] c.a.a.filter.CorrelationIdGlobalFilter   : Assigned Correlation ID: AB-UI-05510CC4 to GET /api/check-ins
2026-09-29 21:02:25.003 DEBUG [ctor-http-nio-9] [trace:] c.a.a.filter.CorrelationIdGlobalFilter   : Assigned Correlation ID: AB-UI-S7F58DCE to GET /api/flights
2026-09-29 21:02:25.003 INFO  [ctor-http-nio-8] [trace:] c.a.a.filter.JwtAuthenticationFilter     : Incoming Gateway Request: GET http://localhost:8083/api/check-ins
2026-09-29 21:02:25.014 INFO  [ctor-http-nio-9] [trace:] c.a.a.filter.JwtAuthenticationFilter     : Incoming Gateway Request: GET http://localhost:8083/api/flights
2026-09-29 21:02:25.014 INFO  [ctor-http-nio-8] [trace:] c.a.a.filter.AuthenticationFilter        : Direct Staff Access active: Bypassing token validation on path '/api/check-ins'
2026-09-29 21:02:25.014 INFO  [ctor-http-nio-9] [trace:] c.a.a.filter.AuthenticationFilter        : Direct Staff Access active: Bypassing token validation on path '/api/flights'
2026-09-29 21:02:25.157 DEBUG [ctor-http-nio-9] [trace:] c.a.a.filter.CorrelationIdGlobalFilter   : Assigned Correlation ID: AB-UI-E9AQKXWF to GET /api/bookings/flight/1
2026-09-29 21:02:25.158 INFO  [ctor-http-nio-9] [trace:] c.a.a.filter.JwtAuthenticationFilter     : Incoming Gateway Request: GET http://localhost:8083/api/bookings/flight/1
2026-09-29 21:02:25.158 INFO  [ctor-http-nio-9] [trace:] c.a.a.filter.AuthenticationFilter        : Direct Staff Access active: Bypassing token validation on path '/api/bookings/flight/1'
2026-09-29 21:02:32.055 DEBUG [ctor-http-nio-8] [trace:] c.a.a.filter.CorrelationIdGlobalFilter   : Assigned Correlation ID: AB-UI-QJU07422 to GET /api/flights
2026-09-29 21:02:32.055 DEBUG [ctor-http-nio-9] [trace:] c.a.a.filter.CorrelationIdGlobalFilter   : Assigned Correlation ID: AB-UI-99R8IDS5 to GET /api/check-ins
2026-09-29 21:02:32.055 INFO  [ctor-http-nio-8] [trace:] c.a.a.filter.JwtAuthenticationFilter     : Incoming Gateway Request: GET http://localhost:8083/api/flights
2026-09-29 21:02:32.055 INFO  [ctor-http-nio-9] [trace:] c.a.a.filter.JwtAuthenticationFilter     : Incoming Gateway Request: GET http://localhost:8083/api/check-ins
2026-09-29 21:02:32.055 INFO  [ctor-http-nio-8] [trace:] c.a.a.filter.AuthenticationFilter        : Direct Staff Access active: Bypassing token validation on path '/api/flights'
2026-09-29 21:02:32.055 INFO  [ctor-http-nio-9] [trace:] c.a.a.filter.AuthenticationFilter        : Direct Staff Access active: Bypassing token validation on path '/api/check-ins'
2026-09-29 21:02:32.101 DEBUG [ctor-http-nio-9] [trace:] c.a.a.filter.CorrelationIdGlobalFilter   : Assigned Correlation ID: AB-UI-UWE8AVT5 to GET /api/bookings/flight/1
2026-09-29 21:02:32.101 INFO  [ctor-http-nio-9] [trace:] c.a.a.filter.JwtAuthenticationFilter     : Incoming Gateway Request: GET http://localhost:8083/api/bookings/flight/1
2026-09-29 21:02:32.101 INFO  [ctor-http-nio-9] [trace:] c.a.a.filter.AuthenticationFilter        : Direct Staff Access active: Bypassing token validation on path '/api/bookings/flight/1'
2026-09-29 21:02:48.509 DEBUG [ctor-http-nio-7] [trace:] c.a.a.filter.CorrelationIdGlobalFilter   : Assigned Correlation ID: AB-UI-US0Z7KL6 to GET /api/v1/users/3
2026-09-29 21:02:48.509 DEBUG [tor-http-nio-10] [trace:] c.a.a.filter.CorrelationIdGlobalFilter   : Assigned Correlation ID: AB-UI-J37YU8R8 to GET /api/bookings/user/3
2026-09-29 21:02:48.509 DEBUG [ctor-http-nio-9] [trace:] c.a.a.filter.CorrelationIdGlobalFilter   : Assigned Correlation ID: AB-UI-SPL95P55 to GET /api/flights
2026-09-29 21:02:48.509 INFO  [ctor-http-nio-7] [trace:] c.a.a.filter.JwtAuthenticationFilter     : Incoming Gateway Request: GET http://localhost:8083/api/v1/users/3
2026-09-29 21:02:48.509 INFO  [tor-http-nio-10] [trace:] c.a.a.filter.JwtAuthenticationFilter     : Incoming Gateway Request: GET http://localhost:8083/api/bookings/user/3
2026-09-29 21:02:48.510 INFO  [ctor-http-nio-7] [trace:] c.a.a.filter.AuthenticationFilter        : Direct Customer Access active: Bypassing token validation on path '/api/v1/users/3'
2026-09-29 21:02:48.510 INFO  [ctor-http-nio-9] [trace:] c.a.a.filter.JwtAuthenticationFilter     : Incoming Gateway Request: GET http://localhost:8083/api/flights
2026-09-29 21:02:48.510 INFO  [tor-http-nio-10] [trace:] c.a.a.filter.AuthenticationFilter        : Direct Customer Access active: Bypassing token validation on path '/api/bookings/user/3'
2026-09-29 21:02:48.510 INFO  [ctor-http-nio-9] [trace:] c.a.a.filter.AuthenticationFilter        : Direct Customer Access active: Bypassing token validation on path '/api/flights'
2026-09-29 21:02:48.513 DEBUG [ctor-http-nio-8] [trace:] c.a.a.filter.CorrelationIdGlobalFilter   : Assigned Correlation ID: AB-UI-R0WBO936 to GET /api/notifications/user/3
2026-09-29 21:02:48.513 INFO  [ctor-http-nio-8] [trace:] c.a.a.filter.JwtAuthenticationFilter     : Incoming Gateway Request: GET http://localhost:8083/api/notifications/user/3
2026-09-29 21:02:48.513 INFO  [ctor-http-nio-8] [trace:] c.a.a.filter.AuthenticationFilter        : Direct Customer Access active: Bypassing token validation on path '/api/notifications/user/3'
2026-09-29 21:02:49.652 DEBUG [ctor-http-nio-9] [trace:] c.a.a.filter.CorrelationIdGlobalFilter   : Assigned Correlation ID: AB-UI-RFINJ36J to GET /api/v1/users/3
2026-09-29 21:02:49.652 DEBUG [ctor-http-nio-8] [trace:] c.a.a.filter.CorrelationIdGlobalFilter   : Assigned Correlation ID: AB-UI-VVVJYXHT to GET /api/bookings/user/3
2026-09-29 21:02:49.653 INFO  [ctor-http-nio-9] [trace:] c.a.a.filter.JwtAuthenticationFilter     : Incoming Gateway Request: GET http://localhost:8083/api/v1/users/3
2026-09-29 21:02:49.653 INFO  [ctor-http-nio-8] [trace:] c.a.a.filter.JwtAuthenticationFilter     : Incoming Gateway Request: GET http://localhost:8083/api/bookings/user/3
2026-09-29 21:02:49.653 DEBUG [ctor-http-nio-7] [trace:] c.a.a.filter.CorrelationIdGlobalFilter   : Assigned Correlation ID: AB-UI-CVTONQFM to GET /api/flights
2026-09-29 21:02:49.653 INFO  [ctor-http-nio-9] [trace:] c.a.a.filter.AuthenticationFilter        : Direct Customer Access active: Bypassing token validation on path '/api/v1/users/3'
2026-09-29 21:02:49.653 INFO  [ctor-http-nio-8] [trace:] c.a.a.filter.AuthenticationFilter        : Direct Customer Access active: Bypassing token validation on path '/api/bookings/user/3'
2026-09-29 21:02:49.653 INFO  [ctor-http-nio-7] [trace:] c.a.a.filter.JwtAuthenticationFilter     : Incoming Gateway Request: GET http://localhost:8083/api/flights
2026-09-29 21:02:49.653 DEBUG [tor-http-nio-10] [trace:] c.a.a.filter.CorrelationIdGlobalFilter   : Assigned Correlation ID: AB-UI-1DGP3WOM to GET /api/notifications/user/3
2026-09-29 21:02:49.654 INFO  [ctor-http-nio-7] [trace:] c.a.a.filter.AuthenticationFilter        : Direct Customer Access active: Bypassing token validation on path '/api/flights'
2026-09-29 21:02:49.654 INFO  [tor-http-nio-10] [trace:] c.a.a.filter.JwtAuthenticationFilter     : Incoming Gateway Request: GET http://localhost:8083/api/notifications/user/3
2026-09-29 21:02:49.655 INFO  [tor-http-nio-10] [trace:] c.a.a.filter.AuthenticationFilter        : Direct Customer Access active: Bypassing token validation on path '/api/notifications/user/3'
2026-09-29 21:03:01.596 DEBUG [ctor-http-nio-7] [trace:] c.a.a.filter.CorrelationIdGlobalFilter   : Assigned Correlation ID: AB-UI-AL19EF34 to GET /api/flights
2026-09-29 21:03:01.597 INFO  [ctor-http-nio-7] [trace:] c.a.a.filter.JwtAuthenticationFilter     : Incoming Gateway Request: GET http://localhost:8083/api/flights
2026-09-29 21:03:01.597 DEBUG [ctor-http-nio-9] [trace:] c.a.a.filter.CorrelationIdGlobalFilter   : Assigned Correlation ID: AB-UI-AJTWC561 to GET /api/check-ins
2026-09-29 21:03:01.598 INFO  [ctor-http-nio-7] [trace:] c.a.a.filter.AuthenticationFilter        : Direct Staff Access active: Bypassing token validation on path '/api/flights'
2026-09-29 21:03:01.598 INFO  [ctor-http-nio-9] [trace:] c.a.a.filter.JwtAuthenticationFilter     : Incoming Gateway Request: GET http://localhost:8083/api/check-ins
2026-09-29 21:03:01.599 INFO  [ctor-http-nio-9] [trace:] c.a.a.filter.AuthenticationFilter        : Direct Staff Access active: Bypassing token validation on path '/api/check-ins'
2026-09-29 21:03:01.627 DEBUG [ctor-http-nio-9] [trace:] c.a.a.filter.CorrelationIdGlobalFilter   : Assigned Correlation ID: AB-UI-WECAWJE7 to GET /api/bookings/flight/1
2026-09-29 21:03:01.629 INFO  [ctor-http-nio-9] [trace:] c.a.a.filter.JwtAuthenticationFilter     : Incoming Gateway Request: GET http://localhost:8083/api/bookings/flight/1
2026-09-29 21:03:01.629 INFO  [ctor-http-nio-9] [trace:] c.a.a.filter.AuthenticationFilter        : Direct Staff Access active: Bypassing token validation on path '/api/bookings/flight/1'
2026-09-29 21:03:07.527 DEBUG [ctor-http-nio-7] [trace:] c.a.a.filter.CorrelationIdGlobalFilter   : Assigned Correlation ID: AB-UI-XS2G0EF9 to GET /api/flights
2026-09-29 21:03:07.527 DEBUG [ctor-http-nio-9] [trace:] c.a.a.filter.CorrelationIdGlobalFilter   : Assigned Correlation ID: AB-UI-UJJNLPA0 to GET /api/check-ins
2026-09-29 21:03:07.527 INFO  [ctor-http-nio-7] [trace:] c.a.a.filter.JwtAuthenticationFilter     : Incoming Gateway Request: GET http://localhost:8083/api/flights
2026-09-29 21:03:07.527 INFO  [ctor-http-nio-9] [trace:] c.a.a.filter.JwtAuthenticationFilter     : Incoming Gateway Request: GET http://localhost:8083/api/check-ins
2026-09-29 21:03:07.527 INFO  [ctor-http-nio-7] [trace:] c.a.a.filter.AuthenticationFilter        : Direct Staff Access active: Bypassing token validation on path '/api/flights'
2026-09-29 21:03:07.527 INFO  [ctor-http-nio-9] [trace:] c.a.a.filter.AuthenticationFilter        : Direct Staff Access active: Bypassing token validation on path '/api/check-ins'
2026-09-29 21:03:07.568 DEBUG [ctor-http-nio-9] [trace:] c.a.a.filter.CorrelationIdGlobalFilter   : Assigned Correlation ID: AB-UI-NSCPG4LL to GET /api/bookings/flight/1
2026-09-29 21:03:07.568 INFO  [ctor-http-nio-9] [trace:] c.a.a.filter.JwtAuthenticationFilter     : Incoming Gateway Request: GET http://localhost:8083/api/bookings/flight/1
2026-09-29 21:03:07.569 INFO  [ctor-http-nio-9] [trace:] c.a.a.filter.AuthenticationFilter        : Direct Staff Access active: Bypassing token validation on path '/api/bookings/flight/1'
2026-09-29 21:03:10.579 DEBUG [ctor-http-nio-9] [trace:] c.a.a.filter.CorrelationIdGlobalFilter   : Assigned Correlation ID: AB-UI-G3EAHESL to POST /api/auth/login
2026-09-29 21:03:10.580 INFO  [ctor-http-nio-9] [trace:] c.a.a.filter.JwtAuthenticationFilter     : Incoming Gateway Request: POST http://localhost:8083/api/auth/login
2026-09-29 21:03:10.612 DEBUG [tor-http-nio-10] [trace:] c.a.a.filter.CorrelationIdGlobalFilter   : Assigned Correlation ID: AB-UI-8F3L9CAP to GET /api/flights
2026-09-29 21:03:10.612 INFO  [tor-http-nio-10] [trace:] c.a.a.filter.JwtAuthenticationFilter     : Incoming Gateway Request: GET http://localhost:8083/api/flights
2026-09-29 21:03:10.613 INFO  [tor-http-nio-10] [trace:] c.a.a.filter.AuthenticationFilter        : Direct Admin Access active: Bypassing token validation for enhancement/dev mode on path '/api/flights'
2026-09-29 21:03:10.615 DEBUG [ctor-http-nio-7] [trace:] c.a.a.filter.CorrelationIdGlobalFilter   : Assigned Correlation ID: AB-UI-H36M0OSK to GET /api/admin/aircrafts
2026-09-29 21:03:10.615 INFO  [ctor-http-nio-7] [trace:] c.a.a.filter.JwtAuthenticationFilter     : Incoming Gateway Request: GET http://localhost:8083/api/admin/aircrafts
2026-09-29 21:03:10.615 INFO  [ctor-http-nio-7] [trace:] c.a.a.filter.AuthenticationFilter        : Direct Admin Access active: Bypassing token validation for enhancement/dev mode on path '/api/admin/aircrafts'
2026-09-29 21:03:10.616 DEBUG [ctor-http-nio-9] [trace:] c.a.a.filter.CorrelationIdGlobalFilter   : Assigned Correlation ID: AB-UI-6FY3D4SU to GET /api/v1/users
2026-09-29 21:03:10.617 DEBUG [tor-http-nio-11] [trace:] c.a.a.filter.CorrelationIdGlobalFilter   : Assigned Correlation ID: AB-UI-W4A9517I to GET /api/bookings
2026-09-29 21:03:10.618 INFO  [tor-http-nio-11] [trace:] c.a.a.filter.JwtAuthenticationFilter     : Incoming Gateway Request: GET http://localhost:8083/api/bookings
2026-09-29 21:03:10.617 INFO  [ctor-http-nio-9] [trace:] c.a.a.filter.JwtAuthenticationFilter     : Incoming Gateway Request: GET http://localhost:8083/api/v1/users
2026-09-29 21:03:10.618 INFO  [tor-http-nio-11] [trace:] c.a.a.filter.AuthenticationFilter        : Direct Admin Access active: Bypassing token validation for enhancement/dev mode on path '/api/bookings'
2026-09-29 21:03:10.619 INFO  [ctor-http-nio-9] [trace:] c.a.a.filter.AuthenticationFilter        : Direct Admin Access active: Bypassing token validation for enhancement/dev mode on path '/api/v1/users'
2026-09-29 21:03:10.619 DEBUG [ctor-http-nio-8] [trace:] c.a.a.filter.CorrelationIdGlobalFilter   : Assigned Correlation ID: AB-UI-4P2NTUBL to GET /api/fares
2026-09-29 21:03:10.619 INFO  [ctor-http-nio-8] [trace:] c.a.a.filter.JwtAuthenticationFilter     : Incoming Gateway Request: GET http://localhost:8083/api/fares
2026-09-29 21:03:10.619 INFO  [ctor-http-nio-8] [trace:] c.a.a.filter.AuthenticationFilter        : Direct Admin Access active: Bypassing token validation for enhancement/dev mode on path '/api/fares'
2026-09-29 21:03:25.002 DEBUG [tor-http-nio-11] [trace:] c.a.a.filter.CorrelationIdGlobalFilter   : Assigned Correlation ID: AB-UI-F2YP9ZD2 to GET /api/flights
2026-09-29 21:03:25.002 INFO  [tor-http-nio-11] [trace:] c.a.a.filter.JwtAuthenticationFilter     : Incoming Gateway Request: GET http://localhost:8083/api/flights
2026-09-29 21:03:25.003 INFO  [tor-http-nio-11] [trace:] c.a.a.filter.AuthenticationFilter        : Direct Admin Access active: Bypassing token validation for enhancement/dev mode on path '/api/flights'
2026-09-29 21:03:25.004 DEBUG [tor-http-nio-10] [trace:] c.a.a.filter.CorrelationIdGlobalFilter   : Assigned Correlation ID: AB-UI-VSZK8WMO to GET /api/admin/aircrafts
2026-09-29 21:03:25.005 INFO  [tor-http-nio-10] [trace:] c.a.a.filter.JwtAuthenticationFilter     : Incoming Gateway Request: GET http://localhost:8083/api/admin/aircrafts
2026-09-29 21:03:25.006 INFO  [tor-http-nio-10] [trace:] c.a.a.filter.AuthenticationFilter        : Direct Admin Access active: Bypassing token validation for enhancement/dev mode on path '/api/admin/aircrafts'
2026-09-29 21:03:25.008 DEBUG [ctor-http-nio-7] [trace:] c.a.a.filter.CorrelationIdGlobalFilter   : Assigned Correlation ID: AB-UI-N5DOQZYC to GET /api/v1/users
2026-09-29 21:03:25.009 DEBUG [ctor-http-nio-9] [trace:] c.a.a.filter.CorrelationIdGlobalFilter   : Assigned Correlation ID: AB-UI-TWM5Q0XO to GET /api/bookings
2026-09-29 21:03:25.009 INFO  [ctor-http-nio-7] [trace:] c.a.a.filter.JwtAuthenticationFilter     : Incoming Gateway Request: GET http://localhost:8083/api/v1/users
2026-09-29 21:03:25.010 DEBUG [ctor-http-nio-8] [trace:] c.a.a.filter.CorrelationIdGlobalFilter   : Assigned Correlation ID: AB-UI-BFMVHA2N to GET /api/fares
2026-09-29 21:03:25.010 INFO  [ctor-http-nio-9] [trace:] c.a.a.filter.JwtAuthenticationFilter     : Incoming Gateway Request: GET http://localhost:8083/api/bookings
2026-09-29 21:03:25.010 INFO  [ctor-http-nio-7] [trace:] c.a.a.filter.AuthenticationFilter        : Direct Admin Access active: Bypassing token validation for enhancement/dev mode on path '/api/v1/users'
2026-09-29 21:03:25.010 INFO  [ctor-http-nio-8] [trace:] c.a.a.filter.JwtAuthenticationFilter     : Incoming Gateway Request: GET http://localhost:8083/api/fares
2026-09-29 21:03:25.011 INFO  [ctor-http-nio-9] [trace:] c.a.a.filter.AuthenticationFilter        : Direct Admin Access active: Bypassing token validation for enhancement/dev mode on path '/api/bookings'
2026-09-29 21:03:25.013 INFO  [ctor-http-nio-8] [trace:] c.a.a.filter.AuthenticationFilter        : Direct Admin Access active: Bypassing token validation for enhancement/dev mode on path '/api/fares'
2026-09-29 21:03:44.029 DEBUG [ctor-http-nio-7] [trace:] c.a.a.filter.CorrelationIdGlobalFilter   : Assigned Correlation ID: AB-UI-2C6BKP8M to GET /api/flights
2026-09-29 21:03:44.030 DEBUG [tor-http-nio-10] [trace:] c.a.a.filter.CorrelationIdGlobalFilter   : Assigned Correlation ID: AB-UI-RF0ESBS4 to GET /api/v1/users
2026-09-29 21:03:44.029 DEBUG [ctor-http-nio-9] [trace:] c.a.a.filter.CorrelationIdGlobalFilter   : Assigned Correlation ID: AB-UI-NCNY0E3O to GET /api/admin/aircrafts
2026-09-29 21:03:44.030 INFO  [ctor-http-nio-7] [trace:] c.a.a.filter.JwtAuthenticationFilter     : Incoming Gateway Request: GET http://localhost:8083/api/flights
2026-09-29 21:03:44.030 INFO  [tor-http-nio-10] [trace:] c.a.a.filter.JwtAuthenticationFilter     : Incoming Gateway Request: GET http://localhost:8083/api/v1/users
2026-09-29 21:03:44.030 INFO  [ctor-http-nio-7] [trace:] c.a.a.filter.AuthenticationFilter        : Direct Admin Access active: Bypassing token validation for enhancement/dev mode on path '/api/flights'
2026-09-29 21:03:44.030 INFO  [ctor-http-nio-9] [trace:] c.a.a.filter.JwtAuthenticationFilter     : Incoming Gateway Request: GET http://localhost:8083/api/admin/aircrafts
2026-09-29 21:03:44.030 INFO  [tor-http-nio-10] [trace:] c.a.a.filter.AuthenticationFilter        : Direct Admin Access active: Bypassing token validation for enhancement/dev mode on path '/api/v1/users'
2026-09-29 21:03:44.030 INFO  [ctor-http-nio-9] [trace:] c.a.a.filter.AuthenticationFilter        : Direct Admin Access active: Bypassing token validation for enhancement/dev mode on path '/api/admin/aircrafts'
2026-09-29 21:03:44.033 DEBUG [tor-http-nio-11] [trace:] c.a.a.filter.CorrelationIdGlobalFilter   : Assigned Correlation ID: AB-UI-66SKHOQC to GET /api/bookings
2026-09-29 21:03:44.034 DEBUG [ctor-http-nio-8] [trace:] c.a.a.filter.CorrelationIdGlobalFilter   : Assigned Correlation ID: AB-UI-MJY5GUNN to GET /api/fares
2026-09-29 21:03:44.035 INFO  [tor-http-nio-11] [trace:] c.a.a.filter.JwtAuthenticationFilter     : Incoming Gateway Request: GET http://localhost:8083/api/bookings
2026-09-29 21:03:44.035 INFO  [ctor-http-nio-8] [trace:] c.a.a.filter.JwtAuthenticationFilter     : Incoming Gateway Request: GET http://localhost:8083/api/fares
2026-09-29 21:03:44.035 INFO  [tor-http-nio-11] [trace:] c.a.a.filter.AuthenticationFilter        : Direct Admin Access active: Bypassing token validation for enhancement/dev mode on path '/api/bookings'
2026-09-29 21:03:44.035 INFO  [ctor-http-nio-8] [trace:] c.a.a.filter.AuthenticationFilter        : Direct Admin Access active: Bypassing token validation for enhancement/dev mode on path '/api/fares'
2026-09-29 21:04:02.016 DEBUG [ctor-http-nio-8] [trace:] c.a.a.filter.CorrelationIdGlobalFilter   : Assigned Correlation ID: AB-UI-43889SP0 to GET /api/flights
2026-09-29 21:04:02.016 DEBUG [tor-http-nio-10] [trace:] c.a.a.filter.CorrelationIdGlobalFilter   : Assigned Correlation ID: AB-UI-VRFLC7QH to GET /api/admin/aircrafts
2026-09-29 21:04:02.016 INFO  [ctor-http-nio-8] [trace:] c.a.a.filter.JwtAuthenticationFilter     : Incoming Gateway Request: GET http://localhost:8083/api/flights
2026-09-29 21:04:02.016 INFO  [tor-http-nio-10] [trace:] c.a.a.filter.JwtAuthenticationFilter     : Incoming Gateway Request: GET http://localhost:8083/api/admin/aircrafts
2026-09-29 21:04:02.016 INFO  [ctor-http-nio-8] [trace:] c.a.a.filter.AuthenticationFilter        : Direct Admin Access active: Bypassing token validation for enhancement/dev mode on path '/api/flights'
2026-09-29 21:04:02.017 INFO  [tor-http-nio-10] [trace:] c.a.a.filter.AuthenticationFilter        : Direct Admin Access active: Bypassing token validation for enhancement/dev mode on path '/api/admin/aircrafts'
2026-09-29 21:04:02.022 DEBUG [ctor-http-nio-9] [trace:] c.a.a.filter.CorrelationIdGlobalFilter   : Assigned Correlation ID: AB-UI-AX7M9KW7 to GET /api/bookings
2026-09-29 21:04:02.022 DEBUG [ctor-http-nio-7] [trace:] c.a.a.filter.CorrelationIdGlobalFilter   : Assigned Correlation ID: AB-UI-XKH9IDQM to GET /api/v1/users
2026-09-29 21:04:02.022 INFO  [ctor-http-nio-9] [trace:] c.a.a.filter.JwtAuthenticationFilter     : Incoming Gateway Request: GET http://localhost:8083/api/bookings
2026-09-29 21:04:02.022 DEBUG [tor-http-nio-11] [trace:] c.a.a.filter.CorrelationIdGlobalFilter   : Assigned Correlation ID: AB-UI-1VKLEOUQ to GET /api/fares
2026-09-29 21:04:02.022 INFO  [ctor-http-nio-7] [trace:] c.a.a.filter.JwtAuthenticationFilter     : Incoming Gateway Request: GET http://localhost:8083/api/v1/users
2026-09-29 21:04:02.022 INFO  [ctor-http-nio-9] [trace:] c.a.a.filter.AuthenticationFilter        : Direct Admin Access active: Bypassing token validation for enhancement/dev mode on path '/api/bookings'
2026-09-29 21:04:02.023 INFO  [tor-http-nio-11] [trace:] c.a.a.filter.JwtAuthenticationFilter     : Incoming Gateway Request: GET http://localhost:8083/api/fares
2026-09-29 21:04:02.023 INFO  [ctor-http-nio-7] [trace:] c.a.a.filter.AuthenticationFilter        : Direct Admin Access active: Bypassing token validation for enhancement/dev mode on path '/api/v1/users'
2026-09-29 21:04:02.024 INFO  [tor-http-nio-11] [trace:] c.a.a.filter.AuthenticationFilter        : Direct Admin Access active: Bypassing token validation for enhancement/dev mode on path '/api/fares'
2026-09-29 21:05:02.003 DEBUG [ctor-http-nio-7] [trace:] c.a.a.filter.CorrelationIdGlobalFilter   : Assigned Correlation ID: AB-UI-28FKEV7J to GET /api/flights
2026-09-29 21:05:02.003 DEBUG [tor-http-nio-11] [trace:] c.a.a.filter.CorrelationIdGlobalFilter   : Assigned Correlation ID: AB-UI-SCCMRK78 to GET /api/admin/aircrafts
2026-09-29 21:05:02.004 DEBUG [tor-http-nio-10] [trace:] c.a.a.filter.CorrelationIdGlobalFilter   : Assigned Correlation ID: AB-UI-6S08GOTQ to GET /api/v1/users
2026-09-29 21:05:02.004 INFO  [ctor-http-nio-7] [trace:] c.a.a.filter.JwtAuthenticationFilter     : Incoming Gateway Request: GET http://localhost:8083/api/flights
2026-09-29 21:05:02.004 INFO  [tor-http-nio-11] [trace:] c.a.a.filter.JwtAuthenticationFilter     : Incoming Gateway Request: GET http://localhost:8083/api/admin/aircrafts
2026-09-29 21:05:02.004 INFO  [tor-http-nio-10] [trace:] c.a.a.filter.JwtAuthenticationFilter     : Incoming Gateway Request: GET http://localhost:8083/api/v1/users
2026-09-29 21:05:02.004 INFO  [ctor-http-nio-7] [trace:] c.a.a.filter.AuthenticationFilter        : Direct Admin Access active: Bypassing token validation for enhancement/dev mode on path '/api/flights'
2026-09-29 21:05:02.004 INFO  [tor-http-nio-11] [trace:] c.a.a.filter.AuthenticationFilter        : Direct Admin Access active: Bypassing token validation for enhancement/dev mode on path '/api/admin/aircrafts'
2026-09-29 21:05:02.004 INFO  [tor-http-nio-10] [trace:] c.a.a.filter.AuthenticationFilter        : Direct Admin Access active: Bypassing token validation for enhancement/dev mode on path '/api/v1/users'
2026-09-29 21:05:02.007 DEBUG [ctor-http-nio-8] [trace:] c.a.a.filter.CorrelationIdGlobalFilter   : Assigned Correlation ID: AB-UI-TT2UOC42 to GET /api/bookings
2026-09-29 21:05:02.007 DEBUG [ctor-http-nio-9] [trace:] c.a.a.filter.CorrelationIdGlobalFilter   : Assigned Correlation ID: AB-UI-U2W6EM69 to GET /api/fares
2026-09-29 21:05:02.007 INFO  [ctor-http-nio-8] [trace:] c.a.a.filter.JwtAuthenticationFilter     : Incoming Gateway Request: GET http://localhost:8083/api/bookings
2026-09-29 21:05:02.007 INFO  [ctor-http-nio-9] [trace:] c.a.a.filter.JwtAuthenticationFilter     : Incoming Gateway Request: GET http://localhost:8083/api/fares
2026-09-29 21:05:02.008 INFO  [ctor-http-nio-8] [trace:] c.a.a.filter.AuthenticationFilter        : Direct Admin Access active: Bypassing token validation for enhancement/dev mode on path '/api/bookings'
2026-09-29 21:05:02.008 INFO  [ctor-http-nio-9] [trace:] c.a.a.filter.AuthenticationFilter        : Direct Admin Access active: Bypassing token validation for enhancement/dev mode on path '/api/fares'
2026-09-29 21:05:18.018 DEBUG [tor-http-nio-11] [trace:] c.a.a.filter.CorrelationIdGlobalFilter   : Assigned Correlation ID: AB-UI-6R8OO4UB to GET /api/flights
2026-09-29 21:05:18.018 DEBUG [ctor-http-nio-9] [trace:] c.a.a.filter.CorrelationIdGlobalFilter   : Assigned Correlation ID: AB-UI-86VT8UR3 to GET /api/admin/aircrafts
2026-09-29 21:05:18.018 DEBUG [tor-http-nio-10] [trace:] c.a.a.filter.CorrelationIdGlobalFilter   : Assigned Correlation ID: AB-UI-HZWOPXLS to GET /api/v1/users
2026-09-29 21:05:18.018 INFO  [tor-http-nio-11] [trace:] c.a.a.filter.JwtAuthenticationFilter     : Incoming Gateway Request: GET http://localhost:8083/api/flights
2026-09-29 21:05:18.019 INFO  [ctor-http-nio-9] [trace:] c.a.a.filter.JwtAuthenticationFilter     : Incoming Gateway Request: GET http://localhost:8083/api/admin/aircrafts
2026-09-29 21:05:18.019 INFO  [tor-http-nio-10] [trace:] c.a.a.filter.JwtAuthenticationFilter     : Incoming Gateway Request: GET http://localhost:8083/api/v1/users
2026-09-29 21:05:18.019 INFO  [tor-http-nio-11] [trace:] c.a.a.filter.AuthenticationFilter        : Direct Admin Access active: Bypassing token validation for enhancement/dev mode on path '/api/flights'
2026-09-29 21:05:18.019 INFO  [ctor-http-nio-9] [trace:] c.a.a.filter.AuthenticationFilter        : Direct Admin Access active: Bypassing token validation for enhancement/dev mode on path '/api/admin/aircrafts'
2026-09-29 21:05:18.019 INFO  [tor-http-nio-10] [trace:] c.a.a.filter.AuthenticationFilter        : Direct Admin Access active: Bypassing token validation for enhancement/dev mode on path '/api/v1/users'
2026-09-29 21:05:18.022 DEBUG [ctor-http-nio-7] [trace:] c.a.a.filter.CorrelationIdGlobalFilter   : Assigned Correlation ID: AB-UI-8NJSRBGH to GET /api/bookings
2026-09-29 21:05:18.022 INFO  [ctor-http-nio-7] [trace:] c.a.a.filter.JwtAuthenticationFilter     : Incoming Gateway Request: GET http://localhost:8083/api/bookings
2026-09-29 21:05:18.022 INFO  [ctor-http-nio-7] [trace:] c.a.a.filter.AuthenticationFilter        : Direct Admin Access active: Bypassing token validation for enhancement/dev mode on path '/api/bookings'
2026-09-29 21:05:18.023 DEBUG [ctor-http-nio-8] [trace:] c.a.a.filter.CorrelationIdGlobalFilter   : Assigned Correlation ID: AB-UI-ZHGUGN5C to GET /api/fares
2026-09-29 21:05:18.023 INFO  [ctor-http-nio-8] [trace:] c.a.a.filter.JwtAuthenticationFilter     : Incoming Gateway Request: GET http://localhost:8083/api/fares
2026-09-29 21:05:18.023 INFO  [ctor-http-nio-8] [trace:] c.a.a.filter.AuthenticationFilter        : Direct Admin Access active: Bypassing token validation for enhancement/dev mode on path '/api/fares'
2026-09-29 21:07:08.872 INFO  [rap-executor-%d] [trace:] c.n.d.s.r.aws.ConfigClusterResolver      : Resolving eureka endpoints via configuration
2026-09-29 21:07:16.486 DEBUG [ctor-http-nio-7] [trace:] c.a.a.filter.CorrelationIdGlobalFilter   : Assigned Correlation ID: AB-UI-YMX71KTI to GET /api/flights
2026-09-29 21:07:16.487 INFO  [ctor-http-nio-7] [trace:] c.a.a.filter.JwtAuthenticationFilter     : Incoming Gateway Request: GET http://localhost:8083/api/flights
2026-09-29 21:07:16.487 INFO  [ctor-http-nio-7] [trace:] c.a.a.filter.AuthenticationFilter        : Direct Admin Access active: Bypassing token validation for enhancement/dev mode on path '/api/flights'
2026-09-29 21:07:16.486 DEBUG [ctor-http-nio-8] [trace:] c.a.a.filter.CorrelationIdGlobalFilter   : Assigned Correlation ID: AB-UI-833YDWFN to GET /api/check-ins
2026-09-29 21:07:16.488 INFO  [ctor-http-nio-8] [trace:] c.a.a.filter.JwtAuthenticationFilter     : Incoming Gateway Request: GET http://localhost:8083/api/check-ins
2026-09-29 21:07:16.488 INFO  [ctor-http-nio-8] [trace:] c.a.a.filter.AuthenticationFilter        : Direct Admin Access active: Bypassing token validation for enhancement/dev mode on path '/api/check-ins'
2026-09-29 21:07:16.529 DEBUG [ctor-http-nio-7] [trace:] c.a.a.filter.CorrelationIdGlobalFilter   : Assigned Correlation ID: AB-UI-FAGPGD3R to GET /api/bookings/flight/1
2026-09-29 21:07:16.529 INFO  [ctor-http-nio-7] [trace:] c.a.a.filter.JwtAuthenticationFilter     : Incoming Gateway Request: GET http://localhost:8083/api/bookings/flight/1
2026-09-29 21:07:16.530 INFO  [ctor-http-nio-7] [trace:] c.a.a.filter.AuthenticationFilter        : Direct Admin Access active: Bypassing token validation for enhancement/dev mode on path '/api/bookings/flight/1'
2026-09-29 21:07:18.440 DEBUG [ctor-http-nio-8] [trace:] c.a.a.filter.CorrelationIdGlobalFilter   : Assigned Correlation ID: AB-UI-DW89OVEY to GET /api/flights
2026-09-29 21:07:18.440 INFO  [ctor-http-nio-8] [trace:] c.a.a.filter.JwtAuthenticationFilter     : Incoming Gateway Request: GET http://localhost:8083/api/flights
2026-09-29 21:07:18.441 DEBUG [ctor-http-nio-7] [trace:] c.a.a.filter.CorrelationIdGlobalFilter   : Assigned Correlation ID: AB-UI-QALB22SU to GET /api/bookings
2026-09-29 21:07:18.441 DEBUG [ctor-http-nio-9] [trace:] c.a.a.filter.CorrelationIdGlobalFilter   : Assigned Correlation ID: AB-UI-VKROKYZO to GET /api/fares
2026-09-29 21:07:18.443 INFO  [ctor-http-nio-9] [trace:] c.a.a.filter.JwtAuthenticationFilter     : Incoming Gateway Request: GET http://localhost:8083/api/fares
2026-09-29 21:07:18.443 INFO  [ctor-http-nio-9] [trace:] c.a.a.filter.AuthenticationFilter        : Direct Admin Access active: Bypassing token validation for enhancement/dev mode on path '/api/fares'
2026-09-29 21:07:18.442 DEBUG [tor-http-nio-10] [trace:] c.a.a.filter.CorrelationIdGlobalFilter   : Assigned Correlation ID: AB-UI-3CQ964XY to GET /api/admin/aircrafts
2026-09-29 21:07:18.444 INFO  [tor-http-nio-10] [trace:] c.a.a.filter.JwtAuthenticationFilter     : Incoming Gateway Request: GET http://localhost:8083/api/admin/aircrafts
2026-09-29 21:07:18.442 DEBUG [tor-http-nio-11] [trace:] c.a.a.filter.CorrelationIdGlobalFilter   : Assigned Correlation ID: AB-UI-BC85T3WM to GET /api/v1/users
2026-09-29 21:07:18.444 INFO  [tor-http-nio-11] [trace:] c.a.a.filter.JwtAuthenticationFilter     : Incoming Gateway Request: GET http://localhost:8083/api/v1/users
2026-09-29 21:07:18.442 INFO  [ctor-http-nio-8] [trace:] c.a.a.filter.AuthenticationFilter        : Direct Admin Access active: Bypassing token validation for enhancement/dev mode on path '/api/flights'
2026-09-29 21:07:18.442 INFO  [ctor-http-nio-7] [trace:] c.a.a.filter.JwtAuthenticationFilter     : Incoming Gateway Request: GET http://localhost:8083/api/bookings
2026-09-29 21:07:18.445 INFO  [ctor-http-nio-7] [trace:] c.a.a.filter.AuthenticationFilter        : Direct Admin Access active: Bypassing token validation for enhancement/dev mode on path '/api/bookings'
2026-09-29 21:07:18.444 INFO  [tor-http-nio-10] [trace:] c.a.a.filter.AuthenticationFilter        : Direct Admin Access active: Bypassing token validation for enhancement/dev mode on path '/api/admin/aircrafts'
2026-09-29 21:07:18.445 INFO  [tor-http-nio-11] [trace:] c.a.a.filter.AuthenticationFilter        : Direct Admin Access active: Bypassing token validation for enhancement/dev mode on path '/api/v1/users'
2026-09-29 21:08:04.282 DEBUG [tor-http-nio-11] [trace:] c.a.a.filter.CorrelationIdGlobalFilter   : Assigned Correlation ID: AB-UI-612ZTEWC to GET /api/v1/users/3
2026-09-29 21:08:04.283 INFO  [tor-http-nio-11] [trace:] c.a.a.filter.JwtAuthenticationFilter     : Incoming Gateway Request: GET http://localhost:8083/api/v1/users/3
2026-09-29 21:08:04.282 DEBUG [ctor-http-nio-9] [trace:] c.a.a.filter.CorrelationIdGlobalFilter   : Assigned Correlation ID: AB-UI-2SELAGCH to GET /api/flights
2026-09-29 21:08:04.282 DEBUG [tor-http-nio-10] [trace:] c.a.a.filter.CorrelationIdGlobalFilter   : Assigned Correlation ID: AB-UI-10YYKH20 to GET /api/notifications/user/3
2026-09-29 21:08:04.282 DEBUG [ctor-http-nio-8] [trace:] c.a.a.filter.CorrelationIdGlobalFilter   : Assigned Correlation ID: AB-UI-QVWUUZSZ to GET /api/bookings/user/3
2026-09-29 21:08:04.283 INFO  [tor-http-nio-11] [trace:] c.a.a.filter.AuthenticationFilter        : Direct Customer Access active: Bypassing token validation on path '/api/v1/users/3'
2026-09-29 21:08:04.284 INFO  [ctor-http-nio-9] [trace:] c.a.a.filter.JwtAuthenticationFilter     : Incoming Gateway Request: GET http://localhost:8083/api/flights
2026-09-29 21:08:04.284 INFO  [tor-http-nio-10] [trace:] c.a.a.filter.JwtAuthenticationFilter     : Incoming Gateway Request: GET http://localhost:8083/api/notifications/user/3
2026-09-29 21:08:04.284 INFO  [ctor-http-nio-8] [trace:] c.a.a.filter.JwtAuthenticationFilter     : Incoming Gateway Request: GET http://localhost:8083/api/bookings/user/3
2026-09-29 21:08:04.285 INFO  [tor-http-nio-10] [trace:] c.a.a.filter.AuthenticationFilter        : Direct Customer Access active: Bypassing token validation on path '/api/notifications/user/3'
2026-09-29 21:08:04.285 INFO  [ctor-http-nio-9] [trace:] c.a.a.filter.AuthenticationFilter        : Direct Customer Access active: Bypassing token validation on path '/api/flights'
2026-09-29 21:08:04.285 INFO  [ctor-http-nio-8] [trace:] c.a.a.filter.AuthenticationFilter        : Direct Customer Access active: Bypassing token validation on path '/api/bookings/user/3'
2026-09-29 21:08:10.139 DEBUG [tor-http-nio-10] [trace:] c.a.a.filter.CorrelationIdGlobalFilter   : Assigned Correlation ID: AB-UI-BSDFSQPQ to GET /api/flights
2026-09-29 21:08:10.140 INFO  [tor-http-nio-10] [trace:] c.a.a.filter.JwtAuthenticationFilter     : Incoming Gateway Request: GET http://localhost:8083/api/flights
2026-09-29 21:08:10.140 INFO  [tor-http-nio-10] [trace:] c.a.a.filter.AuthenticationFilter        : Direct Customer Access active: Bypassing token validation on path '/api/flights'
2026-09-29 21:08:25.818 DEBUG [tor-http-nio-10] [trace:] c.a.a.filter.CorrelationIdGlobalFilter   : Assigned Correlation ID: AB-UI-WSLIGDC7 to GET /api/flights/search
2026-09-29 21:08:25.819 INFO  [tor-http-nio-10] [trace:] c.a.a.filter.JwtAuthenticationFilter     : Incoming Gateway Request: GET http://localhost:8083/api/flights/search?source=Mumbai&destination=Goa
2026-09-29 21:08:25.819 INFO  [tor-http-nio-10] [trace:] c.a.a.filter.AuthenticationFilter        : Direct Customer Access active: Bypassing token validation on path '/api/flights/search'
2026-09-29 21:08:26.705 DEBUG [tor-http-nio-10] [trace:] c.a.a.filter.CorrelationIdGlobalFilter   : Assigned Correlation ID: AB-UI-1OW7EXSY to GET /api/flights/search
2026-09-29 21:08:26.706 INFO  [tor-http-nio-10] [trace:] c.a.a.filter.JwtAuthenticationFilter     : Incoming Gateway Request: GET http://localhost:8083/api/flights/search?source=Delhi&destination=Bengaluru
2026-09-29 21:08:26.706 INFO  [tor-http-nio-10] [trace:] c.a.a.filter.AuthenticationFilter        : Direct Customer Access active: Bypassing token validation on path '/api/flights/search'
2026-09-29 21:08:27.473 DEBUG [tor-http-nio-10] [trace:] c.a.a.filter.CorrelationIdGlobalFilter   : Assigned Correlation ID: AB-UI-E8LP5Q4A to GET /api/flights/search
2026-09-29 21:08:27.473 INFO  [tor-http-nio-10] [trace:] c.a.a.filter.JwtAuthenticationFilter     : Incoming Gateway Request: GET http://localhost:8083/api/flights/search?source=Mumbai&destination=Delhi
2026-09-29 21:08:27.474 INFO  [tor-http-nio-10] [trace:] c.a.a.filter.AuthenticationFilter        : Direct Customer Access active: Bypassing token validation on path '/api/flights/search'
2026-09-29 21:08:40.929 DEBUG [tor-http-nio-10] [trace:] c.a.a.filter.CorrelationIdGlobalFilter   : Assigned Correlation ID: AB-UI-UEIYMH5N to GET /api/flights
2026-09-29 21:08:40.929 INFO  [tor-http-nio-10] [trace:] c.a.a.filter.JwtAuthenticationFilter     : Incoming Gateway Request: GET http://localhost:8083/api/flights
2026-09-29 21:08:40.929 INFO  [tor-http-nio-10] [trace:] c.a.a.filter.AuthenticationFilter        : Direct Customer Access active: Bypassing token validation on path '/api/flights'
2026-09-29 21:12:08.885 INFO  [rap-executor-%d] [trace:] c.n.d.s.r.aws.ConfigClusterResolver      : Resolving eureka endpoints via configuration
2026-09-29 21:17:08.898 INFO  [rap-executor-%d] [trace:] c.n.d.s.r.aws.ConfigClusterResolver      : Resolving eureka endpoints via configuration
2026-09-29 21:22:08.910 INFO  [rap-executor-%d] [trace:] c.n.d.s.r.aws.ConfigClusterResolver      : Resolving eureka endpoints via configuration
2026-09-29 21:26:01.581 DEBUG [ctor-http-nio-1] [trace:] c.a.a.filter.CorrelationIdGlobalFilter   : Assigned Correlation ID: AB-UI-R3FQOQ3D to GET /api/v1/users/3
2026-09-29 21:26:01.581 DEBUG [ctor-http-nio-2] [trace:] c.a.a.filter.CorrelationIdGlobalFilter   : Assigned Correlation ID: AB-UI-Q58O12QC to GET /api/flights
2026-09-29 21:26:01.581 DEBUG [ctor-http-nio-4] [trace:] c.a.a.filter.CorrelationIdGlobalFilter   : Assigned Correlation ID: AB-UI-AI2MFFTK to GET /api/bookings/user/3
2026-09-29 21:26:01.581 INFO  [ctor-http-nio-1] [trace:] c.a.a.filter.JwtAuthenticationFilter     : Incoming Gateway Request: GET http://localhost:8083/api/v1/users/3
2026-09-29 21:26:01.581 INFO  [ctor-http-nio-2] [trace:] c.a.a.filter.JwtAuthenticationFilter     : Incoming Gateway Request: GET http://localhost:8083/api/flights
2026-09-29 21:26:01.581 INFO  [ctor-http-nio-4] [trace:] c.a.a.filter.JwtAuthenticationFilter     : Incoming Gateway Request: GET http://localhost:8083/api/bookings/user/3
2026-09-29 21:26:01.581 INFO  [ctor-http-nio-2] [trace:] c.a.a.filter.AuthenticationFilter        : Direct Customer Access active: Bypassing token validation on path '/api/flights'
2026-09-29 21:26:01.581 INFO  [ctor-http-nio-1] [trace:] c.a.a.filter.AuthenticationFilter        : Direct Customer Access active: Bypassing token validation on path '/api/v1/users/3'
2026-09-29 21:26:01.581 INFO  [ctor-http-nio-4] [trace:] c.a.a.filter.AuthenticationFilter        : Direct Customer Access active: Bypassing token validation on path '/api/bookings/user/3'
2026-09-29 21:26:01.585 DEBUG [ctor-http-nio-3] [trace:] c.a.a.filter.CorrelationIdGlobalFilter   : Assigned Correlation ID: AB-UI-MO4AOYHO to GET /api/notifications/user/3
2026-09-29 21:26:01.585 INFO  [ctor-http-nio-3] [trace:] c.a.a.filter.JwtAuthenticationFilter     : Incoming Gateway Request: GET http://localhost:8083/api/notifications/user/3
2026-09-29 21:26:01.586 INFO  [ctor-http-nio-3] [trace:] c.a.a.filter.AuthenticationFilter        : Direct Customer Access active: Bypassing token validation on path '/api/notifications/user/3'
2026-09-29 21:26:07.096 DEBUG [ctor-http-nio-3] [trace:] c.a.a.filter.CorrelationIdGlobalFilter   : Assigned Correlation ID: AB-UI-2Z9J4NRV to GET /api/check-ins
2026-09-29 21:26:07.096 DEBUG [ctor-http-nio-1] [trace:] c.a.a.filter.CorrelationIdGlobalFilter   : Assigned Correlation ID: AB-UI-YD7D17QE to GET /api/flights
2026-09-29 21:26:07.096 INFO  [ctor-http-nio-3] [trace:] c.a.a.filter.JwtAuthenticationFilter     : Incoming Gateway Request: GET http://localhost:8083/api/check-ins
2026-09-29 21:26:07.096 INFO  [ctor-http-nio-1] [trace:] c.a.a.filter.JwtAuthenticationFilter     : Incoming Gateway Request: GET http://localhost:8083/api/flights
2026-09-29 21:26:07.096 INFO  [ctor-http-nio-3] [trace:] c.a.a.filter.AuthenticationFilter        : Direct Staff Access active: Bypassing token validation on path '/api/check-ins'
2026-09-29 21:26:07.096 INFO  [ctor-http-nio-1] [trace:] c.a.a.filter.AuthenticationFilter        : Direct Staff Access active: Bypassing token validation on path '/api/flights'
2026-09-29 21:26:07.116 DEBUG [ctor-http-nio-3] [trace:] c.a.a.filter.CorrelationIdGlobalFilter   : Assigned Correlation ID: AB-UI-9KWU4D3U to GET /api/bookings/flight/1
2026-09-29 21:26:07.116 INFO  [ctor-http-nio-3] [trace:] c.a.a.filter.JwtAuthenticationFilter     : Incoming Gateway Request: GET http://localhost:8083/api/bookings/flight/1
2026-09-29 21:26:07.116 INFO  [ctor-http-nio-3] [trace:] c.a.a.filter.AuthenticationFilter        : Direct Staff Access active: Bypassing token validation on path '/api/bookings/flight/1'
2026-09-29 21:26:07.859 DEBUG [ctor-http-nio-2] [trace:] c.a.a.filter.CorrelationIdGlobalFilter   : Assigned Correlation ID: AB-UI-V2B7DZAF to GET /api/flights
2026-09-29 21:26:07.860 INFO  [ctor-http-nio-2] [trace:] c.a.a.filter.JwtAuthenticationFilter     : Incoming Gateway Request: GET http://localhost:8083/api/flights
2026-09-29 21:26:07.860 DEBUG [ctor-http-nio-1] [trace:] c.a.a.filter.CorrelationIdGlobalFilter   : Assigned Correlation ID: AB-UI-ZUJMGIDW to GET /api/v1/users/3
2026-09-29 21:26:07.861 INFO  [ctor-http-nio-2] [trace:] c.a.a.filter.AuthenticationFilter        : Direct Customer Access active: Bypassing token validation on path '/api/flights'
2026-09-29 21:26:07.861 DEBUG [ctor-http-nio-4] [trace:] c.a.a.filter.CorrelationIdGlobalFilter   : Assigned Correlation ID: AB-UI-TZIVVIR5 to GET /api/notifications/user/3
2026-09-29 21:26:07.861 DEBUG [ctor-http-nio-3] [trace:] c.a.a.filter.CorrelationIdGlobalFilter   : Assigned Correlation ID: AB-UI-YQYMXH5O to GET /api/bookings/user/3
2026-09-29 21:26:07.861 INFO  [ctor-http-nio-1] [trace:] c.a.a.filter.JwtAuthenticationFilter     : Incoming Gateway Request: GET http://localhost:8083/api/v1/users/3
2026-09-29 21:26:07.861 INFO  [ctor-http-nio-4] [trace:] c.a.a.filter.JwtAuthenticationFilter     : Incoming Gateway Request: GET http://localhost:8083/api/notifications/user/3
2026-09-29 21:26:07.861 INFO  [ctor-http-nio-3] [trace:] c.a.a.filter.JwtAuthenticationFilter     : Incoming Gateway Request: GET http://localhost:8083/api/bookings/user/3
2026-09-29 21:26:07.861 INFO  [ctor-http-nio-1] [trace:] c.a.a.filter.AuthenticationFilter        : Direct Customer Access active: Bypassing token validation on path '/api/v1/users/3'
2026-09-29 21:26:07.861 INFO  [ctor-http-nio-4] [trace:] c.a.a.filter.AuthenticationFilter        : Direct Customer Access active: Bypassing token validation on path '/api/notifications/user/3'
2026-09-29 21:26:07.862 INFO  [ctor-http-nio-3] [trace:] c.a.a.filter.AuthenticationFilter        : Direct Customer Access active: Bypassing token validation on path '/api/bookings/user/3'
2026-09-29 21:26:41.353 DEBUG [ctor-http-nio-1] [trace:] c.a.a.filter.CorrelationIdGlobalFilter   : Assigned Correlation ID: AB-UI-XTLUKC9N to GET /api/check-ins
2026-09-29 21:26:41.353 DEBUG [ctor-http-nio-3] [trace:] c.a.a.filter.CorrelationIdGlobalFilter   : Assigned Correlation ID: AB-UI-AW0CM8IU to GET /api/flights
2026-09-29 21:26:41.353 INFO  [ctor-http-nio-1] [trace:] c.a.a.filter.JwtAuthenticationFilter     : Incoming Gateway Request: GET http://localhost:8083/api/check-ins
2026-09-29 21:26:41.355 INFO  [ctor-http-nio-3] [trace:] c.a.a.filter.JwtAuthenticationFilter     : Incoming Gateway Request: GET http://localhost:8083/api/flights
2026-09-29 21:26:41.355 INFO  [ctor-http-nio-1] [trace:] c.a.a.filter.AuthenticationFilter        : Direct Staff Access active: Bypassing token validation on path '/api/check-ins'
2026-09-29 21:26:41.355 INFO  [ctor-http-nio-3] [trace:] c.a.a.filter.AuthenticationFilter        : Direct Staff Access active: Bypassing token validation on path '/api/flights'
2026-09-29 21:26:41.372 DEBUG [ctor-http-nio-1] [trace:] c.a.a.filter.CorrelationIdGlobalFilter   : Assigned Correlation ID: AB-UI-HIF7IT2R to GET /api/bookings/flight/1
2026-09-29 21:26:41.372 INFO  [ctor-http-nio-1] [trace:] c.a.a.filter.JwtAuthenticationFilter     : Incoming Gateway Request: GET http://localhost:8083/api/bookings/flight/1
2026-09-29 21:26:41.372 INFO  [ctor-http-nio-1] [trace:] c.a.a.filter.AuthenticationFilter        : Direct Staff Access active: Bypassing token validation on path '/api/bookings/flight/1'
2026-09-29 21:26:46.234 DEBUG [ctor-http-nio-2] [trace:] c.a.a.filter.CorrelationIdGlobalFilter   : Assigned Correlation ID: AB-UI-OT7ENV79 to GET /api/flights
2026-09-29 21:26:46.234 INFO  [ctor-http-nio-2] [trace:] c.a.a.filter.JwtAuthenticationFilter     : Incoming Gateway Request: GET http://localhost:8083/api/flights
2026-09-29 21:26:46.234 DEBUG [ctor-http-nio-4] [trace:] c.a.a.filter.CorrelationIdGlobalFilter   : Assigned Correlation ID: AB-UI-KDL1HIX2 to GET /api/notifications/user/3
2026-09-29 21:26:46.234 DEBUG [ctor-http-nio-3] [trace:] c.a.a.filter.CorrelationIdGlobalFilter   : Assigned Correlation ID: AB-UI-K645DT13 to GET /api/v1/users/3
2026-09-29 21:26:46.234 DEBUG [ctor-http-nio-1] [trace:] c.a.a.filter.CorrelationIdGlobalFilter   : Assigned Correlation ID: AB-UI-8WXGMX0D to GET /api/bookings/user/3
2026-09-29 21:26:46.236 INFO  [ctor-http-nio-3] [trace:] c.a.a.filter.JwtAuthenticationFilter     : Incoming Gateway Request: GET http://localhost:8083/api/v1/users/3
2026-09-29 21:26:46.234 INFO  [ctor-http-nio-2] [trace:] c.a.a.filter.AuthenticationFilter        : Direct Customer Access active: Bypassing token validation on path '/api/flights'
2026-09-29 21:26:46.236 INFO  [ctor-http-nio-4] [trace:] c.a.a.filter.JwtAuthenticationFilter     : Incoming Gateway Request: GET http://localhost:8083/api/notifications/user/3
2026-09-29 21:26:46.237 INFO  [ctor-http-nio-4] [trace:] c.a.a.filter.AuthenticationFilter        : Direct Customer Access active: Bypassing token validation on path '/api/notifications/user/3'
2026-09-29 21:26:46.236 INFO  [ctor-http-nio-1] [trace:] c.a.a.filter.JwtAuthenticationFilter     : Incoming Gateway Request: GET http://localhost:8083/api/bookings/user/3
2026-09-29 21:26:46.237 INFO  [ctor-http-nio-3] [trace:] c.a.a.filter.AuthenticationFilter        : Direct Customer Access active: Bypassing token validation on path '/api/v1/users/3'
2026-09-29 21:26:46.240 INFO  [ctor-http-nio-1] [trace:] c.a.a.filter.AuthenticationFilter        : Direct Customer Access active: Bypassing token validation on path '/api/bookings/user/3'
2026-09-29 21:26:46.862 DEBUG [ctor-http-nio-3] [trace:] c.a.a.filter.CorrelationIdGlobalFilter   : Assigned Correlation ID: AB-UI-OJQL58KJ to GET /api/flights
2026-09-29 21:26:46.862 DEBUG [ctor-http-nio-4] [trace:] c.a.a.filter.CorrelationIdGlobalFilter   : Assigned Correlation ID: AB-UI-67INKZZ4 to GET /api/check-ins
2026-09-29 21:26:46.862 INFO  [ctor-http-nio-3] [trace:] c.a.a.filter.JwtAuthenticationFilter     : Incoming Gateway Request: GET http://localhost:8083/api/flights
2026-09-29 21:26:46.862 INFO  [ctor-http-nio-4] [trace:] c.a.a.filter.JwtAuthenticationFilter     : Incoming Gateway Request: GET http://localhost:8083/api/check-ins
2026-09-29 21:26:46.862 INFO  [ctor-http-nio-4] [trace:] c.a.a.filter.AuthenticationFilter        : Direct Staff Access active: Bypassing token validation on path '/api/check-ins'
2026-09-29 21:26:46.862 INFO  [ctor-http-nio-3] [trace:] c.a.a.filter.AuthenticationFilter        : Direct Staff Access active: Bypassing token validation on path '/api/flights'
2026-09-29 21:26:46.873 DEBUG [ctor-http-nio-3] [trace:] c.a.a.filter.CorrelationIdGlobalFilter   : Assigned Correlation ID: AB-UI-FRKJZSD7 to GET /api/bookings/flight/1
2026-09-29 21:26:46.873 INFO  [ctor-http-nio-3] [trace:] c.a.a.filter.JwtAuthenticationFilter     : Incoming Gateway Request: GET http://localhost:8083/api/bookings/flight/1
2026-09-29 21:26:46.873 INFO  [ctor-http-nio-3] [trace:] c.a.a.filter.AuthenticationFilter        : Direct Staff Access active: Bypassing token validation on path '/api/bookings/flight/1'
2026-09-29 21:26:47.419 DEBUG [ctor-http-nio-3] [trace:] c.a.a.filter.CorrelationIdGlobalFilter   : Assigned Correlation ID: AB-UI-L6J9IMAE to POST /api/auth/login
2026-09-29 21:26:47.419 INFO  [ctor-http-nio-3] [trace:] c.a.a.filter.JwtAuthenticationFilter     : Incoming Gateway Request: POST http://localhost:8083/api/auth/login
2026-09-29 21:26:47.430 DEBUG [ctor-http-nio-2] [trace:] c.a.a.filter.CorrelationIdGlobalFilter   : Assigned Correlation ID: AB-UI-09JVANPC to GET /api/admin/aircrafts
2026-09-29 21:26:47.431 DEBUG [ctor-http-nio-1] [trace:] c.a.a.filter.CorrelationIdGlobalFilter   : Assigned Correlation ID: AB-UI-QCL5126X to GET /api/v1/users
2026-09-29 21:26:47.431 INFO  [ctor-http-nio-1] [trace:] c.a.a.filter.JwtAuthenticationFilter     : Incoming Gateway Request: GET http://localhost:8083/api/v1/users
2026-09-29 21:26:47.431 INFO  [ctor-http-nio-1] [trace:] c.a.a.filter.AuthenticationFilter        : Direct Admin Access active: Bypassing token validation for enhancement/dev mode on path '/api/v1/users'
2026-09-29 21:26:47.430 DEBUG [ctor-http-nio-4] [trace:] c.a.a.filter.CorrelationIdGlobalFilter   : Assigned Correlation ID: AB-UI-Y493FR0H to GET /api/flights
2026-09-29 21:26:47.431 INFO  [ctor-http-nio-2] [trace:] c.a.a.filter.JwtAuthenticationFilter     : Incoming Gateway Request: GET http://localhost:8083/api/admin/aircrafts
2026-09-29 21:26:47.432 DEBUG [ctor-http-nio-5] [trace:] c.a.a.filter.CorrelationIdGlobalFilter   : Assigned Correlation ID: AB-UI-LHILFFB1 to GET /api/bookings
2026-09-29 21:26:47.432 INFO  [ctor-http-nio-4] [trace:] c.a.a.filter.JwtAuthenticationFilter     : Incoming Gateway Request: GET http://localhost:8083/api/flights
2026-09-29 21:26:47.432 INFO  [ctor-http-nio-2] [trace:] c.a.a.filter.AuthenticationFilter        : Direct Admin Access active: Bypassing token validation for enhancement/dev mode on path '/api/admin/aircrafts'
2026-09-29 21:26:47.432 INFO  [ctor-http-nio-5] [trace:] c.a.a.filter.JwtAuthenticationFilter     : Incoming Gateway Request: GET http://localhost:8083/api/bookings
2026-09-29 21:26:47.432 INFO  [ctor-http-nio-5] [trace:] c.a.a.filter.AuthenticationFilter        : Direct Admin Access active: Bypassing token validation for enhancement/dev mode on path '/api/bookings'
2026-09-29 21:26:47.432 INFO  [ctor-http-nio-4] [trace:] c.a.a.filter.AuthenticationFilter        : Direct Admin Access active: Bypassing token validation for enhancement/dev mode on path '/api/flights'
2026-09-29 21:26:47.433 DEBUG [ctor-http-nio-6] [trace:] c.a.a.filter.CorrelationIdGlobalFilter   : Assigned Correlation ID: AB-UI-LIK5XNIA to GET /api/fares
2026-09-29 21:26:47.434 INFO  [ctor-http-nio-6] [trace:] c.a.a.filter.JwtAuthenticationFilter     : Incoming Gateway Request: GET http://localhost:8083/api/fares
2026-09-29 21:26:47.435 INFO  [ctor-http-nio-6] [trace:] c.a.a.filter.AuthenticationFilter        : Direct Admin Access active: Bypassing token validation for enhancement/dev mode on path '/api/fares'
2026-09-29 21:26:50.030 DEBUG [ctor-http-nio-1] [trace:] c.a.a.filter.CorrelationIdGlobalFilter   : Assigned Correlation ID: AB-UI-HTRC2Y1C to GET /api/check-ins
2026-09-29 21:26:50.030 DEBUG [ctor-http-nio-6] [trace:] c.a.a.filter.CorrelationIdGlobalFilter   : Assigned Correlation ID: AB-UI-9Y4N243K to GET /api/flights
2026-09-29 21:26:50.031 INFO  [ctor-http-nio-6] [trace:] c.a.a.filter.JwtAuthenticationFilter     : Incoming Gateway Request: GET http://localhost:8083/api/flights
2026-09-29 21:26:50.031 INFO  [ctor-http-nio-1] [trace:] c.a.a.filter.JwtAuthenticationFilter     : Incoming Gateway Request: GET http://localhost:8083/api/check-ins
2026-09-29 21:26:50.032 INFO  [ctor-http-nio-6] [trace:] c.a.a.filter.AuthenticationFilter        : Direct Admin Access active: Bypassing token validation for enhancement/dev mode on path '/api/flights'
2026-09-29 21:26:50.032 INFO  [ctor-http-nio-1] [trace:] c.a.a.filter.AuthenticationFilter        : Direct Admin Access active: Bypassing token validation for enhancement/dev mode on path '/api/check-ins'
2026-09-29 21:26:50.054 DEBUG [ctor-http-nio-1] [trace:] c.a.a.filter.CorrelationIdGlobalFilter   : Assigned Correlation ID: AB-UI-CWXAP796 to GET /api/bookings/flight/1
2026-09-29 21:26:50.054 INFO  [ctor-http-nio-1] [trace:] c.a.a.filter.JwtAuthenticationFilter     : Incoming Gateway Request: GET http://localhost:8083/api/bookings/flight/1
2026-09-29 21:26:50.055 INFO  [ctor-http-nio-1] [trace:] c.a.a.filter.AuthenticationFilter        : Direct Admin Access active: Bypassing token validation for enhancement/dev mode on path '/api/bookings/flight/1'
2026-09-29 21:26:52.398 DEBUG [ctor-http-nio-5] [trace:] c.a.a.filter.CorrelationIdGlobalFilter   : Assigned Correlation ID: AB-UI-ZB3R7JDJ to GET /api/bookings/user/3
2026-09-29 21:26:52.398 DEBUG [ctor-http-nio-1] [trace:] c.a.a.filter.CorrelationIdGlobalFilter   : Assigned Correlation ID: AB-UI-OAIJFZIV to GET /api/notifications/user/3
2026-09-29 21:26:52.398 DEBUG [ctor-http-nio-6] [trace:] c.a.a.filter.CorrelationIdGlobalFilter   : Assigned Correlation ID: AB-UI-NM81M1VE to GET /api/flights
2026-09-29 21:26:52.398 DEBUG [ctor-http-nio-4] [trace:] c.a.a.filter.CorrelationIdGlobalFilter   : Assigned Correlation ID: AB-UI-VDZ8T1O0 to GET /api/v1/users/3
2026-09-29 21:26:52.398 INFO  [ctor-http-nio-5] [trace:] c.a.a.filter.JwtAuthenticationFilter     : Incoming Gateway Request: GET http://localhost:8083/api/bookings/user/3
2026-09-29 21:26:52.398 INFO  [ctor-http-nio-1] [trace:] c.a.a.filter.JwtAuthenticationFilter     : Incoming Gateway Request: GET http://localhost:8083/api/notifications/user/3
2026-09-29 21:26:52.398 INFO  [ctor-http-nio-6] [trace:] c.a.a.filter.JwtAuthenticationFilter     : Incoming Gateway Request: GET http://localhost:8083/api/flights
2026-09-29 21:26:52.398 INFO  [ctor-http-nio-4] [trace:] c.a.a.filter.JwtAuthenticationFilter     : Incoming Gateway Request: GET http://localhost:8083/api/v1/users/3
2026-09-29 21:26:52.400 INFO  [ctor-http-nio-5] [trace:] c.a.a.filter.AuthenticationFilter        : Direct Customer Access active: Bypassing token validation on path '/api/bookings/user/3'
2026-09-29 21:26:52.400 INFO  [ctor-http-nio-6] [trace:] c.a.a.filter.AuthenticationFilter        : Direct Customer Access active: Bypassing token validation on path '/api/flights'
2026-09-29 21:26:52.400 INFO  [ctor-http-nio-1] [trace:] c.a.a.filter.AuthenticationFilter        : Direct Customer Access active: Bypassing token validation on path '/api/notifications/user/3'
2026-09-29 21:26:52.400 INFO  [ctor-http-nio-4] [trace:] c.a.a.filter.AuthenticationFilter        : Direct Customer Access active: Bypassing token validation on path '/api/v1/users/3'
2026-09-29 21:26:53.942 DEBUG [ctor-http-nio-5] [trace:] c.a.a.filter.CorrelationIdGlobalFilter   : Assigned Correlation ID: AB-UI-1Y0K5I5G to GET /api/flights
2026-09-29 21:26:53.942 INFO  [ctor-http-nio-5] [trace:] c.a.a.filter.JwtAuthenticationFilter     : Incoming Gateway Request: GET http://localhost:8083/api/flights
2026-09-29 21:26:53.942 INFO  [ctor-http-nio-5] [trace:] c.a.a.filter.AuthenticationFilter        : Direct Staff Access active: Bypassing token validation on path '/api/flights'
2026-09-29 21:26:53.944 DEBUG [ctor-http-nio-1] [trace:] c.a.a.filter.CorrelationIdGlobalFilter   : Assigned Correlation ID: AB-UI-RPHJK9Y1 to GET /api/check-ins
2026-09-29 21:26:53.945 INFO  [ctor-http-nio-1] [trace:] c.a.a.filter.JwtAuthenticationFilter     : Incoming Gateway Request: GET http://localhost:8083/api/check-ins
2026-09-29 21:26:53.945 INFO  [ctor-http-nio-1] [trace:] c.a.a.filter.AuthenticationFilter        : Direct Staff Access active: Bypassing token validation on path '/api/check-ins'
2026-09-29 21:26:53.963 DEBUG [ctor-http-nio-1] [trace:] c.a.a.filter.CorrelationIdGlobalFilter   : Assigned Correlation ID: AB-UI-REXWC7V0 to GET /api/bookings/flight/1
2026-09-29 21:26:53.963 INFO  [ctor-http-nio-1] [trace:] c.a.a.filter.JwtAuthenticationFilter     : Incoming Gateway Request: GET http://localhost:8083/api/bookings/flight/1
2026-09-29 21:26:53.963 INFO  [ctor-http-nio-1] [trace:] c.a.a.filter.AuthenticationFilter        : Direct Staff Access active: Bypassing token validation on path '/api/bookings/flight/1'
2026-09-29 21:27:08.912 INFO  [rap-executor-%d] [trace:] c.n.d.s.r.aws.ConfigClusterResolver      : Resolving eureka endpoints via configuration
2026-09-29 21:27:58.078 DEBUG [ctor-http-nio-1] [trace:] c.a.a.filter.CorrelationIdGlobalFilter   : Assigned Correlation ID: AB-UI-JOGY8T0C to GET /api/flights
2026-09-29 21:27:58.078 INFO  [ctor-http-nio-1] [trace:] c.a.a.filter.JwtAuthenticationFilter     : Incoming Gateway Request: GET http://localhost:8083/api/flights
2026-09-29 21:27:58.078 INFO  [ctor-http-nio-1] [trace:] c.a.a.filter.AuthenticationFilter        : Direct Staff Access active: Bypassing token validation on path '/api/flights'
2026-09-29 21:27:58.823 DEBUG [ctor-http-nio-6] [trace:] c.a.a.filter.CorrelationIdGlobalFilter   : Assigned Correlation ID: AB-UI-AGONH2CL to GET /api/v1/users/3
2026-09-29 21:27:58.823 INFO  [ctor-http-nio-6] [trace:] c.a.a.filter.JwtAuthenticationFilter     : Incoming Gateway Request: GET http://localhost:8083/api/v1/users/3
2026-09-29 21:27:58.823 DEBUG [ctor-http-nio-4] [trace:] c.a.a.filter.CorrelationIdGlobalFilter   : Assigned Correlation ID: AB-UI-Z5UDVL5S to GET /api/bookings/user/3
2026-09-29 21:27:58.823 DEBUG [ctor-http-nio-5] [trace:] c.a.a.filter.CorrelationIdGlobalFilter   : Assigned Correlation ID: AB-UI-RASJDNVT to GET /api/notifications/user/3
2026-09-29 21:27:58.823 DEBUG [ctor-http-nio-1] [trace:] c.a.a.filter.CorrelationIdGlobalFilter   : Assigned Correlation ID: AB-UI-ICTC9K2Q to GET /api/flights
2026-09-29 21:27:58.824 INFO  [ctor-http-nio-6] [trace:] c.a.a.filter.AuthenticationFilter        : Direct Customer Access active: Bypassing token validation on path '/api/v1/users/3'
2026-09-29 21:27:58.824 INFO  [ctor-http-nio-4] [trace:] c.a.a.filter.JwtAuthenticationFilter     : Incoming Gateway Request: GET http://localhost:8083/api/bookings/user/3
2026-09-29 21:27:58.824 INFO  [ctor-http-nio-5] [trace:] c.a.a.filter.JwtAuthenticationFilter     : Incoming Gateway Request: GET http://localhost:8083/api/notifications/user/3
2026-09-29 21:27:58.824 INFO  [ctor-http-nio-1] [trace:] c.a.a.filter.JwtAuthenticationFilter     : Incoming Gateway Request: GET http://localhost:8083/api/flights
2026-09-29 21:27:58.825 INFO  [ctor-http-nio-4] [trace:] c.a.a.filter.AuthenticationFilter        : Direct Customer Access active: Bypassing token validation on path '/api/bookings/user/3'
2026-09-29 21:27:58.825 INFO  [ctor-http-nio-5] [trace:] c.a.a.filter.AuthenticationFilter        : Direct Customer Access active: Bypassing token validation on path '/api/notifications/user/3'
2026-09-29 21:27:58.825 INFO  [ctor-http-nio-1] [trace:] c.a.a.filter.AuthenticationFilter        : Direct Customer Access active: Bypassing token validation on path '/api/flights'
2026-09-29 21:27:59.679 DEBUG [ctor-http-nio-4] [trace:] c.a.a.filter.CorrelationIdGlobalFilter   : Assigned Correlation ID: AB-UI-KUXW42P2 to GET /api/flights
2026-09-29 21:27:59.681 INFO  [ctor-http-nio-4] [trace:] c.a.a.filter.JwtAuthenticationFilter     : Incoming Gateway Request: GET http://localhost:8083/api/flights
2026-09-29 21:27:59.681 INFO  [ctor-http-nio-4] [trace:] c.a.a.filter.AuthenticationFilter        : Direct Staff Access active: Bypassing token validation on path '/api/flights'
2026-09-29 21:27:59.682 DEBUG [ctor-http-nio-5] [trace:] c.a.a.filter.CorrelationIdGlobalFilter   : Assigned Correlation ID: AB-UI-V1TO42U4 to GET /api/check-ins
2026-09-29 21:27:59.683 INFO  [ctor-http-nio-5] [trace:] c.a.a.filter.JwtAuthenticationFilter     : Incoming Gateway Request: GET http://localhost:8083/api/check-ins
2026-09-29 21:27:59.683 INFO  [ctor-http-nio-5] [trace:] c.a.a.filter.AuthenticationFilter        : Direct Staff Access active: Bypassing token validation on path '/api/check-ins'
2026-09-29 21:27:59.724 DEBUG [ctor-http-nio-5] [trace:] c.a.a.filter.CorrelationIdGlobalFilter   : Assigned Correlation ID: AB-UI-1QCMXRRV to GET /api/bookings/flight/1
2026-09-29 21:27:59.724 INFO  [ctor-http-nio-5] [trace:] c.a.a.filter.JwtAuthenticationFilter     : Incoming Gateway Request: GET http://localhost:8083/api/bookings/flight/1
2026-09-29 21:27:59.724 INFO  [ctor-http-nio-5] [trace:] c.a.a.filter.AuthenticationFilter        : Direct Staff Access active: Bypassing token validation on path '/api/bookings/flight/1'
2026-09-29 21:28:00.940 DEBUG [ctor-http-nio-5] [trace:] c.a.a.filter.CorrelationIdGlobalFilter   : Assigned Correlation ID: AB-UI-9RKBHJ06 to POST /api/auth/login
2026-09-29 21:28:00.940 INFO  [ctor-http-nio-5] [trace:] c.a.a.filter.JwtAuthenticationFilter     : Incoming Gateway Request: POST http://localhost:8083/api/auth/login
2026-09-29 21:28:00.948 DEBUG [ctor-http-nio-1] [trace:] c.a.a.filter.CorrelationIdGlobalFilter   : Assigned Correlation ID: AB-UI-C9K69ACJ to GET /api/v1/users
2026-09-29 21:28:00.949 INFO  [ctor-http-nio-1] [trace:] c.a.a.filter.JwtAuthenticationFilter     : Incoming Gateway Request: GET http://localhost:8083/api/v1/users
2026-09-29 21:28:00.948 DEBUG [ctor-http-nio-6] [trace:] c.a.a.filter.CorrelationIdGlobalFilter   : Assigned Correlation ID: AB-UI-6SK7XTU9 to GET /api/flights
2026-09-29 21:28:00.950 INFO  [ctor-http-nio-1] [trace:] c.a.a.filter.AuthenticationFilter        : Direct Admin Access active: Bypassing token validation for enhancement/dev mode on path '/api/v1/users'
2026-09-29 21:28:00.949 DEBUG [ctor-http-nio-3] [trace:] c.a.a.filter.CorrelationIdGlobalFilter   : Assigned Correlation ID: AB-UI-XUA8P7XJ to GET /api/admin/aircrafts
2026-09-29 21:28:00.950 INFO  [ctor-http-nio-6] [trace:] c.a.a.filter.JwtAuthenticationFilter     : Incoming Gateway Request: GET http://localhost:8083/api/flights
2026-09-29 21:28:00.950 INFO  [ctor-http-nio-3] [trace:] c.a.a.filter.JwtAuthenticationFilter     : Incoming Gateway Request: GET http://localhost:8083/api/admin/aircrafts
2026-09-29 21:28:00.950 INFO  [ctor-http-nio-6] [trace:] c.a.a.filter.AuthenticationFilter        : Direct Admin Access active: Bypassing token validation for enhancement/dev mode on path '/api/flights'
2026-09-29 21:28:00.950 INFO  [ctor-http-nio-3] [trace:] c.a.a.filter.AuthenticationFilter        : Direct Admin Access active: Bypassing token validation for enhancement/dev mode on path '/api/admin/aircrafts'
2026-09-29 21:28:00.950 DEBUG [ctor-http-nio-2] [trace:] c.a.a.filter.CorrelationIdGlobalFilter   : Assigned Correlation ID: AB-UI-WXM7QIUM to GET /api/bookings
2026-09-29 21:28:00.953 INFO  [ctor-http-nio-2] [trace:] c.a.a.filter.JwtAuthenticationFilter     : Incoming Gateway Request: GET http://localhost:8083/api/bookings
2026-09-29 21:28:00.954 INFO  [ctor-http-nio-2] [trace:] c.a.a.filter.AuthenticationFilter        : Direct Admin Access active: Bypassing token validation for enhancement/dev mode on path '/api/bookings'
2026-09-29 21:28:00.950 DEBUG [ctor-http-nio-4] [trace:] c.a.a.filter.CorrelationIdGlobalFilter   : Assigned Correlation ID: AB-UI-JZVPG7WZ to GET /api/fares
2026-09-29 21:28:00.954 INFO  [ctor-http-nio-4] [trace:] c.a.a.filter.JwtAuthenticationFilter     : Incoming Gateway Request: GET http://localhost:8083/api/fares
2026-09-29 21:28:00.954 INFO  [ctor-http-nio-4] [trace:] c.a.a.filter.AuthenticationFilter        : Direct Admin Access active: Bypassing token validation for enhancement/dev mode on path '/api/fares'
2026-09-29 21:28:45.542 DEBUG [ctor-http-nio-2] [trace:] c.a.a.filter.CorrelationIdGlobalFilter   : Assigned Correlation ID: AB-UI-6UAGYCAW to GET /api/flights
2026-09-29 21:28:45.542 INFO  [ctor-http-nio-2] [trace:] c.a.a.filter.JwtAuthenticationFilter     : Incoming Gateway Request: GET http://localhost:8083/api/flights
2026-09-29 21:28:45.542 INFO  [ctor-http-nio-2] [trace:] c.a.a.filter.AuthenticationFilter        : Direct Admin Access active: Bypassing token validation for enhancement/dev mode on path '/api/flights'
2026-09-29 21:29:01.011 DEBUG [ctor-http-nio-5] [trace:] c.a.a.filter.CorrelationIdGlobalFilter   : Assigned Correlation ID: AB-UI-DOEURA9M to GET /api/flights
2026-09-29 21:29:01.011 DEBUG [ctor-http-nio-2] [trace:] c.a.a.filter.CorrelationIdGlobalFilter   : Assigned Correlation ID: AB-UI-GX9VPNMG to GET /api/check-ins
2026-09-29 21:29:01.012 INFO  [ctor-http-nio-5] [trace:] c.a.a.filter.JwtAuthenticationFilter     : Incoming Gateway Request: GET http://localhost:8083/api/flights
2026-09-29 21:29:01.013 INFO  [ctor-http-nio-2] [trace:] c.a.a.filter.JwtAuthenticationFilter     : Incoming Gateway Request: GET http://localhost:8083/api/check-ins
2026-09-29 21:29:01.013 INFO  [ctor-http-nio-5] [trace:] c.a.a.filter.AuthenticationFilter        : Direct Admin Access active: Bypassing token validation for enhancement/dev mode on path '/api/flights'
2026-09-29 21:29:01.014 INFO  [ctor-http-nio-2] [trace:] c.a.a.filter.AuthenticationFilter        : Direct Admin Access active: Bypassing token validation for enhancement/dev mode on path '/api/check-ins'
2026-09-29 21:29:01.026 DEBUG [ctor-http-nio-5] [trace:] c.a.a.filter.CorrelationIdGlobalFilter   : Assigned Correlation ID: AB-UI-ZBCJV9DP to GET /api/bookings/flight/1
2026-09-29 21:29:01.026 INFO  [ctor-http-nio-5] [trace:] c.a.a.filter.JwtAuthenticationFilter     : Incoming Gateway Request: GET http://localhost:8083/api/bookings/flight/1
2026-09-29 21:29:01.027 INFO  [ctor-http-nio-5] [trace:] c.a.a.filter.AuthenticationFilter        : Direct Admin Access active: Bypassing token validation for enhancement/dev mode on path '/api/bookings/flight/1'
2026-09-29 21:32:08.950 INFO  [rap-executor-%d] [trace:] c.n.d.s.r.aws.ConfigClusterResolver      : Resolving eureka endpoints via configuration
2026-09-29 21:32:31.897 DEBUG [ctor-http-nio-5] [trace:] c.a.a.filter.CorrelationIdGlobalFilter   : Assigned Correlation ID: AB-UI-VCQ55G1E to GET /api/check-ins
2026-09-29 21:32:31.897 DEBUG [ctor-http-nio-2] [trace:] c.a.a.filter.CorrelationIdGlobalFilter   : Assigned Correlation ID: AB-UI-S2G0MECS to GET /api/flights
2026-09-29 21:32:31.897 INFO  [ctor-http-nio-5] [trace:] c.a.a.filter.JwtAuthenticationFilter     : Incoming Gateway Request: GET http://localhost:8083/api/check-ins
2026-09-29 21:32:31.897 INFO  [ctor-http-nio-2] [trace:] c.a.a.filter.JwtAuthenticationFilter     : Incoming Gateway Request: GET http://localhost:8083/api/flights
2026-09-29 21:32:31.897 INFO  [ctor-http-nio-5] [trace:] c.a.a.filter.AuthenticationFilter        : Direct Admin Access active: Bypassing token validation for enhancement/dev mode on path '/api/check-ins'
2026-09-29 21:32:31.897 INFO  [ctor-http-nio-2] [trace:] c.a.a.filter.AuthenticationFilter        : Direct Admin Access active: Bypassing token validation for enhancement/dev mode on path '/api/flights'
2026-09-29 21:32:31.958 DEBUG [ctor-http-nio-5] [trace:] c.a.a.filter.CorrelationIdGlobalFilter   : Assigned Correlation ID: AB-UI-70LREV02 to GET /api/bookings/flight/1
2026-09-29 21:32:31.959 INFO  [ctor-http-nio-5] [trace:] c.a.a.filter.JwtAuthenticationFilter     : Incoming Gateway Request: GET http://localhost:8083/api/bookings/flight/1
2026-09-29 21:32:31.959 INFO  [ctor-http-nio-5] [trace:] c.a.a.filter.AuthenticationFilter        : Direct Admin Access active: Bypassing token validation for enhancement/dev mode on path '/api/bookings/flight/1'
2026-09-29 21:33:00.901 DEBUG [ctor-http-nio-2] [trace:] c.a.a.filter.CorrelationIdGlobalFilter   : Assigned Correlation ID: AB-UI-DZWFJDHL to GET /api/flights
2026-09-29 21:33:00.901 DEBUG [ctor-http-nio-5] [trace:] c.a.a.filter.CorrelationIdGlobalFilter   : Assigned Correlation ID: AB-UI-A2W7OMP2 to GET /api/check-ins
2026-09-29 21:33:00.901 INFO  [ctor-http-nio-2] [trace:] c.a.a.filter.JwtAuthenticationFilter     : Incoming Gateway Request: GET http://localhost:8083/api/flights
2026-09-29 21:33:00.901 INFO  [ctor-http-nio-5] [trace:] c.a.a.filter.JwtAuthenticationFilter     : Incoming Gateway Request: GET http://localhost:8083/api/check-ins
2026-09-29 21:33:00.901 INFO  [ctor-http-nio-2] [trace:] c.a.a.filter.AuthenticationFilter        : Direct Admin Access active: Bypassing token validation for enhancement/dev mode on path '/api/flights'
2026-09-29 21:33:00.901 INFO  [ctor-http-nio-5] [trace:] c.a.a.filter.AuthenticationFilter        : Direct Admin Access active: Bypassing token validation for enhancement/dev mode on path '/api/check-ins'
2026-09-29 21:33:00.922 DEBUG [ctor-http-nio-2] [trace:] c.a.a.filter.CorrelationIdGlobalFilter   : Assigned Correlation ID: AB-UI-J4PLMG48 to GET /api/bookings/flight/1
2026-09-29 21:33:00.922 INFO  [ctor-http-nio-2] [trace:] c.a.a.filter.JwtAuthenticationFilter     : Incoming Gateway Request: GET http://localhost:8083/api/bookings/flight/1
2026-09-29 21:33:00.922 INFO  [ctor-http-nio-2] [trace:] c.a.a.filter.AuthenticationFilter        : Direct Admin Access active: Bypassing token validation for enhancement/dev mode on path '/api/bookings/flight/1'
2026-09-29 21:33:15.872 DEBUG [ctor-http-nio-2] [trace:] c.a.a.filter.CorrelationIdGlobalFilter   : Assigned Correlation ID: AB-UI-038PKK1D to GET /api/check-ins
2026-09-29 21:33:15.872 INFO  [ctor-http-nio-2] [trace:] c.a.a.filter.JwtAuthenticationFilter     : Incoming Gateway Request: GET http://localhost:8083/api/check-ins
2026-09-29 21:33:15.872 DEBUG [ctor-http-nio-5] [trace:] c.a.a.filter.CorrelationIdGlobalFilter   : Assigned Correlation ID: AB-UI-48F3G22Y to GET /api/flights
2026-09-29 21:33:15.872 INFO  [ctor-http-nio-2] [trace:] c.a.a.filter.AuthenticationFilter        : Direct Admin Access active: Bypassing token validation for enhancement/dev mode on path '/api/check-ins'
2026-09-29 21:33:15.872 INFO  [ctor-http-nio-5] [trace:] c.a.a.filter.JwtAuthenticationFilter     : Incoming Gateway Request: GET http://localhost:8083/api/flights
2026-09-29 21:33:15.872 INFO  [ctor-http-nio-5] [trace:] c.a.a.filter.AuthenticationFilter        : Direct Admin Access active: Bypassing token validation for enhancement/dev mode on path '/api/flights'
2026-09-29 21:33:15.895 DEBUG [ctor-http-nio-2] [trace:] c.a.a.filter.CorrelationIdGlobalFilter   : Assigned Correlation ID: AB-UI-N2EBCZOQ to GET /api/bookings/flight/1
2026-09-29 21:33:15.895 INFO  [ctor-http-nio-2] [trace:] c.a.a.filter.JwtAuthenticationFilter     : Incoming Gateway Request: GET http://localhost:8083/api/bookings/flight/1
2026-09-29 21:33:15.897 INFO  [ctor-http-nio-2] [trace:] c.a.a.filter.AuthenticationFilter        : Direct Admin Access active: Bypassing token validation for enhancement/dev mode on path '/api/bookings/flight/1'
2026-09-29 21:33:31.886 DEBUG [ctor-http-nio-5] [trace:] c.a.a.filter.CorrelationIdGlobalFilter   : Assigned Correlation ID: AB-UI-HOJ00YG6 to GET /api/flights
2026-09-29 21:33:31.886 DEBUG [ctor-http-nio-2] [trace:] c.a.a.filter.CorrelationIdGlobalFilter   : Assigned Correlation ID: AB-UI-L9AA6UXL to GET /api/check-ins
2026-09-29 21:33:31.886 INFO  [ctor-http-nio-5] [trace:] c.a.a.filter.JwtAuthenticationFilter     : Incoming Gateway Request: GET http://localhost:8083/api/flights
2026-09-29 21:33:31.886 INFO  [ctor-http-nio-2] [trace:] c.a.a.filter.JwtAuthenticationFilter     : Incoming Gateway Request: GET http://localhost:8083/api/check-ins
2026-09-29 21:33:31.886 INFO  [ctor-http-nio-5] [trace:] c.a.a.filter.AuthenticationFilter        : Direct Admin Access active: Bypassing token validation for enhancement/dev mode on path '/api/flights'
2026-09-29 21:33:31.886 INFO  [ctor-http-nio-2] [trace:] c.a.a.filter.AuthenticationFilter        : Direct Admin Access active: Bypassing token validation for enhancement/dev mode on path '/api/check-ins'
2026-09-29 21:33:31.950 DEBUG [ctor-http-nio-2] [trace:] c.a.a.filter.CorrelationIdGlobalFilter   : Assigned Correlation ID: AB-UI-3WMHICBX to GET /api/bookings/flight/1
2026-09-29 21:33:31.950 INFO  [ctor-http-nio-2] [trace:] c.a.a.filter.JwtAuthenticationFilter     : Incoming Gateway Request: GET http://localhost:8083/api/bookings/flight/1
2026-09-29 21:33:31.950 INFO  [ctor-http-nio-2] [trace:] c.a.a.filter.AuthenticationFilter        : Direct Admin Access active: Bypassing token validation for enhancement/dev mode on path '/api/bookings/flight/1'
2026-09-29 21:33:44.655 DEBUG [ctor-http-nio-8] [trace:] c.a.a.filter.CorrelationIdGlobalFilter   : Assigned Correlation ID: AB-UI-ETYAQXRH to GET /api/admin/aircrafts
2026-09-29 21:33:44.656 INFO  [ctor-http-nio-8] [trace:] c.a.a.filter.JwtAuthenticationFilter     : Incoming Gateway Request: GET http://localhost:8083/api/admin/aircrafts
2026-09-29 21:33:44.656 DEBUG [ctor-http-nio-5] [trace:] c.a.a.filter.CorrelationIdGlobalFilter   : Assigned Correlation ID: AB-UI-RIAG6SYH to GET /api/flights
2026-09-29 21:33:44.657 INFO  [ctor-http-nio-8] [trace:] c.a.a.filter.AuthenticationFilter        : Direct Admin Access active: Bypassing token validation for enhancement/dev mode on path '/api/admin/aircrafts'
2026-09-29 21:33:44.658 INFO  [ctor-http-nio-5] [trace:] c.a.a.filter.JwtAuthenticationFilter     : Incoming Gateway Request: GET http://localhost:8083/api/flights
2026-09-29 21:33:44.658 INFO  [ctor-http-nio-5] [trace:] c.a.a.filter.AuthenticationFilter        : Direct Admin Access active: Bypassing token validation for enhancement/dev mode on path '/api/flights'
2026-09-29 21:33:44.658 DEBUG [ctor-http-nio-2] [trace:] c.a.a.filter.CorrelationIdGlobalFilter   : Assigned Correlation ID: AB-UI-ENRUC15W to GET /api/v1/users
2026-09-29 21:33:44.658 DEBUG [ctor-http-nio-9] [trace:] c.a.a.filter.CorrelationIdGlobalFilter   : Assigned Correlation ID: AB-UI-H1ATG5I2 to GET /api/fares
2026-09-29 21:33:44.658 DEBUG [ctor-http-nio-7] [trace:] c.a.a.filter.CorrelationIdGlobalFilter   : Assigned Correlation ID: AB-UI-IL1C4EWW to GET /api/bookings
2026-09-29 21:33:44.659 INFO  [ctor-http-nio-7] [trace:] c.a.a.filter.JwtAuthenticationFilter     : Incoming Gateway Request: GET http://localhost:8083/api/bookings
2026-09-29 21:33:44.658 INFO  [ctor-http-nio-2] [trace:] c.a.a.filter.JwtAuthenticationFilter     : Incoming Gateway Request: GET http://localhost:8083/api/v1/users
2026-09-29 21:33:44.658 INFO  [ctor-http-nio-9] [trace:] c.a.a.filter.JwtAuthenticationFilter     : Incoming Gateway Request: GET http://localhost:8083/api/fares
2026-09-29 21:33:44.659 INFO  [ctor-http-nio-7] [trace:] c.a.a.filter.AuthenticationFilter        : Direct Admin Access active: Bypassing token validation for enhancement/dev mode on path '/api/bookings'
2026-09-29 21:33:44.659 INFO  [ctor-http-nio-2] [trace:] c.a.a.filter.AuthenticationFilter        : Direct Admin Access active: Bypassing token validation for enhancement/dev mode on path '/api/v1/users'
2026-09-29 21:33:44.659 INFO  [ctor-http-nio-9] [trace:] c.a.a.filter.AuthenticationFilter        : Direct Admin Access active: Bypassing token validation for enhancement/dev mode on path '/api/fares'
2026-09-29 21:33:52.910 DEBUG [ctor-http-nio-5] [trace:] c.a.a.filter.CorrelationIdGlobalFilter   : Assigned Correlation ID: AB-UI-44N9TDUW to GET /api/flights
2026-09-29 21:33:52.910 DEBUG [ctor-http-nio-7] [trace:] c.a.a.filter.CorrelationIdGlobalFilter   : Assigned Correlation ID: AB-UI-RYIK7VLH to GET /api/v1/users
2026-09-29 21:33:52.910 DEBUG [ctor-http-nio-2] [trace:] c.a.a.filter.CorrelationIdGlobalFilter   : Assigned Correlation ID: AB-UI-U6H5R907 to GET /api/admin/aircrafts
2026-09-29 21:33:52.910 INFO  [ctor-http-nio-5] [trace:] c.a.a.filter.JwtAuthenticationFilter     : Incoming Gateway Request: GET http://localhost:8083/api/flights
2026-09-29 21:33:52.910 INFO  [ctor-http-nio-7] [trace:] c.a.a.filter.JwtAuthenticationFilter     : Incoming Gateway Request: GET http://localhost:8083/api/v1/users
2026-09-29 21:33:52.910 INFO  [ctor-http-nio-2] [trace:] c.a.a.filter.JwtAuthenticationFilter     : Incoming Gateway Request: GET http://localhost:8083/api/admin/aircrafts
2026-09-29 21:33:52.910 INFO  [ctor-http-nio-5] [trace:] c.a.a.filter.AuthenticationFilter        : Direct Admin Access active: Bypassing token validation for enhancement/dev mode on path '/api/flights'
2026-09-29 21:33:52.910 INFO  [ctor-http-nio-7] [trace:] c.a.a.filter.AuthenticationFilter        : Direct Admin Access active: Bypassing token validation for enhancement/dev mode on path '/api/v1/users'
2026-09-29 21:33:52.911 INFO  [ctor-http-nio-2] [trace:] c.a.a.filter.AuthenticationFilter        : Direct Admin Access active: Bypassing token validation for enhancement/dev mode on path '/api/admin/aircrafts'
2026-09-29 21:33:52.911 DEBUG [ctor-http-nio-9] [trace:] c.a.a.filter.CorrelationIdGlobalFilter   : Assigned Correlation ID: AB-UI-K0Z4U3OY to GET /api/fares
2026-09-29 21:33:52.911 DEBUG [ctor-http-nio-8] [trace:] c.a.a.filter.CorrelationIdGlobalFilter   : Assigned Correlation ID: AB-UI-JZ7E5N8W to GET /api/bookings
2026-09-29 21:33:52.911 INFO  [ctor-http-nio-9] [trace:] c.a.a.filter.JwtAuthenticationFilter     : Incoming Gateway Request: GET http://localhost:8083/api/fares
2026-09-29 21:33:52.911 INFO  [ctor-http-nio-8] [trace:] c.a.a.filter.JwtAuthenticationFilter     : Incoming Gateway Request: GET http://localhost:8083/api/bookings
2026-09-29 21:33:52.911 INFO  [ctor-http-nio-9] [trace:] c.a.a.filter.AuthenticationFilter        : Direct Admin Access active: Bypassing token validation for enhancement/dev mode on path '/api/fares'
2026-09-29 21:33:52.911 INFO  [ctor-http-nio-8] [trace:] c.a.a.filter.AuthenticationFilter        : Direct Admin Access active: Bypassing token validation for enhancement/dev mode on path '/api/bookings'
2026-09-29 21:34:31.891 DEBUG [ctor-http-nio-7] [trace:] c.a.a.filter.CorrelationIdGlobalFilter   : Assigned Correlation ID: AB-UI-YPDFY3EN to GET /api/flights
2026-09-29 21:34:31.891 DEBUG [ctor-http-nio-2] [trace:] c.a.a.filter.CorrelationIdGlobalFilter   : Assigned Correlation ID: AB-UI-IZ02YLCA to GET /api/admin/aircrafts
2026-09-29 21:34:31.891 INFO  [ctor-http-nio-7] [trace:] c.a.a.filter.JwtAuthenticationFilter     : Incoming Gateway Request: GET http://localhost:8083/api/flights
2026-09-29 21:34:31.892 INFO  [ctor-http-nio-2] [trace:] c.a.a.filter.JwtAuthenticationFilter     : Incoming Gateway Request: GET http://localhost:8083/api/admin/aircrafts
2026-09-29 21:34:31.892 INFO  [ctor-http-nio-7] [trace:] c.a.a.filter.AuthenticationFilter        : Direct Admin Access active: Bypassing token validation for enhancement/dev mode on path '/api/flights'
2026-09-29 21:34:31.892 INFO  [ctor-http-nio-2] [trace:] c.a.a.filter.AuthenticationFilter        : Direct Admin Access active: Bypassing token validation for enhancement/dev mode on path '/api/admin/aircrafts'
2026-09-29 21:34:31.893 DEBUG [ctor-http-nio-8] [trace:] c.a.a.filter.CorrelationIdGlobalFilter   : Assigned Correlation ID: AB-UI-2Y3H3FYO to GET /api/v1/users
2026-09-29 21:34:31.893 INFO  [ctor-http-nio-8] [trace:] c.a.a.filter.JwtAuthenticationFilter     : Incoming Gateway Request: GET http://localhost:8083/api/v1/users
2026-09-29 21:34:31.893 DEBUG [ctor-http-nio-5] [trace:] c.a.a.filter.CorrelationIdGlobalFilter   : Assigned Correlation ID: AB-UI-LUJYYFMM to GET /api/bookings
2026-09-29 21:34:31.894 INFO  [ctor-http-nio-8] [trace:] c.a.a.filter.AuthenticationFilter        : Direct Admin Access active: Bypassing token validation for enhancement/dev mode on path '/api/v1/users'
2026-09-29 21:34:31.894 INFO  [ctor-http-nio-5] [trace:] c.a.a.filter.JwtAuthenticationFilter     : Incoming Gateway Request: GET http://localhost:8083/api/bookings
2026-09-29 21:34:31.894 INFO  [ctor-http-nio-5] [trace:] c.a.a.filter.AuthenticationFilter        : Direct Admin Access active: Bypassing token validation for enhancement/dev mode on path '/api/bookings'
2026-09-29 21:34:31.895 DEBUG [ctor-http-nio-9] [trace:] c.a.a.filter.CorrelationIdGlobalFilter   : Assigned Correlation ID: AB-UI-KWG4PM8E to GET /api/fares
2026-09-29 21:34:31.895 INFO  [ctor-http-nio-9] [trace:] c.a.a.filter.JwtAuthenticationFilter     : Incoming Gateway Request: GET http://localhost:8083/api/fares
2026-09-29 21:34:31.895 INFO  [ctor-http-nio-9] [trace:] c.a.a.filter.AuthenticationFilter        : Direct Admin Access active: Bypassing token validation for enhancement/dev mode on path '/api/fares'
2026-09-29 21:34:48.908 DEBUG [ctor-http-nio-8] [trace:] c.a.a.filter.CorrelationIdGlobalFilter   : Assigned Correlation ID: AB-UI-TWOVZDUW to GET /api/flights
2026-09-29 21:34:48.908 DEBUG [ctor-http-nio-5] [trace:] c.a.a.filter.CorrelationIdGlobalFilter   : Assigned Correlation ID: AB-UI-GASAA886 to GET /api/admin/aircrafts
2026-09-29 21:34:48.908 DEBUG [ctor-http-nio-9] [trace:] c.a.a.filter.CorrelationIdGlobalFilter   : Assigned Correlation ID: AB-UI-W03RF21B to GET /api/v1/users
2026-09-29 21:34:48.908 DEBUG [ctor-http-nio-7] [trace:] c.a.a.filter.CorrelationIdGlobalFilter   : Assigned Correlation ID: AB-UI-DD1CYLMY to GET /api/bookings
2026-09-29 21:34:48.908 INFO  [ctor-http-nio-8] [trace:] c.a.a.filter.JwtAuthenticationFilter     : Incoming Gateway Request: GET http://localhost:8083/api/flights
2026-09-29 21:34:48.909 INFO  [ctor-http-nio-5] [trace:] c.a.a.filter.JwtAuthenticationFilter     : Incoming Gateway Request: GET http://localhost:8083/api/admin/aircrafts
2026-09-29 21:34:48.909 INFO  [ctor-http-nio-5] [trace:] c.a.a.filter.AuthenticationFilter        : Direct Admin Access active: Bypassing token validation for enhancement/dev mode on path '/api/admin/aircrafts'
2026-09-29 21:34:48.909 INFO  [ctor-http-nio-9] [trace:] c.a.a.filter.JwtAuthenticationFilter     : Incoming Gateway Request: GET http://localhost:8083/api/v1/users
2026-09-29 21:34:48.910 INFO  [ctor-http-nio-9] [trace:] c.a.a.filter.AuthenticationFilter        : Direct Admin Access active: Bypassing token validation for enhancement/dev mode on path '/api/v1/users'
2026-09-29 21:34:48.909 INFO  [ctor-http-nio-7] [trace:] c.a.a.filter.JwtAuthenticationFilter     : Incoming Gateway Request: GET http://localhost:8083/api/bookings
2026-09-29 21:34:48.909 INFO  [ctor-http-nio-8] [trace:] c.a.a.filter.AuthenticationFilter        : Direct Admin Access active: Bypassing token validation for enhancement/dev mode on path '/api/flights'
2026-09-29 21:34:48.910 INFO  [ctor-http-nio-7] [trace:] c.a.a.filter.AuthenticationFilter        : Direct Admin Access active: Bypassing token validation for enhancement/dev mode on path '/api/bookings'
2026-09-29 21:34:48.913 DEBUG [ctor-http-nio-2] [trace:] c.a.a.filter.CorrelationIdGlobalFilter   : Assigned Correlation ID: AB-UI-GGSGSTT8 to GET /api/fares
2026-09-29 21:34:48.920 INFO  [ctor-http-nio-2] [trace:] c.a.a.filter.JwtAuthenticationFilter     : Incoming Gateway Request: GET http://localhost:8083/api/fares
2026-09-29 21:34:48.920 INFO  [ctor-http-nio-2] [trace:] c.a.a.filter.AuthenticationFilter        : Direct Admin Access active: Bypassing token validation for enhancement/dev mode on path '/api/fares'
2026-09-29 21:35:08.894 DEBUG [ctor-http-nio-2] [trace:] c.a.a.filter.CorrelationIdGlobalFilter   : Assigned Correlation ID: AB-UI-DF6PMXJU to GET /api/flights
2026-09-29 21:35:08.894 DEBUG [ctor-http-nio-7] [trace:] c.a.a.filter.CorrelationIdGlobalFilter   : Assigned Correlation ID: AB-UI-BSCALZ8J to GET /api/admin/aircrafts
2026-09-29 21:35:08.894 DEBUG [ctor-http-nio-9] [trace:] c.a.a.filter.CorrelationIdGlobalFilter   : Assigned Correlation ID: AB-UI-PAUQZBW1 to GET /api/v1/users
2026-09-29 21:35:08.894 DEBUG [ctor-http-nio-8] [trace:] c.a.a.filter.CorrelationIdGlobalFilter   : Assigned Correlation ID: AB-UI-2ZYL1FIT to GET /api/bookings
2026-09-29 21:35:08.894 INFO  [ctor-http-nio-8] [trace:] c.a.a.filter.JwtAuthenticationFilter     : Incoming Gateway Request: GET http://localhost:8083/api/bookings
2026-09-29 21:35:08.894 INFO  [ctor-http-nio-2] [trace:] c.a.a.filter.JwtAuthenticationFilter     : Incoming Gateway Request: GET http://localhost:8083/api/flights
2026-09-29 21:35:08.894 INFO  [ctor-http-nio-7] [trace:] c.a.a.filter.JwtAuthenticationFilter     : Incoming Gateway Request: GET http://localhost:8083/api/admin/aircrafts
2026-09-29 21:35:08.895 INFO  [ctor-http-nio-7] [trace:] c.a.a.filter.AuthenticationFilter        : Direct Admin Access active: Bypassing token validation for enhancement/dev mode on path '/api/admin/aircrafts'
2026-09-29 21:35:08.894 INFO  [ctor-http-nio-9] [trace:] c.a.a.filter.JwtAuthenticationFilter     : Incoming Gateway Request: GET http://localhost:8083/api/v1/users
2026-09-29 21:35:08.895 INFO  [ctor-http-nio-8] [trace:] c.a.a.filter.AuthenticationFilter        : Direct Admin Access active: Bypassing token validation for enhancement/dev mode on path '/api/bookings'
2026-09-29 21:35:08.895 INFO  [ctor-http-nio-2] [trace:] c.a.a.filter.AuthenticationFilter        : Direct Admin Access active: Bypassing token validation for enhancement/dev mode on path '/api/flights'
2026-09-29 21:35:08.895 DEBUG [ctor-http-nio-5] [trace:] c.a.a.filter.CorrelationIdGlobalFilter   : Assigned Correlation ID: AB-UI-6NN223HZ to GET /api/fares
2026-09-29 21:35:08.896 INFO  [ctor-http-nio-9] [trace:] c.a.a.filter.AuthenticationFilter        : Direct Admin Access active: Bypassing token validation for enhancement/dev mode on path '/api/v1/users'
2026-09-29 21:35:08.897 INFO  [ctor-http-nio-5] [trace:] c.a.a.filter.JwtAuthenticationFilter     : Incoming Gateway Request: GET http://localhost:8083/api/fares
2026-09-29 21:35:08.897 INFO  [ctor-http-nio-5] [trace:] c.a.a.filter.AuthenticationFilter        : Direct Admin Access active: Bypassing token validation for enhancement/dev mode on path '/api/fares'
2026-09-29 21:36:06.206 DEBUG [ctor-http-nio-5] [trace:] c.a.a.filter.CorrelationIdGlobalFilter   : Assigned Correlation ID: AB-UI-XWJ1072T to GET /api/flights
2026-09-29 21:36:06.206 DEBUG [ctor-http-nio-8] [trace:] c.a.a.filter.CorrelationIdGlobalFilter   : Assigned Correlation ID: AB-UI-Z30NLDBQ to GET /api/check-ins
2026-09-29 21:36:06.206 INFO  [ctor-http-nio-5] [trace:] c.a.a.filter.JwtAuthenticationFilter     : Incoming Gateway Request: GET http://localhost:8083/api/flights
2026-09-29 21:36:06.206 INFO  [ctor-http-nio-8] [trace:] c.a.a.filter.JwtAuthenticationFilter     : Incoming Gateway Request: GET http://localhost:8083/api/check-ins
2026-09-29 21:36:06.207 INFO  [ctor-http-nio-5] [trace:] c.a.a.filter.AuthenticationFilter        : Direct Admin Access active: Bypassing token validation for enhancement/dev mode on path '/api/flights'
2026-09-29 21:36:06.207 INFO  [ctor-http-nio-8] [trace:] c.a.a.filter.AuthenticationFilter        : Direct Admin Access active: Bypassing token validation for enhancement/dev mode on path '/api/check-ins'
2026-09-29 21:36:06.222 DEBUG [ctor-http-nio-5] [trace:] c.a.a.filter.CorrelationIdGlobalFilter   : Assigned Correlation ID: AB-UI-E9BBHK8N to GET /api/bookings/flight/1
2026-09-29 21:36:06.222 INFO  [ctor-http-nio-5] [trace:] c.a.a.filter.JwtAuthenticationFilter     : Incoming Gateway Request: GET http://localhost:8083/api/bookings/flight/1
2026-09-29 21:36:06.222 INFO  [ctor-http-nio-5] [trace:] c.a.a.filter.AuthenticationFilter        : Direct Admin Access active: Bypassing token validation for enhancement/dev mode on path '/api/bookings/flight/1'
2026-09-29 21:36:11.281 DEBUG [ctor-http-nio-9] [trace:] c.a.a.filter.CorrelationIdGlobalFilter   : Assigned Correlation ID: AB-UI-ROP1EI83 to GET /api/admin/aircrafts
2026-09-29 21:36:11.281 DEBUG [ctor-http-nio-5] [trace:] c.a.a.filter.CorrelationIdGlobalFilter   : Assigned Correlation ID: AB-UI-VZ8RBDWL to GET /api/v1/users
2026-09-29 21:36:11.281 DEBUG [ctor-http-nio-8] [trace:] c.a.a.filter.CorrelationIdGlobalFilter   : Assigned Correlation ID: AB-UI-F7KEIYAH to GET /api/fares
2026-09-29 21:36:11.281 DEBUG [ctor-http-nio-2] [trace:] c.a.a.filter.CorrelationIdGlobalFilter   : Assigned Correlation ID: AB-UI-EH7JRVP3 to GET /api/flights
2026-09-29 21:36:11.282 INFO  [ctor-http-nio-9] [trace:] c.a.a.filter.JwtAuthenticationFilter     : Incoming Gateway Request: GET http://localhost:8083/api/admin/aircrafts
2026-09-29 21:36:11.282 INFO  [ctor-http-nio-5] [trace:] c.a.a.filter.JwtAuthenticationFilter     : Incoming Gateway Request: GET http://localhost:8083/api/v1/users
2026-09-29 21:36:11.282 INFO  [ctor-http-nio-8] [trace:] c.a.a.filter.JwtAuthenticationFilter     : Incoming Gateway Request: GET http://localhost:8083/api/fares
2026-09-29 21:36:11.282 DEBUG [ctor-http-nio-7] [trace:] c.a.a.filter.CorrelationIdGlobalFilter   : Assigned Correlation ID: AB-UI-N5GLXX36 to GET /api/bookings
2026-09-29 21:36:11.282 INFO  [ctor-http-nio-8] [trace:] c.a.a.filter.AuthenticationFilter        : Direct Admin Access active: Bypassing token validation for enhancement/dev mode on path '/api/fares'
2026-09-29 21:36:11.282 INFO  [ctor-http-nio-2] [trace:] c.a.a.filter.JwtAuthenticationFilter     : Incoming Gateway Request: GET http://localhost:8083/api/flights
2026-09-29 21:36:11.282 INFO  [ctor-http-nio-9] [trace:] c.a.a.filter.AuthenticationFilter        : Direct Admin Access active: Bypassing token validation for enhancement/dev mode on path '/api/admin/aircrafts'
2026-09-29 21:36:11.282 INFO  [ctor-http-nio-5] [trace:] c.a.a.filter.AuthenticationFilter        : Direct Admin Access active: Bypassing token validation for enhancement/dev mode on path '/api/v1/users'
2026-09-29 21:36:11.282 INFO  [ctor-http-nio-7] [trace:] c.a.a.filter.JwtAuthenticationFilter     : Incoming Gateway Request: GET http://localhost:8083/api/bookings
2026-09-29 21:36:11.282 INFO  [ctor-http-nio-2] [trace:] c.a.a.filter.AuthenticationFilter        : Direct Admin Access active: Bypassing token validation for enhancement/dev mode on path '/api/flights'
2026-09-29 21:36:11.282 INFO  [ctor-http-nio-7] [trace:] c.a.a.filter.AuthenticationFilter        : Direct Admin Access active: Bypassing token validation for enhancement/dev mode on path '/api/bookings'
2026-09-29 21:36:14.327 DEBUG [ctor-http-nio-9] [trace:] c.a.a.filter.CorrelationIdGlobalFilter   : Assigned Correlation ID: AB-UI-I0MTOCJJ to GET /api/check-ins
2026-09-29 21:36:14.327 DEBUG [ctor-http-nio-5] [trace:] c.a.a.filter.CorrelationIdGlobalFilter   : Assigned Correlation ID: AB-UI-IA7RM4YO to GET /api/flights
2026-09-29 21:36:14.328 INFO  [ctor-http-nio-9] [trace:] c.a.a.filter.JwtAuthenticationFilter     : Incoming Gateway Request: GET http://localhost:8083/api/check-ins
2026-09-29 21:36:14.328 INFO  [ctor-http-nio-5] [trace:] c.a.a.filter.JwtAuthenticationFilter     : Incoming Gateway Request: GET http://localhost:8083/api/flights
2026-09-29 21:36:14.328 INFO  [ctor-http-nio-9] [trace:] c.a.a.filter.AuthenticationFilter        : Direct Admin Access active: Bypassing token validation for enhancement/dev mode on path '/api/check-ins'
2026-09-29 21:36:14.328 INFO  [ctor-http-nio-5] [trace:] c.a.a.filter.AuthenticationFilter        : Direct Admin Access active: Bypassing token validation for enhancement/dev mode on path '/api/flights'
2026-09-29 21:36:14.350 DEBUG [ctor-http-nio-5] [trace:] c.a.a.filter.CorrelationIdGlobalFilter   : Assigned Correlation ID: AB-UI-KQVUY5BS to GET /api/bookings/flight/1
2026-09-29 21:36:14.351 INFO  [ctor-http-nio-5] [trace:] c.a.a.filter.JwtAuthenticationFilter     : Incoming Gateway Request: GET http://localhost:8083/api/bookings/flight/1
2026-09-29 21:36:14.351 INFO  [ctor-http-nio-5] [trace:] c.a.a.filter.AuthenticationFilter        : Direct Admin Access active: Bypassing token validation for enhancement/dev mode on path '/api/bookings/flight/1'
2026-09-29 21:36:20.232 DEBUG [ctor-http-nio-5] [trace:] c.a.a.filter.CorrelationIdGlobalFilter   : Assigned Correlation ID: AB-UI-P6VLAEU4 to GET /api/check-ins
2026-09-29 21:36:20.232 DEBUG [ctor-http-nio-9] [trace:] c.a.a.filter.CorrelationIdGlobalFilter   : Assigned Correlation ID: AB-UI-1T6X6DHF to GET /api/flights
2026-09-29 21:36:20.232 INFO  [ctor-http-nio-5] [trace:] c.a.a.filter.JwtAuthenticationFilter     : Incoming Gateway Request: GET http://localhost:8083/api/check-ins
2026-09-29 21:36:20.232 INFO  [ctor-http-nio-9] [trace:] c.a.a.filter.JwtAuthenticationFilter     : Incoming Gateway Request: GET http://localhost:8083/api/flights
2026-09-29 21:36:20.232 INFO  [ctor-http-nio-9] [trace:] c.a.a.filter.AuthenticationFilter        : Direct Admin Access active: Bypassing token validation for enhancement/dev mode on path '/api/flights'
2026-09-29 21:36:20.232 INFO  [ctor-http-nio-5] [trace:] c.a.a.filter.AuthenticationFilter        : Direct Admin Access active: Bypassing token validation for enhancement/dev mode on path '/api/check-ins'
2026-09-29 21:36:20.255 DEBUG [ctor-http-nio-5] [trace:] c.a.a.filter.CorrelationIdGlobalFilter   : Assigned Correlation ID: AB-UI-7874839S to GET /api/bookings/flight/1
2026-09-29 21:36:20.255 INFO  [ctor-http-nio-5] [trace:] c.a.a.filter.JwtAuthenticationFilter     : Incoming Gateway Request: GET http://localhost:8083/api/bookings/flight/1
2026-09-29 21:36:20.255 INFO  [ctor-http-nio-5] [trace:] c.a.a.filter.AuthenticationFilter        : Direct Admin Access active: Bypassing token validation for enhancement/dev mode on path '/api/bookings/flight/1'
2026-09-29 21:36:21.860 DEBUG [ctor-http-nio-8] [trace:] c.a.a.filter.CorrelationIdGlobalFilter   : Assigned Correlation ID: AB-UI-191XD7H3 to GET /api/flights
2026-09-29 21:36:21.860 INFO  [ctor-http-nio-8] [trace:] c.a.a.filter.JwtAuthenticationFilter     : Incoming Gateway Request: GET http://localhost:8083/api/flights
2026-09-29 21:36:21.860 INFO  [ctor-http-nio-8] [trace:] c.a.a.filter.AuthenticationFilter        : Direct Admin Access active: Bypassing token validation for enhancement/dev mode on path '/api/flights'
2026-09-29 21:36:21.862 DEBUG [ctor-http-nio-2] [trace:] c.a.a.filter.CorrelationIdGlobalFilter   : Assigned Correlation ID: AB-UI-9XTCV5TM to GET /api/admin/aircrafts
2026-09-29 21:36:21.862 DEBUG [ctor-http-nio-7] [trace:] c.a.a.filter.CorrelationIdGlobalFilter   : Assigned Correlation ID: AB-UI-O5H56L1C to GET /api/v1/users
2026-09-29 21:36:21.862 DEBUG [ctor-http-nio-9] [trace:] c.a.a.filter.CorrelationIdGlobalFilter   : Assigned Correlation ID: AB-UI-GK9EG2Z1 to GET /api/bookings
2026-09-29 21:36:21.863 INFO  [ctor-http-nio-2] [trace:] c.a.a.filter.JwtAuthenticationFilter     : Incoming Gateway Request: GET http://localhost:8083/api/admin/aircrafts
2026-09-29 21:36:21.863 DEBUG [ctor-http-nio-5] [trace:] c.a.a.filter.CorrelationIdGlobalFilter   : Assigned Correlation ID: AB-UI-RL2XPULY to GET /api/fares
2026-09-29 21:36:21.863 INFO  [ctor-http-nio-7] [trace:] c.a.a.filter.JwtAuthenticationFilter     : Incoming Gateway Request: GET http://localhost:8083/api/v1/users
2026-09-29 21:36:21.863 INFO  [ctor-http-nio-9] [trace:] c.a.a.filter.JwtAuthenticationFilter     : Incoming Gateway Request: GET http://localhost:8083/api/bookings
2026-09-29 21:36:21.863 INFO  [ctor-http-nio-2] [trace:] c.a.a.filter.AuthenticationFilter        : Direct Admin Access active: Bypassing token validation for enhancement/dev mode on path '/api/admin/aircrafts'
2026-09-29 21:36:21.863 INFO  [ctor-http-nio-5] [trace:] c.a.a.filter.JwtAuthenticationFilter     : Incoming Gateway Request: GET http://localhost:8083/api/fares
2026-09-29 21:36:21.863 INFO  [ctor-http-nio-9] [trace:] c.a.a.filter.AuthenticationFilter        : Direct Admin Access active: Bypassing token validation for enhancement/dev mode on path '/api/bookings'
2026-09-29 21:36:21.863 INFO  [ctor-http-nio-7] [trace:] c.a.a.filter.AuthenticationFilter        : Direct Admin Access active: Bypassing token validation for enhancement/dev mode on path '/api/v1/users'
2026-09-29 21:36:21.864 INFO  [ctor-http-nio-5] [trace:] c.a.a.filter.AuthenticationFilter        : Direct Admin Access active: Bypassing token validation for enhancement/dev mode on path '/api/fares'
2026-09-29 21:36:50.900 DEBUG [ctor-http-nio-9] [trace:] c.a.a.filter.CorrelationIdGlobalFilter   : Assigned Correlation ID: AB-UI-LYGQ7TGT to GET /api/flights
2026-09-29 21:36:50.900 DEBUG [ctor-http-nio-5] [trace:] c.a.a.filter.CorrelationIdGlobalFilter   : Assigned Correlation ID: AB-UI-6H0QQ523 to GET /api/v1/users
2026-09-29 21:36:50.900 DEBUG [ctor-http-nio-7] [trace:] c.a.a.filter.CorrelationIdGlobalFilter   : Assigned Correlation ID: AB-UI-L8FHA1RA to GET /api/admin/aircrafts
2026-09-29 21:36:50.900 DEBUG [ctor-http-nio-8] [trace:] c.a.a.filter.CorrelationIdGlobalFilter   : Assigned Correlation ID: AB-UI-9BRMYBH3 to GET /api/bookings
2026-09-29 21:36:50.900 INFO  [ctor-http-nio-9] [trace:] c.a.a.filter.JwtAuthenticationFilter     : Incoming Gateway Request: GET http://localhost:8083/api/flights
2026-09-29 21:36:50.900 INFO  [ctor-http-nio-5] [trace:] c.a.a.filter.JwtAuthenticationFilter     : Incoming Gateway Request: GET http://localhost:8083/api/v1/users
2026-09-29 21:36:50.900 INFO  [ctor-http-nio-7] [trace:] c.a.a.filter.JwtAuthenticationFilter     : Incoming Gateway Request: GET http://localhost:8083/api/admin/aircrafts
2026-09-29 21:36:50.900 INFO  [ctor-http-nio-8] [trace:] c.a.a.filter.JwtAuthenticationFilter     : Incoming Gateway Request: GET http://localhost:8083/api/bookings
2026-09-29 21:36:50.900 INFO  [ctor-http-nio-9] [trace:] c.a.a.filter.AuthenticationFilter        : Direct Admin Access active: Bypassing token validation for enhancement/dev mode on path '/api/flights'
2026-09-29 21:36:50.900 INFO  [ctor-http-nio-5] [trace:] c.a.a.filter.AuthenticationFilter        : Direct Admin Access active: Bypassing token validation for enhancement/dev mode on path '/api/v1/users'
2026-09-29 21:36:50.900 INFO  [ctor-http-nio-7] [trace:] c.a.a.filter.AuthenticationFilter        : Direct Admin Access active: Bypassing token validation for enhancement/dev mode on path '/api/admin/aircrafts'
2026-09-29 21:36:50.900 INFO  [ctor-http-nio-8] [trace:] c.a.a.filter.AuthenticationFilter        : Direct Admin Access active: Bypassing token validation for enhancement/dev mode on path '/api/bookings'
2026-09-29 21:36:50.900 DEBUG [ctor-http-nio-2] [trace:] c.a.a.filter.CorrelationIdGlobalFilter   : Assigned Correlation ID: AB-UI-IQPN29SE to GET /api/fares
2026-09-29 21:36:50.901 INFO  [ctor-http-nio-2] [trace:] c.a.a.filter.JwtAuthenticationFilter     : Incoming Gateway Request: GET http://localhost:8083/api/fares
2026-09-29 21:36:50.901 INFO  [ctor-http-nio-2] [trace:] c.a.a.filter.AuthenticationFilter        : Direct Admin Access active: Bypassing token validation for enhancement/dev mode on path '/api/fares'
2026-09-29 21:37:08.952 INFO  [rap-executor-%d] [trace:] c.n.d.s.r.aws.ConfigClusterResolver      : Resolving eureka endpoints via configuration
2026-09-29 21:37:13.886 DEBUG [ctor-http-nio-7] [trace:] c.a.a.filter.CorrelationIdGlobalFilter   : Assigned Correlation ID: AB-UI-CQKAQR01 to GET /api/admin/aircrafts
2026-09-29 21:37:13.886 DEBUG [ctor-http-nio-5] [trace:] c.a.a.filter.CorrelationIdGlobalFilter   : Assigned Correlation ID: AB-UI-QXCUFD51 to GET /api/flights
2026-09-29 21:37:13.886 DEBUG [ctor-http-nio-2] [trace:] c.a.a.filter.CorrelationIdGlobalFilter   : Assigned Correlation ID: AB-UI-3A84CFGY to GET /api/v1/users
2026-09-29 21:37:13.886 INFO  [ctor-http-nio-7] [trace:] c.a.a.filter.JwtAuthenticationFilter     : Incoming Gateway Request: GET http://localhost:8083/api/admin/aircrafts
2026-09-29 21:37:13.886 DEBUG [ctor-http-nio-8] [trace:] c.a.a.filter.CorrelationIdGlobalFilter   : Assigned Correlation ID: AB-UI-0BHIZS8P to GET /api/bookings
2026-09-29 21:37:13.886 INFO  [ctor-http-nio-7] [trace:] c.a.a.filter.AuthenticationFilter        : Direct Admin Access active: Bypassing token validation for enhancement/dev mode on path '/api/admin/aircrafts'
2026-09-29 21:37:13.886 INFO  [ctor-http-nio-5] [trace:] c.a.a.filter.JwtAuthenticationFilter     : Incoming Gateway Request: GET http://localhost:8083/api/flights
2026-09-29 21:37:13.886 INFO  [ctor-http-nio-2] [trace:] c.a.a.filter.JwtAuthenticationFilter     : Incoming Gateway Request: GET http://localhost:8083/api/v1/users
2026-09-29 21:37:13.886 INFO  [ctor-http-nio-8] [trace:] c.a.a.filter.JwtAuthenticationFilter     : Incoming Gateway Request: GET http://localhost:8083/api/bookings
2026-09-29 21:37:13.886 INFO  [ctor-http-nio-5] [trace:] c.a.a.filter.AuthenticationFilter        : Direct Admin Access active: Bypassing token validation for enhancement/dev mode on path '/api/flights'
2026-09-29 21:37:13.886 INFO  [ctor-http-nio-2] [trace:] c.a.a.filter.AuthenticationFilter        : Direct Admin Access active: Bypassing token validation for enhancement/dev mode on path '/api/v1/users'
2026-09-29 21:37:13.886 INFO  [ctor-http-nio-8] [trace:] c.a.a.filter.AuthenticationFilter        : Direct Admin Access active: Bypassing token validation for enhancement/dev mode on path '/api/bookings'
2026-09-29 21:37:13.887 DEBUG [ctor-http-nio-9] [trace:] c.a.a.filter.CorrelationIdGlobalFilter   : Assigned Correlation ID: AB-UI-9BWC1AYR to GET /api/fares
2026-09-29 21:37:13.887 INFO  [ctor-http-nio-9] [trace:] c.a.a.filter.JwtAuthenticationFilter     : Incoming Gateway Request: GET http://localhost:8083/api/fares
2026-09-29 21:37:13.888 INFO  [ctor-http-nio-9] [trace:] c.a.a.filter.AuthenticationFilter        : Direct Admin Access active: Bypassing token validation for enhancement/dev mode on path '/api/fares'
2026-09-29 21:37:33.897 DEBUG [ctor-http-nio-5] [trace:] c.a.a.filter.CorrelationIdGlobalFilter   : Assigned Correlation ID: AB-UI-Y9YJL3XX to GET /api/admin/aircrafts
2026-09-29 21:37:33.897 DEBUG [ctor-http-nio-8] [trace:] c.a.a.filter.CorrelationIdGlobalFilter   : Assigned Correlation ID: AB-UI-CGOSD0YS to GET /api/fares
2026-09-29 21:37:33.897 DEBUG [ctor-http-nio-7] [trace:] c.a.a.filter.CorrelationIdGlobalFilter   : Assigned Correlation ID: AB-UI-HWPDR414 to GET /api/v1/users
2026-09-29 21:37:33.897 DEBUG [ctor-http-nio-9] [trace:] c.a.a.filter.CorrelationIdGlobalFilter   : Assigned Correlation ID: AB-UI-SUAGO1LW to GET /api/flights
2026-09-29 21:37:33.897 INFO  [ctor-http-nio-5] [trace:] c.a.a.filter.JwtAuthenticationFilter     : Incoming Gateway Request: GET http://localhost:8083/api/admin/aircrafts
2026-09-29 21:37:33.897 DEBUG [ctor-http-nio-2] [trace:] c.a.a.filter.CorrelationIdGlobalFilter   : Assigned Correlation ID: AB-UI-6UFB5IKC to GET /api/bookings
2026-09-29 21:37:33.897 INFO  [ctor-http-nio-8] [trace:] c.a.a.filter.JwtAuthenticationFilter     : Incoming Gateway Request: GET http://localhost:8083/api/fares
2026-09-29 21:37:33.897 INFO  [ctor-http-nio-7] [trace:] c.a.a.filter.JwtAuthenticationFilter     : Incoming Gateway Request: GET http://localhost:8083/api/v1/users
2026-09-29 21:37:33.897 INFO  [ctor-http-nio-9] [trace:] c.a.a.filter.JwtAuthenticationFilter     : Incoming Gateway Request: GET http://localhost:8083/api/flights
2026-09-29 21:37:33.897 INFO  [ctor-http-nio-5] [trace:] c.a.a.filter.AuthenticationFilter        : Direct Admin Access active: Bypassing token validation for enhancement/dev mode on path '/api/admin/aircrafts'
2026-09-29 21:37:33.897 INFO  [ctor-http-nio-2] [trace:] c.a.a.filter.JwtAuthenticationFilter     : Incoming Gateway Request: GET http://localhost:8083/api/bookings
2026-09-29 21:37:33.897 INFO  [ctor-http-nio-8] [trace:] c.a.a.filter.AuthenticationFilter        : Direct Admin Access active: Bypassing token validation for enhancement/dev mode on path '/api/fares'
2026-09-29 21:37:33.898 INFO  [ctor-http-nio-7] [trace:] c.a.a.filter.AuthenticationFilter        : Direct Admin Access active: Bypassing token validation for enhancement/dev mode on path '/api/v1/users'
2026-09-29 21:37:33.898 INFO  [ctor-http-nio-9] [trace:] c.a.a.filter.AuthenticationFilter        : Direct Admin Access active: Bypassing token validation for enhancement/dev mode on path '/api/flights'
2026-09-29 21:37:33.898 INFO  [ctor-http-nio-2] [trace:] c.a.a.filter.AuthenticationFilter        : Direct Admin Access active: Bypassing token validation for enhancement/dev mode on path '/api/bookings'
2026-09-29 21:37:54.907 DEBUG [ctor-http-nio-8] [trace:] c.a.a.filter.CorrelationIdGlobalFilter   : Assigned Correlation ID: AB-UI-MO4DTYKM to GET /api/flights
2026-09-29 21:37:54.907 DEBUG [ctor-http-nio-2] [trace:] c.a.a.filter.CorrelationIdGlobalFilter   : Assigned Correlation ID: AB-UI-J634NWQC to GET /api/admin/aircrafts
2026-09-29 21:37:54.907 DEBUG [ctor-http-nio-7] [trace:] c.a.a.filter.CorrelationIdGlobalFilter   : Assigned Correlation ID: AB-UI-JPJ4JCN9 to GET /api/v1/users
2026-09-29 21:37:54.907 INFO  [ctor-http-nio-8] [trace:] c.a.a.filter.JwtAuthenticationFilter     : Incoming Gateway Request: GET http://localhost:8083/api/flights
2026-09-29 21:37:54.907 INFO  [ctor-http-nio-2] [trace:] c.a.a.filter.JwtAuthenticationFilter     : Incoming Gateway Request: GET http://localhost:8083/api/admin/aircrafts
2026-09-29 21:37:54.907 INFO  [ctor-http-nio-7] [trace:] c.a.a.filter.JwtAuthenticationFilter     : Incoming Gateway Request: GET http://localhost:8083/api/v1/users
2026-09-29 21:37:54.909 INFO  [ctor-http-nio-8] [trace:] c.a.a.filter.AuthenticationFilter        : Direct Admin Access active: Bypassing token validation for enhancement/dev mode on path '/api/flights'
2026-09-29 21:37:54.909 INFO  [ctor-http-nio-2] [trace:] c.a.a.filter.AuthenticationFilter        : Direct Admin Access active: Bypassing token validation for enhancement/dev mode on path '/api/admin/aircrafts'
2026-09-29 21:37:54.909 INFO  [ctor-http-nio-7] [trace:] c.a.a.filter.AuthenticationFilter        : Direct Admin Access active: Bypassing token validation for enhancement/dev mode on path '/api/v1/users'
2026-09-29 21:37:54.912 DEBUG [ctor-http-nio-9] [trace:] c.a.a.filter.CorrelationIdGlobalFilter   : Assigned Correlation ID: AB-UI-F17JSEIV to GET /api/bookings
2026-09-29 21:37:54.912 INFO  [ctor-http-nio-9] [trace:] c.a.a.filter.JwtAuthenticationFilter     : Incoming Gateway Request: GET http://localhost:8083/api/bookings
2026-09-29 21:37:54.912 INFO  [ctor-http-nio-9] [trace:] c.a.a.filter.AuthenticationFilter        : Direct Admin Access active: Bypassing token validation for enhancement/dev mode on path '/api/bookings'
2026-09-29 21:37:54.913 DEBUG [ctor-http-nio-5] [trace:] c.a.a.filter.CorrelationIdGlobalFilter   : Assigned Correlation ID: AB-UI-9MPYJFM3 to GET /api/fares
2026-09-29 21:37:54.913 INFO  [ctor-http-nio-5] [trace:] c.a.a.filter.JwtAuthenticationFilter     : Incoming Gateway Request: GET http://localhost:8083/api/fares
2026-09-29 21:37:54.913 INFO  [ctor-http-nio-5] [trace:] c.a.a.filter.AuthenticationFilter        : Direct Admin Access active: Bypassing token validation for enhancement/dev mode on path '/api/fares'
2026-09-29 21:39:46.766 DEBUG [ctor-http-nio-9] [trace:] c.a.a.filter.CorrelationIdGlobalFilter   : Assigned Correlation ID: AB-UI-5Q4SAFM8 to GET /api/check-ins
2026-09-29 21:39:46.766 DEBUG [ctor-http-nio-5] [trace:] c.a.a.filter.CorrelationIdGlobalFilter   : Assigned Correlation ID: AB-UI-1DATTY3D to GET /api/flights
2026-09-29 21:39:46.766 INFO  [ctor-http-nio-9] [trace:] c.a.a.filter.JwtAuthenticationFilter     : Incoming Gateway Request: GET http://localhost:8083/api/check-ins
2026-09-29 21:39:46.766 INFO  [ctor-http-nio-5] [trace:] c.a.a.filter.JwtAuthenticationFilter     : Incoming Gateway Request: GET http://localhost:8083/api/flights
2026-09-29 21:39:46.766 INFO  [ctor-http-nio-9] [trace:] c.a.a.filter.AuthenticationFilter        : Direct Admin Access active: Bypassing token validation for enhancement/dev mode on path '/api/check-ins'
2026-09-29 21:39:46.766 INFO  [ctor-http-nio-5] [trace:] c.a.a.filter.AuthenticationFilter        : Direct Admin Access active: Bypassing token validation for enhancement/dev mode on path '/api/flights'
2026-09-29 21:39:46.786 DEBUG [ctor-http-nio-5] [trace:] c.a.a.filter.CorrelationIdGlobalFilter   : Assigned Correlation ID: AB-UI-Z28OOB47 to GET /api/bookings/flight/1
2026-09-29 21:39:46.786 INFO  [ctor-http-nio-5] [trace:] c.a.a.filter.JwtAuthenticationFilter     : Incoming Gateway Request: GET http://localhost:8083/api/bookings/flight/1
2026-09-29 21:39:46.786 INFO  [ctor-http-nio-5] [trace:] c.a.a.filter.AuthenticationFilter        : Direct Admin Access active: Bypassing token validation for enhancement/dev mode on path '/api/bookings/flight/1'
2026-09-29 21:40:06.798 DEBUG [ctor-http-nio-5] [trace:] c.a.a.filter.CorrelationIdGlobalFilter   : Assigned Correlation ID: AB-UI-HI2PI4RU to GET /api/check-ins
2026-09-29 21:40:06.798 DEBUG [ctor-http-nio-9] [trace:] c.a.a.filter.CorrelationIdGlobalFilter   : Assigned Correlation ID: AB-UI-IHZPG74R to GET /api/flights
2026-09-29 21:40:06.798 INFO  [ctor-http-nio-5] [trace:] c.a.a.filter.JwtAuthenticationFilter     : Incoming Gateway Request: GET http://localhost:8083/api/check-ins
2026-09-29 21:40:06.798 INFO  [ctor-http-nio-9] [trace:] c.a.a.filter.JwtAuthenticationFilter     : Incoming Gateway Request: GET http://localhost:8083/api/flights
2026-09-29 21:40:06.798 INFO  [ctor-http-nio-9] [trace:] c.a.a.filter.AuthenticationFilter        : Direct Admin Access active: Bypassing token validation for enhancement/dev mode on path '/api/flights'
2026-09-29 21:40:06.798 INFO  [ctor-http-nio-5] [trace:] c.a.a.filter.AuthenticationFilter        : Direct Admin Access active: Bypassing token validation for enhancement/dev mode on path '/api/check-ins'
2026-09-29 21:40:06.824 DEBUG [ctor-http-nio-9] [trace:] c.a.a.filter.CorrelationIdGlobalFilter   : Assigned Correlation ID: AB-UI-8PXLW2Y3 to GET /api/bookings/flight/1
2026-09-29 21:40:06.824 INFO  [ctor-http-nio-9] [trace:] c.a.a.filter.JwtAuthenticationFilter     : Incoming Gateway Request: GET http://localhost:8083/api/bookings/flight/1
2026-09-29 21:40:06.824 INFO  [ctor-http-nio-9] [trace:] c.a.a.filter.AuthenticationFilter        : Direct Admin Access active: Bypassing token validation for enhancement/dev mode on path '/api/bookings/flight/1'
2026-09-29 21:40:08.376 DEBUG [ctor-http-nio-7] [trace:] c.a.a.filter.CorrelationIdGlobalFilter   : Assigned Correlation ID: AB-UI-NJ74B9T5 to GET /api/flights
2026-09-29 21:40:08.378 INFO  [ctor-http-nio-7] [trace:] c.a.a.filter.JwtAuthenticationFilter     : Incoming Gateway Request: GET http://localhost:8083/api/flights
2026-09-29 21:40:08.379 INFO  [ctor-http-nio-7] [trace:] c.a.a.filter.AuthenticationFilter        : Direct Admin Access active: Bypassing token validation for enhancement/dev mode on path '/api/flights'
2026-09-29 21:40:08.379 DEBUG [ctor-http-nio-5] [trace:] c.a.a.filter.CorrelationIdGlobalFilter   : Assigned Correlation ID: AB-UI-Y8IMI7BN to GET /api/admin/aircrafts
2026-09-29 21:40:08.379 DEBUG [ctor-http-nio-8] [trace:] c.a.a.filter.CorrelationIdGlobalFilter   : Assigned Correlation ID: AB-UI-MQI2L15I to GET /api/v1/users
2026-09-29 21:40:08.380 DEBUG [ctor-http-nio-2] [trace:] c.a.a.filter.CorrelationIdGlobalFilter   : Assigned Correlation ID: AB-UI-7SI2ISBY to GET /api/fares
2026-09-29 21:40:08.380 DEBUG [ctor-http-nio-9] [trace:] c.a.a.filter.CorrelationIdGlobalFilter   : Assigned Correlation ID: AB-UI-6JQRYV8J to GET /api/bookings
2026-09-29 21:40:08.380 INFO  [ctor-http-nio-5] [trace:] c.a.a.filter.JwtAuthenticationFilter     : Incoming Gateway Request: GET http://localhost:8083/api/admin/aircrafts
2026-09-29 21:40:08.380 INFO  [ctor-http-nio-8] [trace:] c.a.a.filter.JwtAuthenticationFilter     : Incoming Gateway Request: GET http://localhost:8083/api/v1/users
2026-09-29 21:40:08.380 INFO  [ctor-http-nio-5] [trace:] c.a.a.filter.AuthenticationFilter        : Direct Admin Access active: Bypassing token validation for enhancement/dev mode on path '/api/admin/aircrafts'
2026-09-29 21:40:08.380 INFO  [ctor-http-nio-2] [trace:] c.a.a.filter.JwtAuthenticationFilter     : Incoming Gateway Request: GET http://localhost:8083/api/fares
2026-09-29 21:40:08.380 INFO  [ctor-http-nio-9] [trace:] c.a.a.filter.JwtAuthenticationFilter     : Incoming Gateway Request: GET http://localhost:8083/api/bookings
2026-09-29 21:40:08.380 INFO  [ctor-http-nio-8] [trace:] c.a.a.filter.AuthenticationFilter        : Direct Admin Access active: Bypassing token validation for enhancement/dev mode on path '/api/v1/users'
2026-09-29 21:40:08.380 INFO  [ctor-http-nio-9] [trace:] c.a.a.filter.AuthenticationFilter        : Direct Admin Access active: Bypassing token validation for enhancement/dev mode on path '/api/bookings'
2026-09-29 21:40:08.380 INFO  [ctor-http-nio-2] [trace:] c.a.a.filter.AuthenticationFilter        : Direct Admin Access active: Bypassing token validation for enhancement/dev mode on path '/api/fares'
2026-09-29 21:40:47.892 DEBUG [ctor-http-nio-2] [trace:] c.a.a.filter.CorrelationIdGlobalFilter   : Assigned Correlation ID: AB-UI-GJERN816 to GET /api/flights
2026-09-29 21:40:47.892 DEBUG [ctor-http-nio-8] [trace:] c.a.a.filter.CorrelationIdGlobalFilter   : Assigned Correlation ID: AB-UI-8J2716TR to GET /api/admin/aircrafts
2026-09-29 21:40:47.892 DEBUG [ctor-http-nio-5] [trace:] c.a.a.filter.CorrelationIdGlobalFilter   : Assigned Correlation ID: AB-UI-3QW0DJ6F to GET /api/v1/users
2026-09-29 21:40:47.892 INFO  [ctor-http-nio-2] [trace:] c.a.a.filter.JwtAuthenticationFilter     : Incoming Gateway Request: GET http://localhost:8083/api/flights
2026-09-29 21:40:47.892 INFO  [ctor-http-nio-8] [trace:] c.a.a.filter.JwtAuthenticationFilter     : Incoming Gateway Request: GET http://localhost:8083/api/admin/aircrafts
2026-09-29 21:40:47.892 INFO  [ctor-http-nio-5] [trace:] c.a.a.filter.JwtAuthenticationFilter     : Incoming Gateway Request: GET http://localhost:8083/api/v1/users
2026-09-29 21:40:47.892 INFO  [ctor-http-nio-2] [trace:] c.a.a.filter.AuthenticationFilter        : Direct Admin Access active: Bypassing token validation for enhancement/dev mode on path '/api/flights'
2026-09-29 21:40:47.892 INFO  [ctor-http-nio-8] [trace:] c.a.a.filter.AuthenticationFilter        : Direct Admin Access active: Bypassing token validation for enhancement/dev mode on path '/api/admin/aircrafts'
2026-09-29 21:40:47.892 INFO  [ctor-http-nio-5] [trace:] c.a.a.filter.AuthenticationFilter        : Direct Admin Access active: Bypassing token validation for enhancement/dev mode on path '/api/v1/users'
2026-09-29 21:40:47.894 DEBUG [ctor-http-nio-9] [trace:] c.a.a.filter.CorrelationIdGlobalFilter   : Assigned Correlation ID: AB-UI-TQ6QPISJ to GET /api/bookings
2026-09-29 21:40:47.895 DEBUG [ctor-http-nio-7] [trace:] c.a.a.filter.CorrelationIdGlobalFilter   : Assigned Correlation ID: AB-UI-REECHLL0 to GET /api/fares
2026-09-29 21:40:47.895 INFO  [ctor-http-nio-9] [trace:] c.a.a.filter.JwtAuthenticationFilter     : Incoming Gateway Request: GET http://localhost:8083/api/bookings
2026-09-29 21:40:47.895 INFO  [ctor-http-nio-7] [trace:] c.a.a.filter.JwtAuthenticationFilter     : Incoming Gateway Request: GET http://localhost:8083/api/fares
2026-09-29 21:40:47.895 INFO  [ctor-http-nio-9] [trace:] c.a.a.filter.AuthenticationFilter        : Direct Admin Access active: Bypassing token validation for enhancement/dev mode on path '/api/bookings'
2026-09-29 21:40:47.897 INFO  [ctor-http-nio-7] [trace:] c.a.a.filter.AuthenticationFilter        : Direct Admin Access active: Bypassing token validation for enhancement/dev mode on path '/api/fares'
2026-09-29 21:41:44.906 DEBUG [ctor-http-nio-7] [trace:] c.a.a.filter.CorrelationIdGlobalFilter   : Assigned Correlation ID: AB-UI-2H42XZ54 to GET /api/flights
2026-09-29 21:41:44.906 DEBUG [ctor-http-nio-9] [trace:] c.a.a.filter.CorrelationIdGlobalFilter   : Assigned Correlation ID: AB-UI-ERIYXCCU to GET /api/admin/aircrafts
2026-09-29 21:41:44.906 DEBUG [ctor-http-nio-2] [trace:] c.a.a.filter.CorrelationIdGlobalFilter   : Assigned Correlation ID: AB-UI-RI267IEH to GET /api/v1/users
2026-09-29 21:41:44.906 INFO  [ctor-http-nio-7] [trace:] c.a.a.filter.JwtAuthenticationFilter     : Incoming Gateway Request: GET http://localhost:8083/api/flights
2026-09-29 21:41:44.906 INFO  [ctor-http-nio-9] [trace:] c.a.a.filter.JwtAuthenticationFilter     : Incoming Gateway Request: GET http://localhost:8083/api/admin/aircrafts
2026-09-29 21:41:44.907 INFO  [ctor-http-nio-2] [trace:] c.a.a.filter.JwtAuthenticationFilter     : Incoming Gateway Request: GET http://localhost:8083/api/v1/users
2026-09-29 21:41:44.907 INFO  [ctor-http-nio-7] [trace:] c.a.a.filter.AuthenticationFilter        : Direct Admin Access active: Bypassing token validation for enhancement/dev mode on path '/api/flights'
2026-09-29 21:41:44.907 INFO  [ctor-http-nio-9] [trace:] c.a.a.filter.AuthenticationFilter        : Direct Admin Access active: Bypassing token validation for enhancement/dev mode on path '/api/admin/aircrafts'
2026-09-29 21:41:44.907 INFO  [ctor-http-nio-2] [trace:] c.a.a.filter.AuthenticationFilter        : Direct Admin Access active: Bypassing token validation for enhancement/dev mode on path '/api/v1/users'
2026-09-29 21:41:44.909 DEBUG [ctor-http-nio-8] [trace:] c.a.a.filter.CorrelationIdGlobalFilter   : Assigned Correlation ID: AB-UI-8RXWNSSQ to GET /api/bookings
2026-09-29 21:41:44.909 INFO  [ctor-http-nio-8] [trace:] c.a.a.filter.JwtAuthenticationFilter     : Incoming Gateway Request: GET http://localhost:8083/api/bookings
2026-09-29 21:41:44.909 INFO  [ctor-http-nio-8] [trace:] c.a.a.filter.AuthenticationFilter        : Direct Admin Access active: Bypassing token validation for enhancement/dev mode on path '/api/bookings'
2026-09-29 21:41:44.910 DEBUG [ctor-http-nio-5] [trace:] c.a.a.filter.CorrelationIdGlobalFilter   : Assigned Correlation ID: AB-UI-EH2XFUAF to GET /api/fares
2026-09-29 21:41:44.911 INFO  [ctor-http-nio-5] [trace:] c.a.a.filter.JwtAuthenticationFilter     : Incoming Gateway Request: GET http://localhost:8083/api/fares
2026-09-29 21:41:44.911 INFO  [ctor-http-nio-5] [trace:] c.a.a.filter.AuthenticationFilter        : Direct Admin Access active: Bypassing token validation for enhancement/dev mode on path '/api/fares'
2026-09-29 21:42:08.966 INFO  [rap-executor-%d] [trace:] c.n.d.s.r.aws.ConfigClusterResolver      : Resolving eureka endpoints via configuration
2026-09-29 21:42:10.914 DEBUG [ctor-http-nio-5] [trace:] c.a.a.filter.CorrelationIdGlobalFilter   : Assigned Correlation ID: AB-UI-OWBM8GQ8 to GET /api/admin/aircrafts
2026-09-29 21:42:10.914 DEBUG [ctor-http-nio-8] [trace:] c.a.a.filter.CorrelationIdGlobalFilter   : Assigned Correlation ID: AB-UI-ZUO8OL4L to GET /api/flights
2026-09-29 21:42:10.914 DEBUG [ctor-http-nio-7] [trace:] c.a.a.filter.CorrelationIdGlobalFilter   : Assigned Correlation ID: AB-UI-AMTXSZ9O to GET /api/v1/users
2026-09-29 21:42:10.914 INFO  [ctor-http-nio-5] [trace:] c.a.a.filter.JwtAuthenticationFilter     : Incoming Gateway Request: GET http://localhost:8083/api/admin/aircrafts
2026-09-29 21:42:10.914 INFO  [ctor-http-nio-8] [trace:] c.a.a.filter.JwtAuthenticationFilter     : Incoming Gateway Request: GET http://localhost:8083/api/flights
2026-09-29 21:42:10.914 INFO  [ctor-http-nio-7] [trace:] c.a.a.filter.JwtAuthenticationFilter     : Incoming Gateway Request: GET http://localhost:8083/api/v1/users
2026-09-29 21:42:10.915 INFO  [ctor-http-nio-5] [trace:] c.a.a.filter.AuthenticationFilter        : Direct Admin Access active: Bypassing token validation for enhancement/dev mode on path '/api/admin/aircrafts'
2026-09-29 21:42:10.915 INFO  [ctor-http-nio-8] [trace:] c.a.a.filter.AuthenticationFilter        : Direct Admin Access active: Bypassing token validation for enhancement/dev mode on path '/api/flights'
2026-09-29 21:42:10.915 INFO  [ctor-http-nio-7] [trace:] c.a.a.filter.AuthenticationFilter        : Direct Admin Access active: Bypassing token validation for enhancement/dev mode on path '/api/v1/users'
2026-09-29 21:42:10.916 DEBUG [ctor-http-nio-9] [trace:] c.a.a.filter.CorrelationIdGlobalFilter   : Assigned Correlation ID: AB-UI-XAHH5009 to GET /api/bookings
2026-09-29 21:42:10.916 DEBUG [ctor-http-nio-2] [trace:] c.a.a.filter.CorrelationIdGlobalFilter   : Assigned Correlation ID: AB-UI-GNO3YI64 to GET /api/fares
2026-09-29 21:42:10.916 INFO  [ctor-http-nio-9] [trace:] c.a.a.filter.JwtAuthenticationFilter     : Incoming Gateway Request: GET http://localhost:8083/api/bookings
2026-09-29 21:42:10.916 INFO  [ctor-http-nio-2] [trace:] c.a.a.filter.JwtAuthenticationFilter     : Incoming Gateway Request: GET http://localhost:8083/api/fares
2026-09-29 21:42:10.917 INFO  [ctor-http-nio-9] [trace:] c.a.a.filter.AuthenticationFilter        : Direct Admin Access active: Bypassing token validation for enhancement/dev mode on path '/api/bookings'
2026-09-29 21:42:10.918 INFO  [ctor-http-nio-2] [trace:] c.a.a.filter.AuthenticationFilter        : Direct Admin Access active: Bypassing token validation for enhancement/dev mode on path '/api/fares'
2026-09-29 21:42:23.919 DEBUG [ctor-http-nio-9] [trace:] c.a.a.filter.CorrelationIdGlobalFilter   : Assigned Correlation ID: AB-UI-BIHZAAP1 to GET /api/flights
2026-09-29 21:42:23.919 DEBUG [ctor-http-nio-2] [trace:] c.a.a.filter.CorrelationIdGlobalFilter   : Assigned Correlation ID: AB-UI-F3VTKJ1Y to GET /api/admin/aircrafts
2026-09-29 21:42:23.919 INFO  [ctor-http-nio-9] [trace:] c.a.a.filter.JwtAuthenticationFilter     : Incoming Gateway Request: GET http://localhost:8083/api/flights
2026-09-29 21:42:23.919 INFO  [ctor-http-nio-2] [trace:] c.a.a.filter.JwtAuthenticationFilter     : Incoming Gateway Request: GET http://localhost:8083/api/admin/aircrafts
2026-09-29 21:42:23.920 INFO  [ctor-http-nio-9] [trace:] c.a.a.filter.AuthenticationFilter        : Direct Admin Access active: Bypassing token validation for enhancement/dev mode on path '/api/flights'
2026-09-29 21:42:23.920 INFO  [ctor-http-nio-2] [trace:] c.a.a.filter.AuthenticationFilter        : Direct Admin Access active: Bypassing token validation for enhancement/dev mode on path '/api/admin/aircrafts'
2026-09-29 21:42:23.923 DEBUG [ctor-http-nio-7] [trace:] c.a.a.filter.CorrelationIdGlobalFilter   : Assigned Correlation ID: AB-UI-LP0POG7E to GET /api/bookings
2026-09-29 21:42:23.923 DEBUG [ctor-http-nio-5] [trace:] c.a.a.filter.CorrelationIdGlobalFilter   : Assigned Correlation ID: AB-UI-3NRGR0IG to GET /api/v1/users
2026-09-29 21:42:23.923 INFO  [ctor-http-nio-7] [trace:] c.a.a.filter.JwtAuthenticationFilter     : Incoming Gateway Request: GET http://localhost:8083/api/bookings
2026-09-29 21:42:23.923 DEBUG [ctor-http-nio-8] [trace:] c.a.a.filter.CorrelationIdGlobalFilter   : Assigned Correlation ID: AB-UI-8JJHACBJ to GET /api/fares
2026-09-29 21:42:23.923 INFO  [ctor-http-nio-5] [trace:] c.a.a.filter.JwtAuthenticationFilter     : Incoming Gateway Request: GET http://localhost:8083/api/v1/users
2026-09-29 21:42:23.923 INFO  [ctor-http-nio-7] [trace:] c.a.a.filter.AuthenticationFilter        : Direct Admin Access active: Bypassing token validation for enhancement/dev mode on path '/api/bookings'
2026-09-29 21:42:23.923 INFO  [ctor-http-nio-8] [trace:] c.a.a.filter.JwtAuthenticationFilter     : Incoming Gateway Request: GET http://localhost:8083/api/fares
2026-09-29 21:42:23.923 INFO  [ctor-http-nio-5] [trace:] c.a.a.filter.AuthenticationFilter        : Direct Admin Access active: Bypassing token validation for enhancement/dev mode on path '/api/v1/users'
2026-09-29 21:42:23.923 INFO  [ctor-http-nio-8] [trace:] c.a.a.filter.AuthenticationFilter        : Direct Admin Access active: Bypassing token validation for enhancement/dev mode on path '/api/fares'
2026-09-29 21:43:49.607 DEBUG [ctor-http-nio-5] [trace:] c.a.a.filter.CorrelationIdGlobalFilter   : Assigned Correlation ID: AB-UI-YDPO4XYS to GET /api/v1/users
2026-09-29 21:43:49.607 DEBUG [ctor-http-nio-7] [trace:] c.a.a.filter.CorrelationIdGlobalFilter   : Assigned Correlation ID: AB-UI-ACF7X6ML to GET /api/admin/aircrafts
2026-09-29 21:43:49.607 DEBUG [ctor-http-nio-8] [trace:] c.a.a.filter.CorrelationIdGlobalFilter   : Assigned Correlation ID: AB-UI-3DQ7VY9R to GET /api/flights
2026-09-29 21:43:49.607 DEBUG [ctor-http-nio-2] [trace:] c.a.a.filter.CorrelationIdGlobalFilter   : Assigned Correlation ID: AB-UI-DB9C252F to GET /api/bookings
2026-09-29 21:43:49.608 INFO  [ctor-http-nio-5] [trace:] c.a.a.filter.JwtAuthenticationFilter     : Incoming Gateway Request: GET http://localhost:8083/api/v1/users
2026-09-29 21:43:49.608 INFO  [ctor-http-nio-7] [trace:] c.a.a.filter.JwtAuthenticationFilter     : Incoming Gateway Request: GET http://localhost:8083/api/admin/aircrafts
2026-09-29 21:43:49.608 INFO  [ctor-http-nio-8] [trace:] c.a.a.filter.JwtAuthenticationFilter     : Incoming Gateway Request: GET http://localhost:8083/api/flights
2026-09-29 21:43:49.608 INFO  [ctor-http-nio-2] [trace:] c.a.a.filter.JwtAuthenticationFilter     : Incoming Gateway Request: GET http://localhost:8083/api/bookings
2026-09-29 21:43:49.608 INFO  [ctor-http-nio-5] [trace:] c.a.a.filter.AuthenticationFilter        : Direct Admin Access active: Bypassing token validation for enhancement/dev mode on path '/api/v1/users'
2026-09-29 21:43:49.609 INFO  [ctor-http-nio-7] [trace:] c.a.a.filter.AuthenticationFilter        : Direct Admin Access active: Bypassing token validation for enhancement/dev mode on path '/api/admin/aircrafts'
2026-09-29 21:43:49.609 INFO  [ctor-http-nio-8] [trace:] c.a.a.filter.AuthenticationFilter        : Direct Admin Access active: Bypassing token validation for enhancement/dev mode on path '/api/flights'
2026-09-29 21:43:49.609 INFO  [ctor-http-nio-2] [trace:] c.a.a.filter.AuthenticationFilter        : Direct Admin Access active: Bypassing token validation for enhancement/dev mode on path '/api/bookings'
2026-09-29 21:43:49.609 DEBUG [ctor-http-nio-9] [trace:] c.a.a.filter.CorrelationIdGlobalFilter   : Assigned Correlation ID: AB-UI-US593X15 to GET /api/fares
2026-09-29 21:43:49.609 INFO  [ctor-http-nio-9] [trace:] c.a.a.filter.JwtAuthenticationFilter     : Incoming Gateway Request: GET http://localhost:8083/api/fares
2026-09-29 21:43:49.609 INFO  [ctor-http-nio-9] [trace:] c.a.a.filter.AuthenticationFilter        : Direct Admin Access active: Bypassing token validation for enhancement/dev mode on path '/api/fares'
2026-09-29 21:43:52.371 DEBUG [ctor-http-nio-2] [trace:] c.a.a.filter.CorrelationIdGlobalFilter   : Assigned Correlation ID: AB-UI-1POSOH3U to GET /api/flights
2026-09-29 21:43:52.372 INFO  [ctor-http-nio-2] [trace:] c.a.a.filter.JwtAuthenticationFilter     : Incoming Gateway Request: GET http://localhost:8083/api/flights
2026-09-29 21:43:52.372 INFO  [ctor-http-nio-2] [trace:] c.a.a.filter.AuthenticationFilter        : Direct Admin Access active: Bypassing token validation for enhancement/dev mode on path '/api/flights'
2026-09-29 21:43:52.373 DEBUG [ctor-http-nio-5] [trace:] c.a.a.filter.CorrelationIdGlobalFilter   : Assigned Correlation ID: AB-UI-P25TCZFP to GET /api/check-ins
2026-09-29 21:43:52.374 INFO  [ctor-http-nio-5] [trace:] c.a.a.filter.JwtAuthenticationFilter     : Incoming Gateway Request: GET http://localhost:8083/api/check-ins
2026-09-29 21:43:52.374 INFO  [ctor-http-nio-5] [trace:] c.a.a.filter.AuthenticationFilter        : Direct Admin Access active: Bypassing token validation for enhancement/dev mode on path '/api/check-ins'
2026-09-29 21:43:52.397 DEBUG [ctor-http-nio-5] [trace:] c.a.a.filter.CorrelationIdGlobalFilter   : Assigned Correlation ID: AB-UI-6PRVW6CH to GET /api/bookings/flight/1
2026-09-29 21:43:52.397 INFO  [ctor-http-nio-5] [trace:] c.a.a.filter.JwtAuthenticationFilter     : Incoming Gateway Request: GET http://localhost:8083/api/bookings/flight/1
2026-09-29 21:43:52.397 INFO  [ctor-http-nio-5] [trace:] c.a.a.filter.AuthenticationFilter        : Direct Admin Access active: Bypassing token validation for enhancement/dev mode on path '/api/bookings/flight/1'
2026-09-29 21:43:53.385 DEBUG [ctor-http-nio-9] [trace:] c.a.a.filter.CorrelationIdGlobalFilter   : Assigned Correlation ID: AB-UI-09Q90EB3 to GET /api/flights
2026-09-29 21:43:53.385 INFO  [ctor-http-nio-9] [trace:] c.a.a.filter.JwtAuthenticationFilter     : Incoming Gateway Request: GET http://localhost:8083/api/flights
2026-09-29 21:43:53.386 INFO  [ctor-http-nio-9] [trace:] c.a.a.filter.AuthenticationFilter        : Direct Customer Access active: Bypassing token validation on path '/api/flights'
2026-09-29 21:43:53.386 DEBUG [ctor-http-nio-2] [trace:] c.a.a.filter.CorrelationIdGlobalFilter   : Assigned Correlation ID: AB-UI-VW1OR4WK to GET /api/v1/users/3
2026-09-29 21:43:53.386 DEBUG [ctor-http-nio-5] [trace:] c.a.a.filter.CorrelationIdGlobalFilter   : Assigned Correlation ID: AB-UI-ZYKRAP54 to GET /api/bookings/user/3
2026-09-29 21:43:53.386 DEBUG [ctor-http-nio-7] [trace:] c.a.a.filter.CorrelationIdGlobalFilter   : Assigned Correlation ID: AB-UI-3QA6SKB1 to GET /api/notifications/user/3
2026-09-29 21:43:53.386 INFO  [ctor-http-nio-2] [trace:] c.a.a.filter.JwtAuthenticationFilter     : Incoming Gateway Request: GET http://localhost:8083/api/v1/users/3
2026-09-29 21:43:53.386 INFO  [ctor-http-nio-5] [trace:] c.a.a.filter.JwtAuthenticationFilter     : Incoming Gateway Request: GET http://localhost:8083/api/bookings/user/3
2026-09-29 21:43:53.386 INFO  [ctor-http-nio-7] [trace:] c.a.a.filter.JwtAuthenticationFilter     : Incoming Gateway Request: GET http://localhost:8083/api/notifications/user/3
2026-09-29 21:43:53.386 INFO  [ctor-http-nio-2] [trace:] c.a.a.filter.AuthenticationFilter        : Direct Customer Access active: Bypassing token validation on path '/api/v1/users/3'
2026-09-29 21:43:53.386 INFO  [ctor-http-nio-5] [trace:] c.a.a.filter.AuthenticationFilter        : Direct Customer Access active: Bypassing token validation on path '/api/bookings/user/3'
2026-09-29 21:43:53.386 INFO  [ctor-http-nio-7] [trace:] c.a.a.filter.AuthenticationFilter        : Direct Customer Access active: Bypassing token validation on path '/api/notifications/user/3'
2026-09-29 21:43:54.569 DEBUG [ctor-http-nio-2] [trace:] c.a.a.filter.CorrelationIdGlobalFilter   : Assigned Correlation ID: AB-UI-XL2N8Q0T to GET /api/flights
2026-09-29 21:43:54.569 INFO  [ctor-http-nio-2] [trace:] c.a.a.filter.JwtAuthenticationFilter     : Incoming Gateway Request: GET http://localhost:8083/api/flights
2026-09-29 21:43:54.570 INFO  [ctor-http-nio-2] [trace:] c.a.a.filter.AuthenticationFilter        : Direct Customer Access active: Bypassing token validation on path '/api/flights'
2026-09-29 21:46:45.922 DEBUG [ctor-http-nio-2] [trace:] c.a.a.filter.CorrelationIdGlobalFilter   : Assigned Correlation ID: AB-UI-PS2OQHFY to GET /api/flights
2026-09-29 21:46:45.922 INFO  [ctor-http-nio-2] [trace:] c.a.a.filter.JwtAuthenticationFilter     : Incoming Gateway Request: GET http://localhost:8083/api/flights
2026-09-29 21:46:45.922 INFO  [ctor-http-nio-2] [trace:] c.a.a.filter.AuthenticationFilter        : Direct Customer Access active: Bypassing token validation on path '/api/flights'
2026-09-29 21:46:57.882 DEBUG [ctor-http-nio-2] [trace:] c.a.a.filter.CorrelationIdGlobalFilter   : Assigned Correlation ID: AB-UI-F8DKD8J9 to GET /api/flights
2026-09-29 21:46:57.882 INFO  [ctor-http-nio-2] [trace:] c.a.a.filter.JwtAuthenticationFilter     : Incoming Gateway Request: GET http://localhost:8083/api/flights
2026-09-29 21:46:57.882 INFO  [ctor-http-nio-2] [trace:] c.a.a.filter.AuthenticationFilter        : Direct Customer Access active: Bypassing token validation on path '/api/flights'
2026-09-29 21:47:08.976 INFO  [rap-executor-%d] [trace:] c.n.d.s.r.aws.ConfigClusterResolver      : Resolving eureka endpoints via configuration
2026-09-29 21:47:33.497 DEBUG [ctor-http-nio-2] [trace:] c.a.a.filter.CorrelationIdGlobalFilter   : Assigned Correlation ID: AB-UI-OVENV3XD to POST /api/auth/login
2026-09-29 21:47:33.497 INFO  [ctor-http-nio-2] [trace:] c.a.a.filter.JwtAuthenticationFilter     : Incoming Gateway Request: POST http://localhost:8083/api/auth/login
2026-09-29 21:47:33.520 DEBUG [ctor-http-nio-7] [trace:] c.a.a.filter.CorrelationIdGlobalFilter   : Assigned Correlation ID: AB-UI-OO8B7I6U to GET /api/flights
2026-09-29 21:47:33.520 DEBUG [ctor-http-nio-2] [trace:] c.a.a.filter.CorrelationIdGlobalFilter   : Assigned Correlation ID: AB-UI-3U644NJR to GET /api/v1/users
2026-09-29 21:47:33.520 DEBUG [ctor-http-nio-9] [trace:] c.a.a.filter.CorrelationIdGlobalFilter   : Assigned Correlation ID: AB-UI-0CZOXTDS to GET /api/admin/aircrafts
2026-09-29 21:47:33.520 DEBUG [ctor-http-nio-8] [trace:] c.a.a.filter.CorrelationIdGlobalFilter   : Assigned Correlation ID: AB-UI-UELDVFOG to GET /api/bookings
2026-09-29 21:47:33.520 INFO  [ctor-http-nio-7] [trace:] c.a.a.filter.JwtAuthenticationFilter     : Incoming Gateway Request: GET http://localhost:8083/api/flights
2026-09-29 21:47:33.520 INFO  [ctor-http-nio-2] [trace:] c.a.a.filter.JwtAuthenticationFilter     : Incoming Gateway Request: GET http://localhost:8083/api/v1/users
2026-09-29 21:47:33.520 INFO  [ctor-http-nio-9] [trace:] c.a.a.filter.JwtAuthenticationFilter     : Incoming Gateway Request: GET http://localhost:8083/api/admin/aircrafts
2026-09-29 21:47:33.520 INFO  [ctor-http-nio-8] [trace:] c.a.a.filter.JwtAuthenticationFilter     : Incoming Gateway Request: GET http://localhost:8083/api/bookings
2026-09-29 21:47:33.520 INFO  [ctor-http-nio-7] [trace:] c.a.a.filter.AuthenticationFilter        : Direct Admin Access active: Bypassing token validation for enhancement/dev mode on path '/api/flights'
2026-09-29 21:47:33.520 INFO  [ctor-http-nio-2] [trace:] c.a.a.filter.AuthenticationFilter        : Direct Admin Access active: Bypassing token validation for enhancement/dev mode on path '/api/v1/users'
2026-09-29 21:47:33.520 INFO  [ctor-http-nio-9] [trace:] c.a.a.filter.AuthenticationFilter        : Direct Admin Access active: Bypassing token validation for enhancement/dev mode on path '/api/admin/aircrafts'
2026-09-29 21:47:33.520 INFO  [ctor-http-nio-8] [trace:] c.a.a.filter.AuthenticationFilter        : Direct Admin Access active: Bypassing token validation for enhancement/dev mode on path '/api/bookings'
2026-09-29 21:47:33.521 DEBUG [ctor-http-nio-5] [trace:] c.a.a.filter.CorrelationIdGlobalFilter   : Assigned Correlation ID: AB-UI-1T62DONC to GET /api/fares
2026-09-29 21:47:33.521 INFO  [ctor-http-nio-5] [trace:] c.a.a.filter.JwtAuthenticationFilter     : Incoming Gateway Request: GET http://localhost:8083/api/fares
2026-09-29 21:47:33.521 INFO  [ctor-http-nio-5] [trace:] c.a.a.filter.AuthenticationFilter        : Direct Admin Access active: Bypassing token validation for enhancement/dev mode on path '/api/fares'
2026-09-29 21:47:36.251 DEBUG [ctor-http-nio-5] [trace:] c.a.a.filter.CorrelationIdGlobalFilter   : Assigned Correlation ID: AB-UI-GO5KUO84 to GET /api/flights
2026-09-29 21:47:36.252 DEBUG [ctor-http-nio-8] [trace:] c.a.a.filter.CorrelationIdGlobalFilter   : Assigned Correlation ID: AB-UI-TQ900R9P to GET /api/v1/users/3
2026-09-29 21:47:36.252 DEBUG [ctor-http-nio-2] [trace:] c.a.a.filter.CorrelationIdGlobalFilter   : Assigned Correlation ID: AB-UI-71CF8478 to GET /api/bookings/user/3
2026-09-29 21:47:36.252 INFO  [ctor-http-nio-5] [trace:] c.a.a.filter.JwtAuthenticationFilter     : Incoming Gateway Request: GET http://localhost:8083/api/flights
2026-09-29 21:47:36.252 INFO  [ctor-http-nio-8] [trace:] c.a.a.filter.JwtAuthenticationFilter     : Incoming Gateway Request: GET http://localhost:8083/api/v1/users/3
2026-09-29 21:47:36.252 INFO  [ctor-http-nio-2] [trace:] c.a.a.filter.JwtAuthenticationFilter     : Incoming Gateway Request: GET http://localhost:8083/api/bookings/user/3
2026-09-29 21:47:36.252 INFO  [ctor-http-nio-5] [trace:] c.a.a.filter.AuthenticationFilter        : Direct Customer Access active: Bypassing token validation on path '/api/flights'
2026-09-29 21:47:36.252 INFO  [ctor-http-nio-8] [trace:] c.a.a.filter.AuthenticationFilter        : Direct Customer Access active: Bypassing token validation on path '/api/v1/users/3'
2026-09-29 21:47:36.252 DEBUG [ctor-http-nio-9] [trace:] c.a.a.filter.CorrelationIdGlobalFilter   : Assigned Correlation ID: AB-UI-TFS7TC82 to GET /api/notifications/user/3
2026-09-29 21:47:36.252 INFO  [ctor-http-nio-2] [trace:] c.a.a.filter.AuthenticationFilter        : Direct Customer Access active: Bypassing token validation on path '/api/bookings/user/3'
2026-09-29 21:47:36.253 INFO  [ctor-http-nio-9] [trace:] c.a.a.filter.JwtAuthenticationFilter     : Incoming Gateway Request: GET http://localhost:8083/api/notifications/user/3
2026-09-29 21:47:36.253 INFO  [ctor-http-nio-9] [trace:] c.a.a.filter.AuthenticationFilter        : Direct Customer Access active: Bypassing token validation on path '/api/notifications/user/3'
2026-09-29 21:47:42.322 DEBUG [ctor-http-nio-9] [trace:] c.a.a.filter.CorrelationIdGlobalFilter   : Assigned Correlation ID: AB-UI-1MAU5WK9 to GET /api/flights
2026-09-29 21:47:42.322 INFO  [ctor-http-nio-9] [trace:] c.a.a.filter.JwtAuthenticationFilter     : Incoming Gateway Request: GET http://localhost:8083/api/flights
2026-09-29 21:47:42.322 INFO  [ctor-http-nio-9] [trace:] c.a.a.filter.AuthenticationFilter        : Direct Customer Access active: Bypassing token validation on path '/api/flights'
2026-09-29 21:47:45.314 DEBUG [ctor-http-nio-8] [trace:] c.a.a.filter.CorrelationIdGlobalFilter   : Assigned Correlation ID: AB-UI-PYFU3RV9 to GET /api/flights
2026-09-29 21:47:45.314 INFO  [ctor-http-nio-8] [trace:] c.a.a.filter.JwtAuthenticationFilter     : Incoming Gateway Request: GET http://localhost:8083/api/flights
2026-09-29 21:47:45.314 INFO  [ctor-http-nio-8] [trace:] c.a.a.filter.AuthenticationFilter        : Direct Staff Access active: Bypassing token validation on path '/api/flights'
2026-09-29 21:47:45.315 DEBUG [ctor-http-nio-9] [trace:] c.a.a.filter.CorrelationIdGlobalFilter   : Assigned Correlation ID: AB-UI-E7F4Z9GW to GET /api/check-ins
2026-09-29 21:47:45.315 INFO  [ctor-http-nio-9] [trace:] c.a.a.filter.JwtAuthenticationFilter     : Incoming Gateway Request: GET http://localhost:8083/api/check-ins
2026-09-29 21:47:45.315 INFO  [ctor-http-nio-9] [trace:] c.a.a.filter.AuthenticationFilter        : Direct Staff Access active: Bypassing token validation on path '/api/check-ins'
2026-09-29 21:47:45.334 DEBUG [ctor-http-nio-9] [trace:] c.a.a.filter.CorrelationIdGlobalFilter   : Assigned Correlation ID: AB-UI-PPQU55B2 to GET /api/bookings/flight/1
2026-09-29 21:47:45.334 INFO  [ctor-http-nio-9] [trace:] c.a.a.filter.JwtAuthenticationFilter     : Incoming Gateway Request: GET http://localhost:8083/api/bookings/flight/1
2026-09-29 21:47:45.335 INFO  [ctor-http-nio-9] [trace:] c.a.a.filter.AuthenticationFilter        : Direct Staff Access active: Bypassing token validation on path '/api/bookings/flight/1'
2026-09-29 21:47:55.280 DEBUG [ctor-http-nio-9] [trace:] c.a.a.filter.CorrelationIdGlobalFilter   : Assigned Correlation ID: AB-UI-POT3ZM8O to GET /api/flights
2026-09-29 21:47:55.280 INFO  [ctor-http-nio-9] [trace:] c.a.a.filter.JwtAuthenticationFilter     : Incoming Gateway Request: GET http://localhost:8083/api/flights
2026-09-29 21:47:55.280 INFO  [ctor-http-nio-9] [trace:] c.a.a.filter.AuthenticationFilter        : Direct Staff Access active: Bypassing token validation on path '/api/flights'
2026-09-29 21:48:11.927 DEBUG [ctor-http-nio-9] [trace:] c.a.a.filter.CorrelationIdGlobalFilter   : Assigned Correlation ID: AB-UI-SRUP051Z to GET /api/check-ins
2026-09-29 21:48:11.927 DEBUG [ctor-http-nio-8] [trace:] c.a.a.filter.CorrelationIdGlobalFilter   : Assigned Correlation ID: AB-UI-7GVGZ1EY to GET /api/flights
2026-09-29 21:48:11.928 INFO  [ctor-http-nio-9] [trace:] c.a.a.filter.JwtAuthenticationFilter     : Incoming Gateway Request: GET http://localhost:8083/api/check-ins
2026-09-29 21:48:11.928 INFO  [ctor-http-nio-8] [trace:] c.a.a.filter.JwtAuthenticationFilter     : Incoming Gateway Request: GET http://localhost:8083/api/flights
2026-09-29 21:48:11.928 INFO  [ctor-http-nio-9] [trace:] c.a.a.filter.AuthenticationFilter        : Direct Staff Access active: Bypassing token validation on path '/api/check-ins'
2026-09-29 21:48:11.928 INFO  [ctor-http-nio-8] [trace:] c.a.a.filter.AuthenticationFilter        : Direct Staff Access active: Bypassing token validation on path '/api/flights'
2026-09-29 21:48:11.946 DEBUG [ctor-http-nio-8] [trace:] c.a.a.filter.CorrelationIdGlobalFilter   : Assigned Correlation ID: AB-UI-DCBUI697 to GET /api/bookings/flight/1
2026-09-29 21:48:11.946 INFO  [ctor-http-nio-8] [trace:] c.a.a.filter.JwtAuthenticationFilter     : Incoming Gateway Request: GET http://localhost:8083/api/bookings/flight/1
2026-09-29 21:48:11.946 INFO  [ctor-http-nio-8] [trace:] c.a.a.filter.AuthenticationFilter        : Direct Staff Access active: Bypassing token validation on path '/api/bookings/flight/1'
2026-09-29 21:48:19.509 DEBUG [ctor-http-nio-8] [trace:] c.a.a.filter.CorrelationIdGlobalFilter   : Assigned Correlation ID: AB-UI-EX1JIY2I to GET /api/flights
2026-09-29 21:48:19.509 INFO  [ctor-http-nio-8] [trace:] c.a.a.filter.JwtAuthenticationFilter     : Incoming Gateway Request: GET http://localhost:8083/api/flights
2026-09-29 21:48:19.511 INFO  [ctor-http-nio-8] [trace:] c.a.a.filter.AuthenticationFilter        : Direct Staff Access active: Bypassing token validation on path '/api/flights'
2026-09-29 21:50:00.901 DEBUG [ctor-http-nio-8] [trace:] c.a.a.filter.CorrelationIdGlobalFilter   : Assigned Correlation ID: AB-UI-K91DT70A to GET /api/flights
2026-09-29 21:50:00.902 INFO  [ctor-http-nio-8] [trace:] c.a.a.filter.JwtAuthenticationFilter     : Incoming Gateway Request: GET http://localhost:8083/api/flights
2026-09-29 21:50:00.902 INFO  [ctor-http-nio-8] [trace:] c.a.a.filter.AuthenticationFilter        : Direct Staff Access active: Bypassing token validation on path '/api/flights'
2026-09-29 21:50:41.391 DEBUG [ctor-http-nio-8] [trace:] c.a.a.filter.CorrelationIdGlobalFilter   : Assigned Correlation ID: AB-UI-8OQYZ568 to POST /api/auth/login
2026-09-29 21:50:41.391 INFO  [ctor-http-nio-8] [trace:] c.a.a.filter.JwtAuthenticationFilter     : Incoming Gateway Request: POST http://localhost:8083/api/auth/login
2026-09-29 21:50:41.409 DEBUG [ctor-http-nio-2] [trace:] c.a.a.filter.CorrelationIdGlobalFilter   : Assigned Correlation ID: AB-UI-ISQK6WPJ to GET /api/bookings
2026-09-29 21:50:41.409 DEBUG [ctor-http-nio-7] [trace:] c.a.a.filter.CorrelationIdGlobalFilter   : Assigned Correlation ID: AB-UI-BIVQ8R30 to GET /api/v1/users
2026-09-29 21:50:41.409 DEBUG [ctor-http-nio-5] [trace:] c.a.a.filter.CorrelationIdGlobalFilter   : Assigned Correlation ID: AB-UI-9B8ZQI92 to GET /api/admin/aircrafts
2026-09-29 21:50:41.409 DEBUG [tor-http-nio-10] [trace:] c.a.a.filter.CorrelationIdGlobalFilter   : Assigned Correlation ID: AB-UI-6UWM2ZR3 to GET /api/fares
2026-09-29 21:50:41.410 INFO  [tor-http-nio-10] [trace:] c.a.a.filter.JwtAuthenticationFilter     : Incoming Gateway Request: GET http://localhost:8083/api/fares
2026-09-29 21:50:41.411 INFO  [tor-http-nio-10] [trace:] c.a.a.filter.AuthenticationFilter        : Direct Admin Access active: Bypassing token validation for enhancement/dev mode on path '/api/fares'
2026-09-29 21:50:41.409 DEBUG [ctor-http-nio-9] [trace:] c.a.a.filter.CorrelationIdGlobalFilter   : Assigned Correlation ID: AB-UI-E2YQC2BD to GET /api/flights
2026-09-29 21:50:41.409 INFO  [ctor-http-nio-2] [trace:] c.a.a.filter.JwtAuthenticationFilter     : Incoming Gateway Request: GET http://localhost:8083/api/bookings
2026-09-29 21:50:41.412 INFO  [ctor-http-nio-2] [trace:] c.a.a.filter.AuthenticationFilter        : Direct Admin Access active: Bypassing token validation for enhancement/dev mode on path '/api/bookings'
2026-09-29 21:50:41.409 INFO  [ctor-http-nio-7] [trace:] c.a.a.filter.JwtAuthenticationFilter     : Incoming Gateway Request: GET http://localhost:8083/api/v1/users
2026-09-29 21:50:41.410 INFO  [ctor-http-nio-5] [trace:] c.a.a.filter.JwtAuthenticationFilter     : Incoming Gateway Request: GET http://localhost:8083/api/admin/aircrafts
2026-09-29 21:50:41.411 INFO  [ctor-http-nio-9] [trace:] c.a.a.filter.JwtAuthenticationFilter     : Incoming Gateway Request: GET http://localhost:8083/api/flights
2026-09-29 21:50:41.412 INFO  [ctor-http-nio-5] [trace:] c.a.a.filter.AuthenticationFilter        : Direct Admin Access active: Bypassing token validation for enhancement/dev mode on path '/api/admin/aircrafts'
2026-09-29 21:50:41.412 INFO  [ctor-http-nio-7] [trace:] c.a.a.filter.AuthenticationFilter        : Direct Admin Access active: Bypassing token validation for enhancement/dev mode on path '/api/v1/users'
2026-09-29 21:50:41.412 INFO  [ctor-http-nio-9] [trace:] c.a.a.filter.AuthenticationFilter        : Direct Admin Access active: Bypassing token validation for enhancement/dev mode on path '/api/flights'
2026-09-29 21:50:44.205 DEBUG [ctor-http-nio-9] [trace:] c.a.a.filter.CorrelationIdGlobalFilter   : Assigned Correlation ID: AB-UI-LCDRELFV to GET /api/flights
2026-09-29 21:50:44.206 INFO  [ctor-http-nio-9] [trace:] c.a.a.filter.JwtAuthenticationFilter     : Incoming Gateway Request: GET http://localhost:8083/api/flights
2026-09-29 21:50:44.206 INFO  [ctor-http-nio-9] [trace:] c.a.a.filter.AuthenticationFilter        : Direct Admin Access active: Bypassing token validation for enhancement/dev mode on path '/api/flights'
2026-09-29 21:50:44.207 DEBUG [ctor-http-nio-7] [trace:] c.a.a.filter.CorrelationIdGlobalFilter   : Assigned Correlation ID: AB-UI-AA9LYOAS to GET /api/check-ins
2026-09-29 21:50:44.207 INFO  [ctor-http-nio-7] [trace:] c.a.a.filter.JwtAuthenticationFilter     : Incoming Gateway Request: GET http://localhost:8083/api/check-ins
2026-09-29 21:50:44.207 INFO  [ctor-http-nio-7] [trace:] c.a.a.filter.AuthenticationFilter        : Direct Admin Access active: Bypassing token validation for enhancement/dev mode on path '/api/check-ins'
2026-09-29 21:50:44.226 DEBUG [ctor-http-nio-9] [trace:] c.a.a.filter.CorrelationIdGlobalFilter   : Assigned Correlation ID: AB-UI-ZY3IOD60 to GET /api/bookings/flight/1
2026-09-29 21:50:44.227 INFO  [ctor-http-nio-9] [trace:] c.a.a.filter.JwtAuthenticationFilter     : Incoming Gateway Request: GET http://localhost:8083/api/bookings/flight/1
2026-09-29 21:50:44.227 INFO  [ctor-http-nio-9] [trace:] c.a.a.filter.AuthenticationFilter        : Direct Admin Access active: Bypassing token validation for enhancement/dev mode on path '/api/bookings/flight/1'
2026-09-29 21:50:47.033 DEBUG [ctor-http-nio-2] [trace:] c.a.a.filter.CorrelationIdGlobalFilter   : Assigned Correlation ID: AB-UI-2EUU7Z83 to GET /api/v1/users/3
2026-09-29 21:50:47.034 DEBUG [tor-http-nio-10] [trace:] c.a.a.filter.CorrelationIdGlobalFilter   : Assigned Correlation ID: AB-UI-X0DJ0D2C to GET /api/bookings/user/3
2026-09-29 21:50:47.034 DEBUG [ctor-http-nio-7] [trace:] c.a.a.filter.CorrelationIdGlobalFilter   : Assigned Correlation ID: AB-UI-ZWC8QX7J to GET /api/flights
2026-09-29 21:50:47.034 INFO  [ctor-http-nio-2] [trace:] c.a.a.filter.JwtAuthenticationFilter     : Incoming Gateway Request: GET http://localhost:8083/api/v1/users/3
2026-09-29 21:50:47.034 INFO  [tor-http-nio-10] [trace:] c.a.a.filter.JwtAuthenticationFilter     : Incoming Gateway Request: GET http://localhost:8083/api/bookings/user/3
2026-09-29 21:50:47.034 DEBUG [ctor-http-nio-9] [trace:] c.a.a.filter.CorrelationIdGlobalFilter   : Assigned Correlation ID: AB-UI-GUJAGXQO to GET /api/notifications/user/3
2026-09-29 21:50:47.034 INFO  [ctor-http-nio-7] [trace:] c.a.a.filter.JwtAuthenticationFilter     : Incoming Gateway Request: GET http://localhost:8083/api/flights
2026-09-29 21:50:47.034 INFO  [ctor-http-nio-2] [trace:] c.a.a.filter.AuthenticationFilter        : Direct Customer Access active: Bypassing token validation on path '/api/v1/users/3'
2026-09-29 21:50:47.034 INFO  [tor-http-nio-10] [trace:] c.a.a.filter.AuthenticationFilter        : Direct Customer Access active: Bypassing token validation on path '/api/bookings/user/3'
2026-09-29 21:50:47.034 INFO  [ctor-http-nio-9] [trace:] c.a.a.filter.JwtAuthenticationFilter     : Incoming Gateway Request: GET http://localhost:8083/api/notifications/user/3
2026-09-29 21:50:47.034 INFO  [ctor-http-nio-7] [trace:] c.a.a.filter.AuthenticationFilter        : Direct Customer Access active: Bypassing token validation on path '/api/flights'
2026-09-29 21:50:47.034 INFO  [ctor-http-nio-9] [trace:] c.a.a.filter.AuthenticationFilter        : Direct Customer Access active: Bypassing token validation on path '/api/notifications/user/3'
2026-09-29 21:50:59.079 DEBUG [ctor-http-nio-9] [trace:] c.a.a.filter.CorrelationIdGlobalFilter   : Assigned Correlation ID: AB-UI-YIYZ8Y0D to POST /api/auth/login
2026-09-29 21:50:59.079 INFO  [ctor-http-nio-9] [trace:] c.a.a.filter.JwtAuthenticationFilter     : Incoming Gateway Request: POST http://localhost:8083/api/auth/login
2026-09-29 21:50:59.088 DEBUG [tor-http-nio-10] [trace:] c.a.a.filter.CorrelationIdGlobalFilter   : Assigned Correlation ID: AB-UI-13Y8ARMK to GET /api/flights
2026-09-29 21:50:59.088 DEBUG [ctor-http-nio-2] [trace:] c.a.a.filter.CorrelationIdGlobalFilter   : Assigned Correlation ID: AB-UI-W2UVUJ4F to GET /api/admin/aircrafts
2026-09-29 21:50:59.089 INFO  [tor-http-nio-10] [trace:] c.a.a.filter.JwtAuthenticationFilter     : Incoming Gateway Request: GET http://localhost:8083/api/flights
2026-09-29 21:50:59.090 INFO  [tor-http-nio-10] [trace:] c.a.a.filter.AuthenticationFilter        : Direct Admin Access active: Bypassing token validation for enhancement/dev mode on path '/api/flights'
2026-09-29 21:50:59.089 DEBUG [ctor-http-nio-7] [trace:] c.a.a.filter.CorrelationIdGlobalFilter   : Assigned Correlation ID: AB-UI-BI2VCSG4 to GET /api/v1/users
2026-09-29 21:50:59.089 DEBUG [ctor-http-nio-8] [trace:] c.a.a.filter.CorrelationIdGlobalFilter   : Assigned Correlation ID: AB-UI-ZQF7T2N9 to GET /api/bookings
2026-09-29 21:50:59.089 INFO  [ctor-http-nio-2] [trace:] c.a.a.filter.JwtAuthenticationFilter     : Incoming Gateway Request: GET http://localhost:8083/api/admin/aircrafts
2026-09-29 21:50:59.092 INFO  [ctor-http-nio-2] [trace:] c.a.a.filter.AuthenticationFilter        : Direct Admin Access active: Bypassing token validation for enhancement/dev mode on path '/api/admin/aircrafts'
2026-09-29 21:50:59.092 DEBUG [ctor-http-nio-5] [trace:] c.a.a.filter.CorrelationIdGlobalFilter   : Assigned Correlation ID: AB-UI-ADDO1HW6 to GET /api/fares
2026-09-29 21:50:59.092 INFO  [ctor-http-nio-7] [trace:] c.a.a.filter.JwtAuthenticationFilter     : Incoming Gateway Request: GET http://localhost:8083/api/v1/users
2026-09-29 21:50:59.092 INFO  [ctor-http-nio-8] [trace:] c.a.a.filter.JwtAuthenticationFilter     : Incoming Gateway Request: GET http://localhost:8083/api/bookings
2026-09-29 21:50:59.096 INFO  [ctor-http-nio-5] [trace:] c.a.a.filter.JwtAuthenticationFilter     : Incoming Gateway Request: GET http://localhost:8083/api/fares
2026-09-29 21:50:59.096 INFO  [ctor-http-nio-7] [trace:] c.a.a.filter.AuthenticationFilter        : Direct Admin Access active: Bypassing token validation for enhancement/dev mode on path '/api/v1/users'
2026-09-29 21:50:59.097 INFO  [ctor-http-nio-8] [trace:] c.a.a.filter.AuthenticationFilter        : Direct Admin Access active: Bypassing token validation for enhancement/dev mode on path '/api/bookings'
2026-09-29 21:50:59.097 INFO  [ctor-http-nio-5] [trace:] c.a.a.filter.AuthenticationFilter        : Direct Admin Access active: Bypassing token validation for enhancement/dev mode on path '/api/fares'
2026-09-29 21:51:52.129 DEBUG [ctor-http-nio-7] [trace:] c.a.a.filter.CorrelationIdGlobalFilter   : Assigned Correlation ID: AB-UI-POR0OVWN to GET /api/flights
2026-09-29 21:51:52.129 INFO  [ctor-http-nio-7] [trace:] c.a.a.filter.JwtAuthenticationFilter     : Incoming Gateway Request: GET http://localhost:8083/api/flights
2026-09-29 21:51:52.130 INFO  [ctor-http-nio-7] [trace:] c.a.a.filter.AuthenticationFilter        : Direct Admin Access active: Bypassing token validation for enhancement/dev mode on path '/api/flights'
2026-09-29 21:52:08.990 INFO  [rap-executor-%d] [trace:] c.n.d.s.r.aws.ConfigClusterResolver      : Resolving eureka endpoints via configuration
2026-09-29 21:56:31.726 DEBUG [ctor-http-nio-2] [trace:] c.a.a.filter.CorrelationIdGlobalFilter   : Assigned Correlation ID: AB-UI-QBM9Z52H to GET /api/v1/users/3
2026-09-29 21:56:31.726 INFO  [ctor-http-nio-2] [trace:] c.a.a.filter.JwtAuthenticationFilter     : Incoming Gateway Request: GET http://localhost:8083/api/v1/users/3
2026-09-29 21:56:31.726 INFO  [ctor-http-nio-2] [trace:] c.a.a.filter.AuthenticationFilter        : Direct Customer Access active: Bypassing token validation on path '/api/v1/users/3'
2026-09-29 21:56:31.727 DEBUG [tor-http-nio-11] [trace:] c.a.a.filter.CorrelationIdGlobalFilter   : Assigned Correlation ID: AB-UI-6EIIVWIF to GET /api/flights
2026-09-29 21:56:31.727 DEBUG [tor-http-nio-12] [trace:] c.a.a.filter.CorrelationIdGlobalFilter   : Assigned Correlation ID: AB-UI-XO6SR33S to GET /api/notifications/user/3
2026-09-29 21:56:31.727 INFO  [tor-http-nio-11] [trace:] c.a.a.filter.JwtAuthenticationFilter     : Incoming Gateway Request: GET http://localhost:8083/api/flights
2026-09-29 21:56:31.727 DEBUG [ctor-http-nio-1] [trace:] c.a.a.filter.CorrelationIdGlobalFilter   : Assigned Correlation ID: AB-UI-TRP820F0 to GET /api/bookings/user/3
2026-09-29 21:56:31.727 INFO  [tor-http-nio-12] [trace:] c.a.a.filter.JwtAuthenticationFilter     : Incoming Gateway Request: GET http://localhost:8083/api/notifications/user/3
2026-09-29 21:56:31.727 INFO  [tor-http-nio-11] [trace:] c.a.a.filter.AuthenticationFilter        : Direct Customer Access active: Bypassing token validation on path '/api/flights'
2026-09-29 21:56:31.728 INFO  [ctor-http-nio-1] [trace:] c.a.a.filter.JwtAuthenticationFilter     : Incoming Gateway Request: GET http://localhost:8083/api/bookings/user/3
2026-09-29 21:56:31.728 INFO  [tor-http-nio-12] [trace:] c.a.a.filter.AuthenticationFilter        : Direct Customer Access active: Bypassing token validation on path '/api/notifications/user/3'
2026-09-29 21:56:31.728 INFO  [ctor-http-nio-1] [trace:] c.a.a.filter.AuthenticationFilter        : Direct Customer Access active: Bypassing token validation on path '/api/bookings/user/3'
2026-09-29 21:56:35.020 DEBUG [ctor-http-nio-2] [trace:] c.a.a.filter.CorrelationIdGlobalFilter   : Assigned Correlation ID: AB-UI-YWGILAAY to GET /api/flights
2026-09-29 21:56:35.020 INFO  [ctor-http-nio-2] [trace:] c.a.a.filter.JwtAuthenticationFilter     : Incoming Gateway Request: GET http://localhost:8083/api/flights
2026-09-29 21:56:35.020 INFO  [ctor-http-nio-2] [trace:] c.a.a.filter.AuthenticationFilter        : Direct Customer Access active: Bypassing token validation on path '/api/flights'
2026-09-29 21:57:08.994 INFO  [rap-executor-%d] [trace:] c.n.d.s.r.aws.ConfigClusterResolver      : Resolving eureka endpoints via configuration
2026-09-29 22:00:22.089 DEBUG [ctor-http-nio-3] [trace:] c.a.a.filter.CorrelationIdGlobalFilter   : Assigned Correlation ID: AB-42764A1A to GET /api/auth/health
2026-09-29 22:00:22.090 INFO  [ctor-http-nio-3] [trace:] c.a.a.filter.JwtAuthenticationFilter     : Incoming Gateway Request: GET http://localhost:8083/api/auth/health
2026-09-29 22:00:31.913 DEBUG [ctor-http-nio-4] [trace:] c.a.a.filter.CorrelationIdGlobalFilter   : Assigned Correlation ID: AB-6F566259 to POST /api/auth/login
2026-09-29 22:00:31.913 INFO  [ctor-http-nio-4] [trace:] c.a.a.filter.JwtAuthenticationFilter     : Incoming Gateway Request: POST http://localhost:8083/api/auth/login
2026-09-29 22:01:22.059 DEBUG [ctor-http-nio-5] [trace:] c.a.a.filter.CorrelationIdGlobalFilter   : Assigned Correlation ID: AB-868FAC3D to POST /api/auth/login
2026-09-29 22:01:22.059 INFO  [ctor-http-nio-5] [trace:] c.a.a.filter.JwtAuthenticationFilter     : Incoming Gateway Request: POST http://localhost:8083/api/auth/login
2026-09-29 22:01:29.834 DEBUG [ctor-http-nio-6] [trace:] c.a.a.filter.CorrelationIdGlobalFilter   : Assigned Correlation ID: AB-68159996 to GET /api/auth/credentials
2026-09-29 22:01:29.834 INFO  [ctor-http-nio-6] [trace:] c.a.a.filter.JwtAuthenticationFilter     : Incoming Gateway Request: GET http://localhost:8083/api/auth/credentials
2026-09-29 22:01:29.834 WARN  [ctor-http-nio-6] [trace:] c.a.a.filter.AuthenticationFilter        : Unauthorized ingress attempt to secured path '/api/auth/credentials': Missing Authorization header
2026-09-29 22:01:43.254 DEBUG [ctor-http-nio-7] [trace:] c.a.a.filter.CorrelationIdGlobalFilter   : Assigned Correlation ID: AB-46F26489 to POST /api/auth/register-admin
2026-09-29 22:01:43.254 INFO  [ctor-http-nio-7] [trace:] c.a.a.filter.JwtAuthenticationFilter     : Incoming Gateway Request: POST http://localhost:8083/api/auth/register-admin
2026-09-29 22:01:52.240 DEBUG [ctor-http-nio-8] [trace:] c.a.a.filter.CorrelationIdGlobalFilter   : Assigned Correlation ID: AB-4BF36DB1 to POST /api/auth/login
2026-09-29 22:01:52.240 INFO  [ctor-http-nio-8] [trace:] c.a.a.filter.JwtAuthenticationFilter     : Incoming Gateway Request: POST http://localhost:8083/api/auth/login
2026-09-29 22:02:00.517 DEBUG [ctor-http-nio-9] [trace:] c.a.a.filter.CorrelationIdGlobalFilter   : Assigned Correlation ID: AB-D19E8589 to POST /api/auth/register-staff
2026-09-29 22:02:00.518 INFO  [ctor-http-nio-9] [trace:] c.a.a.filter.JwtAuthenticationFilter     : Incoming Gateway Request: POST http://localhost:8083/api/auth/register-staff
2026-09-29 22:02:09.000 INFO  [rap-executor-%d] [trace:] c.n.d.s.r.aws.ConfigClusterResolver      : Resolving eureka endpoints via configuration
2026-09-29 22:02:47.628 DEBUG [tor-http-nio-10] [trace:] c.a.a.filter.CorrelationIdGlobalFilter   : Assigned Correlation ID: AB-E5D91E28 to POST /api/auth/register
2026-09-29 22:02:47.628 INFO  [tor-http-nio-10] [trace:] c.a.a.filter.JwtAuthenticationFilter     : Incoming Gateway Request: POST http://localhost:8083/api/auth/register
2026-09-29 22:02:59.789 DEBUG [tor-http-nio-11] [trace:] c.a.a.filter.CorrelationIdGlobalFilter   : Assigned Correlation ID: AB-5F5479B6 to POST /api/auth/login
2026-09-29 22:02:59.790 INFO  [tor-http-nio-11] [trace:] c.a.a.filter.JwtAuthenticationFilter     : Incoming Gateway Request: POST http://localhost:8083/api/auth/login
2026-09-29 22:04:40.702 DEBUG [tor-http-nio-12] [trace:] c.a.a.filter.CorrelationIdGlobalFilter   : Assigned Correlation ID: AB-4DE65E40 to POST /api/auth/register-staff
2026-09-29 22:04:40.702 INFO  [tor-http-nio-12] [trace:] c.a.a.filter.JwtAuthenticationFilter     : Incoming Gateway Request: POST http://localhost:8083/api/auth/register-staff
2026-09-29 22:04:49.008 DEBUG [ctor-http-nio-1] [trace:] c.a.a.filter.CorrelationIdGlobalFilter   : Assigned Correlation ID: AB-F101E0EE to POST /api/auth/login
2026-09-29 22:04:49.008 INFO  [ctor-http-nio-1] [trace:] c.a.a.filter.JwtAuthenticationFilter     : Incoming Gateway Request: POST http://localhost:8083/api/auth/login
2026-09-29 22:05:05.898 DEBUG [ctor-http-nio-2] [trace:] c.a.a.filter.CorrelationIdGlobalFilter   : Assigned Correlation ID: AB-UI-TQCL9IN4 to GET /api/flights
2026-09-29 22:05:05.898 INFO  [ctor-http-nio-2] [trace:] c.a.a.filter.JwtAuthenticationFilter     : Incoming Gateway Request: GET http://localhost:8083/api/flights
2026-09-29 22:05:05.899 WARN  [ctor-http-nio-2] [trace:] c.a.a.filter.AuthenticationFilter        : Unauthorized ingress attempt to secured path '/api/flights': Missing Authorization header
2026-09-29 22:05:26.903 DEBUG [ctor-http-nio-2] [trace:] c.a.a.filter.CorrelationIdGlobalFilter   : Assigned Correlation ID: AB-UI-SQK9Y1LB to GET /api/flights
2026-09-29 22:05:26.903 INFO  [ctor-http-nio-2] [trace:] c.a.a.filter.JwtAuthenticationFilter     : Incoming Gateway Request: GET http://localhost:8083/api/flights
2026-09-29 22:05:26.905 WARN  [ctor-http-nio-2] [trace:] c.a.a.filter.AuthenticationFilter        : Unauthorized ingress attempt to secured path '/api/flights': Missing Authorization header
2026-09-29 22:05:48.881 DEBUG [ctor-http-nio-2] [trace:] c.a.a.filter.CorrelationIdGlobalFilter   : Assigned Correlation ID: AB-UI-5A0JN0K3 to GET /api/flights
2026-09-29 22:05:48.881 INFO  [ctor-http-nio-2] [trace:] c.a.a.filter.JwtAuthenticationFilter     : Incoming Gateway Request: GET http://localhost:8083/api/flights
2026-09-29 22:05:48.881 WARN  [ctor-http-nio-2] [trace:] c.a.a.filter.AuthenticationFilter        : Unauthorized ingress attempt to secured path '/api/flights': Missing Authorization header
2026-09-29 22:06:07.897 DEBUG [ctor-http-nio-2] [trace:] c.a.a.filter.CorrelationIdGlobalFilter   : Assigned Correlation ID: AB-UI-HZNPDF2T to GET /api/flights
2026-09-29 22:06:07.897 INFO  [ctor-http-nio-2] [trace:] c.a.a.filter.JwtAuthenticationFilter     : Incoming Gateway Request: GET http://localhost:8083/api/flights
2026-09-29 22:06:07.897 WARN  [ctor-http-nio-2] [trace:] c.a.a.filter.AuthenticationFilter        : Unauthorized ingress attempt to secured path '/api/flights': Missing Authorization header
2026-09-29 22:06:21.882 DEBUG [ctor-http-nio-2] [trace:] c.a.a.filter.CorrelationIdGlobalFilter   : Assigned Correlation ID: AB-UI-CFGJVYR9 to GET /api/flights
2026-09-29 22:06:21.882 INFO  [ctor-http-nio-2] [trace:] c.a.a.filter.JwtAuthenticationFilter     : Incoming Gateway Request: GET http://localhost:8083/api/flights
2026-09-29 22:06:21.882 WARN  [ctor-http-nio-2] [trace:] c.a.a.filter.AuthenticationFilter        : Unauthorized ingress attempt to secured path '/api/flights': Missing Authorization header
2026-09-29 22:07:09.001 INFO  [rap-executor-%d] [trace:] c.n.d.s.r.aws.ConfigClusterResolver      : Resolving eureka endpoints via configuration
2026-09-29 22:07:15.901 DEBUG [ctor-http-nio-2] [trace:] c.a.a.filter.CorrelationIdGlobalFilter   : Assigned Correlation ID: AB-UI-O9PLPP6M to GET /api/flights
2026-09-29 22:07:15.901 INFO  [ctor-http-nio-2] [trace:] c.a.a.filter.JwtAuthenticationFilter     : Incoming Gateway Request: GET http://localhost:8083/api/flights
2026-09-29 22:07:15.901 WARN  [ctor-http-nio-2] [trace:] c.a.a.filter.AuthenticationFilter        : Unauthorized ingress attempt to secured path '/api/flights': Missing Authorization header
2026-09-29 22:07:18.885 DEBUG [ctor-http-nio-2] [trace:] c.a.a.filter.CorrelationIdGlobalFilter   : Assigned Correlation ID: AB-UI-LH8YFEKT to GET /api/flights
2026-09-29 22:07:18.885 INFO  [ctor-http-nio-2] [trace:] c.a.a.filter.JwtAuthenticationFilter     : Incoming Gateway Request: GET http://localhost:8083/api/flights
2026-09-29 22:07:18.886 WARN  [ctor-http-nio-2] [trace:] c.a.a.filter.AuthenticationFilter        : Unauthorized ingress attempt to secured path '/api/flights': Missing Authorization header
2026-09-29 22:07:44.954 DEBUG [ctor-http-nio-2] [trace:] c.a.a.filter.CorrelationIdGlobalFilter   : Assigned Correlation ID: AB-UI-TIZUX4OK to GET /api/flights
2026-09-29 22:07:44.954 INFO  [ctor-http-nio-2] [trace:] c.a.a.filter.JwtAuthenticationFilter     : Incoming Gateway Request: GET http://localhost:8083/api/flights
2026-09-29 22:07:44.955 WARN  [ctor-http-nio-2] [trace:] c.a.a.filter.AuthenticationFilter        : Unauthorized ingress attempt to secured path '/api/flights': Missing Authorization header
2026-09-29 22:08:03.220 DEBUG [ctor-http-nio-2] [trace:] c.a.a.filter.CorrelationIdGlobalFilter   : Assigned Correlation ID: AB-UI-5VECDGPO to GET /api/flights
2026-09-29 22:08:03.220 INFO  [ctor-http-nio-2] [trace:] c.a.a.filter.JwtAuthenticationFilter     : Incoming Gateway Request: GET http://localhost:8083/api/flights
2026-09-29 22:08:03.220 WARN  [ctor-http-nio-2] [trace:] c.a.a.filter.AuthenticationFilter        : Unauthorized ingress attempt to secured path '/api/flights': Missing Authorization header
2026-09-29 22:08:12.911 DEBUG [ctor-http-nio-2] [trace:] c.a.a.filter.CorrelationIdGlobalFilter   : Assigned Correlation ID: AB-UI-MFOFV2ZF to GET /api/flights
2026-09-29 22:08:12.911 INFO  [ctor-http-nio-2] [trace:] c.a.a.filter.JwtAuthenticationFilter     : Incoming Gateway Request: GET http://localhost:8083/api/flights
2026-09-29 22:08:12.911 WARN  [ctor-http-nio-2] [trace:] c.a.a.filter.AuthenticationFilter        : Unauthorized ingress attempt to secured path '/api/flights': Missing Authorization header
2026-09-29 22:09:09.189 DEBUG [ctor-http-nio-2] [trace:] c.a.a.filter.CorrelationIdGlobalFilter   : Assigned Correlation ID: AB-UI-2ZTETKCY to POST /api/auth/login
2026-09-29 22:09:09.189 INFO  [ctor-http-nio-2] [trace:] c.a.a.filter.JwtAuthenticationFilter     : Incoming Gateway Request: POST http://localhost:8083/api/auth/login
2026-09-29 22:09:19.803 DEBUG [ctor-http-nio-2] [trace:] c.a.a.filter.CorrelationIdGlobalFilter   : Assigned Correlation ID: AB-UI-SYGJGPMD to POST /api/auth/login
2026-09-29 22:09:19.804 INFO  [ctor-http-nio-2] [trace:] c.a.a.filter.JwtAuthenticationFilter     : Incoming Gateway Request: POST http://localhost:8083/api/auth/login
2026-09-29 22:09:24.402 DEBUG [ctor-http-nio-2] [trace:] c.a.a.filter.CorrelationIdGlobalFilter   : Assigned Correlation ID: AB-UI-KXQB251L to POST /api/auth/login
2026-09-29 22:09:24.402 INFO  [ctor-http-nio-2] [trace:] c.a.a.filter.JwtAuthenticationFilter     : Incoming Gateway Request: POST http://localhost:8083/api/auth/login
2026-09-29 22:09:33.445 DEBUG [ctor-http-nio-2] [trace:] c.a.a.filter.CorrelationIdGlobalFilter   : Assigned Correlation ID: AB-UI-GE5J6RYU to POST /api/auth/login
2026-09-29 22:09:33.446 INFO  [ctor-http-nio-2] [trace:] c.a.a.filter.JwtAuthenticationFilter     : Incoming Gateway Request: POST http://localhost:8083/api/auth/login
2026-09-29 22:10:33.226 DEBUG [ctor-http-nio-2] [trace:] c.a.a.filter.CorrelationIdGlobalFilter   : Assigned Correlation ID: AB-UI-HGLKLGN8 to POST /api/auth/register
2026-09-29 22:10:33.226 INFO  [ctor-http-nio-2] [trace:] c.a.a.filter.JwtAuthenticationFilter     : Incoming Gateway Request: POST http://localhost:8083/api/auth/register
2026-09-29 22:10:42.785 DEBUG [ctor-http-nio-2] [trace:] c.a.a.filter.CorrelationIdGlobalFilter   : Assigned Correlation ID: AB-UI-8ZQBJ999 to POST /api/auth/register
2026-09-29 22:10:42.785 INFO  [ctor-http-nio-2] [trace:] c.a.a.filter.JwtAuthenticationFilter     : Incoming Gateway Request: POST http://localhost:8083/api/auth/register
2026-09-29 22:12:09.008 INFO  [rap-executor-%d] [trace:] c.n.d.s.r.aws.ConfigClusterResolver      : Resolving eureka endpoints via configuration
2026-09-29 22:13:40.313 DEBUG [ctor-http-nio-4] [trace:] c.a.a.filter.CorrelationIdGlobalFilter   : Assigned Correlation ID: AB-FA310238 to POST /api/auth/login
2026-09-29 22:13:40.313 INFO  [ctor-http-nio-4] [trace:] c.a.a.filter.JwtAuthenticationFilter     : Incoming Gateway Request: POST http://localhost:8083/api/auth/login
2026-09-29 22:14:29.660 DEBUG [ctor-http-nio-5] [trace:] c.a.a.filter.CorrelationIdGlobalFilter   : Assigned Correlation ID: AB-9B5CCA4B to POST /api/auth/login
2026-09-29 22:14:29.660 INFO  [ctor-http-nio-5] [trace:] c.a.a.filter.JwtAuthenticationFilter     : Incoming Gateway Request: POST http://localhost:8083/api/auth/login
2026-09-29 22:14:38.803 DEBUG [ctor-http-nio-6] [trace:] c.a.a.filter.CorrelationIdGlobalFilter   : Assigned Correlation ID: AB-556772AD to POST /api/auth/login
2026-09-29 22:14:38.803 INFO  [ctor-http-nio-6] [trace:] c.a.a.filter.JwtAuthenticationFilter     : Incoming Gateway Request: POST http://localhost:8083/api/auth/login
2026-09-29 22:16:14.074 DEBUG [ctor-http-nio-7] [trace:] c.a.a.filter.CorrelationIdGlobalFilter   : Assigned Correlation ID: AB-UI-JZ2YH3GL to GET /api/flights
2026-09-29 22:16:14.074 INFO  [ctor-http-nio-7] [trace:] c.a.a.filter.JwtAuthenticationFilter     : Incoming Gateway Request: GET http://localhost:8083/api/flights
2026-09-29 22:16:14.074 WARN  [ctor-http-nio-7] [trace:] c.a.a.filter.AuthenticationFilter        : Unauthorized ingress attempt to secured path '/api/flights': Missing Authorization header
2026-09-29 22:16:25.079 DEBUG [ctor-http-nio-7] [trace:] c.a.a.filter.CorrelationIdGlobalFilter   : Assigned Correlation ID: AB-UI-EAEM4LEA to GET /api/flights
2026-09-29 22:16:25.080 INFO  [ctor-http-nio-7] [trace:] c.a.a.filter.JwtAuthenticationFilter     : Incoming Gateway Request: GET http://localhost:8083/api/flights
2026-09-29 22:16:25.080 WARN  [ctor-http-nio-7] [trace:] c.a.a.filter.AuthenticationFilter        : Unauthorized ingress attempt to secured path '/api/flights': Missing Authorization header
2026-09-29 22:17:09.021 INFO  [rap-executor-%d] [trace:] c.n.d.s.r.aws.ConfigClusterResolver      : Resolving eureka endpoints via configuration
2026-09-29 22:19:24.089 INFO  [kground-preinit] [trace:] o.h.validator.internal.util.Version      : HV000001: Hibernate Validator 8.0.3.Final
2026-09-29 22:19:24.164 INFO  [           main] [trace:] c.a.apigateway.ApiGatewayApplication     : Starting ApiGatewayApplication using Java 20.0.2 with PID 21868 (D:\aerobook\api-gateway\target\classes started by hp in D:\aerobook\api-gateway)
2026-09-29 22:19:24.164 DEBUG [           main] [trace:] c.a.apigateway.ApiGatewayApplication     : Running with Spring Boot v3.5.5, Spring v6.2.10
2026-09-29 22:19:24.165 INFO  [           main] [trace:] c.a.apigateway.ApiGatewayApplication     : No active profile set, falling back to 1 default profile: "default"
2026-09-29 22:19:25.515 INFO  [           main] [trace:] o.s.cloud.context.scope.GenericScope     : BeanFactory id=c7f9d924-4333-3d83-b29f-069ee15f756e
2026-09-29 22:19:26.796 INFO  [           main] [trace:] o.s.c.g.r.RouteDefinitionRouteLocator    : Loaded RoutePredicateFactory [After]
2026-09-29 22:19:26.797 INFO  [           main] [trace:] o.s.c.g.r.RouteDefinitionRouteLocator    : Loaded RoutePredicateFactory [Before]
2026-09-29 22:19:26.797 INFO  [           main] [trace:] o.s.c.g.r.RouteDefinitionRouteLocator    : Loaded RoutePredicateFactory [Between]
2026-09-29 22:19:26.797 INFO  [           main] [trace:] o.s.c.g.r.RouteDefinitionRouteLocator    : Loaded RoutePredicateFactory [Cookie]
2026-09-29 22:19:26.797 INFO  [           main] [trace:] o.s.c.g.r.RouteDefinitionRouteLocator    : Loaded RoutePredicateFactory [Header]
2026-09-29 22:19:26.797 INFO  [           main] [trace:] o.s.c.g.r.RouteDefinitionRouteLocator    : Loaded RoutePredicateFactory [Host]
2026-09-29 22:19:26.797 INFO  [           main] [trace:] o.s.c.g.r.RouteDefinitionRouteLocator    : Loaded RoutePredicateFactory [Method]
2026-09-29 22:19:26.797 INFO  [           main] [trace:] o.s.c.g.r.RouteDefinitionRouteLocator    : Loaded RoutePredicateFactory [Path]
2026-09-29 22:19:26.797 INFO  [           main] [trace:] o.s.c.g.r.RouteDefinitionRouteLocator    : Loaded RoutePredicateFactory [Query]
2026-09-29 22:19:26.797 INFO  [           main] [trace:] o.s.c.g.r.RouteDefinitionRouteLocator    : Loaded RoutePredicateFactory [ReadBody]
2026-09-29 22:19:26.797 INFO  [           main] [trace:] o.s.c.g.r.RouteDefinitionRouteLocator    : Loaded RoutePredicateFactory [RemoteAddr]
2026-09-29 22:19:26.797 INFO  [           main] [trace:] o.s.c.g.r.RouteDefinitionRouteLocator    : Loaded RoutePredicateFactory [XForwardedRemoteAddr]
2026-09-29 22:19:26.797 INFO  [           main] [trace:] o.s.c.g.r.RouteDefinitionRouteLocator    : Loaded RoutePredicateFactory [Weight]
2026-09-29 22:19:26.797 INFO  [           main] [trace:] o.s.c.g.r.RouteDefinitionRouteLocator    : Loaded RoutePredicateFactory [CloudFoundryRouteService]
2026-09-29 22:19:26.945 WARN  [           main] [trace:] o.s.w.r.resource.ResourceHandlerUtils    : Appended trailing slash to static resource location: classpath:/META-INF/resources/webjars/swagger-ui/5.18.3/
2026-09-29 22:19:27.185 INFO  [           main] [trace:] o.s.b.a.e.web.EndpointLinksResolver      : Exposing 1 endpoint beneath base path '/actuator'
2026-09-29 22:19:27.470 INFO  [           main] [trace:] DiscoveryClientOptionalArgsConfiguration : Eureka HTTP Client uses RestTemplate.
2026-09-29 22:19:27.502 WARN  [           main] [trace:] iguration$LoadBalancerCaffeineWarnLogger : Spring Cloud LoadBalancer is currently working with the default cache. While this cache implementation is useful for development and tests, it's recommended to use Caffeine cache in production.You can switch to using Caffeine cache, by adding it and org.springframework.cache.caffeine.CaffeineCacheManager to the classpath.
2026-09-29 22:19:27.559 INFO  [           main] [trace:] o.s.c.n.eureka.InstanceInfoFactory       : Setting initial instance status as: STARTING
2026-09-29 22:19:27.579 INFO  [           main] [trace:] com.netflix.discovery.DiscoveryClient    : Initializing Eureka in region us-east-1
2026-09-29 22:19:27.584 INFO  [           main] [trace:] c.n.d.s.r.aws.ConfigClusterResolver      : Resolving eureka endpoints via configuration
2026-09-29 22:19:27.592 INFO  [           main] [trace:] com.netflix.discovery.DiscoveryClient    : Disable delta property : false
2026-09-29 22:19:27.592 INFO  [           main] [trace:] com.netflix.discovery.DiscoveryClient    : Single vip registry refresh property : null
2026-09-29 22:19:27.592 INFO  [           main] [trace:] com.netflix.discovery.DiscoveryClient    : Force full registry fetch : false
2026-09-29 22:19:27.592 INFO  [           main] [trace:] com.netflix.discovery.DiscoveryClient    : Application is null : false
2026-09-29 22:19:27.592 INFO  [           main] [trace:] com.netflix.discovery.DiscoveryClient    : Registered Applications size is zero : true
2026-09-29 22:19:27.592 INFO  [           main] [trace:] com.netflix.discovery.DiscoveryClient    : Application version is -1: true
2026-09-29 22:19:27.592 INFO  [           main] [trace:] com.netflix.discovery.DiscoveryClient    : Getting all instance registry info from the eureka server
2026-09-29 22:19:27.951 INFO  [           main] [trace:] com.netflix.discovery.DiscoveryClient    : The response status is 200
2026-09-29 22:19:27.955 INFO  [           main] [trace:] com.netflix.discovery.DiscoveryClient    : Starting heartbeat executor: renew interval is: 30
2026-09-29 22:19:27.957 INFO  [           main] [trace:] c.n.discovery.InstanceInfoReplicator     : InstanceInfoReplicator onDemand update allowed rate per min is 4
2026-09-29 22:19:27.959 INFO  [           main] [trace:] com.netflix.discovery.DiscoveryClient    : Discovery Client initialized at timestamp 1790700567958 with initial instances count: 8
2026-09-29 22:19:27.961 INFO  [           main] [trace:] o.s.c.n.e.s.EurekaServiceRegistry        : Registering application API-GATEWAY with eureka with status UP
2026-09-29 22:19:27.962 INFO  [           main] [trace:] com.netflix.discovery.DiscoveryClient    : Saw local status change event StatusChangeEvent [timestamp=1790700567962, current=UP, previous=STARTING]
2026-09-29 22:19:27.964 INFO  [foReplicator-%d] [trace:] com.netflix.discovery.DiscoveryClient    : DiscoveryClient_API-GATEWAY/Sir-Amir:api-gateway:8083: registering service...
2026-09-29 22:19:28.001 INFO  [foReplicator-%d] [trace:] com.netflix.discovery.DiscoveryClient    : DiscoveryClient_API-GATEWAY/Sir-Amir:api-gateway:8083 - registration status: 204
2026-09-29 22:19:28.188 INFO  [           main] [trace:] o.s.b.web.embedded.netty.NettyWebServer  : Netty started on port 8083 (http)
2026-09-29 22:19:28.189 INFO  [           main] [trace:] .s.c.n.e.s.EurekaAutoServiceRegistration : Updating port to 8083
2026-09-29 22:19:28.486 INFO  [           main] [trace:] c.a.apigateway.ApiGatewayApplication     : Started ApiGatewayApplication in 5.221 seconds (process running for 5.745)
2026-09-29 22:19:28.491 WARN  [           main] [trace:] o.s.b.c.p.m.PropertiesMigrationListener  : 
The use of configuration keys that have been renamed was found in the environment:

Property source 'Config resource 'class path resource [application.properties]' via location 'optional:classpath:/'':
	Key: spring.cloud.gateway.globalcors.add-to-simple-url-handler-mapping
		Line: 92
		Replacement: spring.cloud.gateway.server.webflux.globalcors.add-to-simple-url-handler-mapping
	Key: spring.cloud.gateway.globalcors.cors-configurations[/**].allowed-origin-patterns
		Line: 93
		Replacement: spring.cloud.gateway.server.webflux.globalcors.cors-configurations[/**].allowed-origin-patterns
	Key: spring.cloud.gateway.globalcors.cors-configurations[/**].allowed-methods
		Line: 94
		Replacement: spring.cloud.gateway.server.webflux.globalcors.cors-configurations[/**].allowed-methods
	Key: spring.cloud.gateway.globalcors.cors-configurations[/**].allowed-headers
		Line: 95
		Replacement: spring.cloud.gateway.server.webflux.globalcors.cors-configurations[/**].allowed-headers
	Key: spring.cloud.gateway.globalcors.cors-configurations[/**].allow-credentials
		Line: 96
		Replacement: spring.cloud.gateway.server.webflux.globalcors.cors-configurations[/**].allow-credentials


Each configuration key has been temporarily mapped to its replacement for your convenience. To silence this warning, please update your configuration to use the new keys.

2026-09-29 22:20:03.017 DEBUG [ctor-http-nio-3] [trace:] c.a.a.filter.CorrelationIdGlobalFilter   : Assigned Correlation ID: AB-33D05509 to POST /api/auth/login
2026-09-29 22:20:03.022 INFO  [ctor-http-nio-3] [trace:] c.a.a.filter.JwtAuthenticationFilter     : Incoming Gateway Request: POST http://localhost:8083/api/auth/login
2026-09-29 22:20:10.697 DEBUG [ctor-http-nio-4] [trace:] c.a.a.filter.CorrelationIdGlobalFilter   : Assigned Correlation ID: AB-C5C6F3F5 to POST /api/auth/register
2026-09-29 22:20:10.697 INFO  [ctor-http-nio-4] [trace:] c.a.a.filter.JwtAuthenticationFilter     : Incoming Gateway Request: POST http://localhost:8083/api/auth/register
2026-09-29 22:20:53.194 DEBUG [ctor-http-nio-5] [trace:] c.a.a.filter.CorrelationIdGlobalFilter   : Assigned Correlation ID: AB-UI-U8LF16IU to POST /api/auth/login
2026-09-29 22:20:53.195 INFO  [ctor-http-nio-5] [trace:] c.a.a.filter.JwtAuthenticationFilter     : Incoming Gateway Request: POST http://localhost:8083/api/auth/login
2026-09-29 22:20:53.357 DEBUG [ctor-http-nio-5] [trace:] c.a.a.filter.CorrelationIdGlobalFilter   : Assigned Correlation ID: AB-UI-H9WXFPS4 to GET /api/v1/users/1
2026-09-29 22:20:53.359 INFO  [ctor-http-nio-5] [trace:] c.a.a.filter.JwtAuthenticationFilter     : Incoming Gateway Request: GET http://localhost:8083/api/v1/users/1
2026-09-29 22:20:53.364 DEBUG [ctor-http-nio-8] [trace:] c.a.a.filter.CorrelationIdGlobalFilter   : Assigned Correlation ID: AB-UI-NX9JPMXM to GET /api/bookings/user/1
2026-09-29 22:20:53.365 INFO  [ctor-http-nio-8] [trace:] c.a.a.filter.JwtAuthenticationFilter     : Incoming Gateway Request: GET http://localhost:8083/api/bookings/user/1
2026-09-29 22:20:53.369 DEBUG [ctor-http-nio-7] [trace:] c.a.a.filter.CorrelationIdGlobalFilter   : Assigned Correlation ID: AB-UI-4RHX9NXJ to GET /api/notifications/user/1
2026-09-29 22:20:53.369 INFO  [ctor-http-nio-7] [trace:] c.a.a.filter.JwtAuthenticationFilter     : Incoming Gateway Request: GET http://localhost:8083/api/notifications/user/1
2026-09-29 22:20:53.369 DEBUG [ctor-http-nio-6] [trace:] c.a.a.filter.CorrelationIdGlobalFilter   : Assigned Correlation ID: AB-UI-WVLHI2WQ to GET /api/flights
2026-09-29 22:20:53.369 INFO  [ctor-http-nio-6] [trace:] c.a.a.filter.JwtAuthenticationFilter     : Incoming Gateway Request: GET http://localhost:8083/api/flights
2026-09-29 22:20:53.542 DEBUG [ctor-http-nio-7] [trace:] c.a.a.filter.AuthenticationFilter        : Authorized request to '/api/notifications/user/1' [GET] for user 'asha.khan@example.com' (Role: 'ROLE_USER')
2026-09-29 22:20:53.542 DEBUG [ctor-http-nio-6] [trace:] c.a.a.filter.AuthenticationFilter        : Authorized request to '/api/flights' [GET] for user 'asha.khan@example.com' (Role: 'ROLE_USER')
2026-09-29 22:20:53.542 DEBUG [ctor-http-nio-5] [trace:] c.a.a.filter.AuthenticationFilter        : Authorized request to '/api/v1/users/1' [GET] for user 'asha.khan@example.com' (Role: 'ROLE_USER')
2026-09-29 22:20:53.542 DEBUG [ctor-http-nio-8] [trace:] c.a.a.filter.AuthenticationFilter        : Authorized request to '/api/bookings/user/1' [GET] for user 'asha.khan@example.com' (Role: 'ROLE_USER')
2026-09-29 22:21:20.306 DEBUG [ctor-http-nio-5] [trace:] c.a.a.filter.CorrelationIdGlobalFilter   : Assigned Correlation ID: AB-UI-7IUGTIPC to GET /api/flights
2026-09-29 22:21:20.307 INFO  [ctor-http-nio-5] [trace:] c.a.a.filter.JwtAuthenticationFilter     : Incoming Gateway Request: GET http://localhost:8083/api/flights
2026-09-29 22:21:20.310 DEBUG [ctor-http-nio-5] [trace:] c.a.a.filter.AuthenticationFilter        : Authorized request to '/api/flights' [GET] for user 'asha.khan@example.com' (Role: 'ROLE_USER')
2026-09-29 22:21:26.174 DEBUG [ctor-http-nio-7] [trace:] c.a.a.filter.CorrelationIdGlobalFilter   : Assigned Correlation ID: AB-UI-YLG250T4 to GET /api/bookings/user/1
2026-09-29 22:21:26.175 INFO  [ctor-http-nio-7] [trace:] c.a.a.filter.JwtAuthenticationFilter     : Incoming Gateway Request: GET http://localhost:8083/api/bookings/user/1
2026-09-29 22:21:26.175 DEBUG [ctor-http-nio-5] [trace:] c.a.a.filter.CorrelationIdGlobalFilter   : Assigned Correlation ID: AB-UI-QYA4DOS7 to GET /api/v1/users/1
2026-09-29 22:21:26.175 INFO  [ctor-http-nio-5] [trace:] c.a.a.filter.JwtAuthenticationFilter     : Incoming Gateway Request: GET http://localhost:8083/api/v1/users/1
2026-09-29 22:21:26.175 DEBUG [ctor-http-nio-6] [trace:] c.a.a.filter.CorrelationIdGlobalFilter   : Assigned Correlation ID: AB-UI-N0GSESHX to GET /api/flights
2026-09-29 22:21:26.175 INFO  [ctor-http-nio-6] [trace:] c.a.a.filter.JwtAuthenticationFilter     : Incoming Gateway Request: GET http://localhost:8083/api/flights
2026-09-29 22:21:26.177 DEBUG [ctor-http-nio-6] [trace:] c.a.a.filter.AuthenticationFilter        : Authorized request to '/api/flights' [GET] for user 'asha.khan@example.com' (Role: 'ROLE_USER')
2026-09-29 22:21:26.179 DEBUG [ctor-http-nio-5] [trace:] c.a.a.filter.AuthenticationFilter        : Authorized request to '/api/v1/users/1' [GET] for user 'asha.khan@example.com' (Role: 'ROLE_USER')
2026-09-29 22:21:26.179 DEBUG [ctor-http-nio-7] [trace:] c.a.a.filter.AuthenticationFilter        : Authorized request to '/api/bookings/user/1' [GET] for user 'asha.khan@example.com' (Role: 'ROLE_USER')
2026-09-29 22:21:26.198 DEBUG [ctor-http-nio-8] [trace:] c.a.a.filter.CorrelationIdGlobalFilter   : Assigned Correlation ID: AB-UI-UIV7P3UN to GET /api/notifications/user/1
2026-09-29 22:21:26.199 INFO  [ctor-http-nio-8] [trace:] c.a.a.filter.JwtAuthenticationFilter     : Incoming Gateway Request: GET http://localhost:8083/api/notifications/user/1
2026-09-29 22:21:26.226 DEBUG [ctor-http-nio-8] [trace:] c.a.a.filter.AuthenticationFilter        : Authorized request to '/api/notifications/user/1' [GET] for user 'asha.khan@example.com' (Role: 'ROLE_USER')
2026-09-29 22:21:43.337 DEBUG [ctor-http-nio-8] [trace:] c.a.a.filter.CorrelationIdGlobalFilter   : Assigned Correlation ID: AB-UI-WGK61HVW to GET /api/flights
2026-09-29 22:21:43.337 INFO  [ctor-http-nio-8] [trace:] c.a.a.filter.JwtAuthenticationFilter     : Incoming Gateway Request: GET http://localhost:8083/api/flights
2026-09-29 22:21:43.340 DEBUG [ctor-http-nio-8] [trace:] c.a.a.filter.AuthenticationFilter        : Authorized request to '/api/flights' [GET] for user 'asha.khan@example.com' (Role: 'ROLE_USER')
2026-09-29 22:21:54.126 DEBUG [ctor-http-nio-5] [trace:] c.a.a.filter.CorrelationIdGlobalFilter   : Assigned Correlation ID: AB-UI-19DC9GVX to GET /api/v1/users/1
2026-09-29 22:21:54.126 DEBUG [ctor-http-nio-8] [trace:] c.a.a.filter.CorrelationIdGlobalFilter   : Assigned Correlation ID: AB-UI-Y3MAPE47 to GET /api/flights
2026-09-29 22:21:54.127 INFO  [ctor-http-nio-5] [trace:] c.a.a.filter.JwtAuthenticationFilter     : Incoming Gateway Request: GET http://localhost:8083/api/v1/users/1
2026-09-29 22:21:54.127 INFO  [ctor-http-nio-8] [trace:] c.a.a.filter.JwtAuthenticationFilter     : Incoming Gateway Request: GET http://localhost:8083/api/flights
2026-09-29 22:21:54.127 DEBUG [ctor-http-nio-7] [trace:] c.a.a.filter.CorrelationIdGlobalFilter   : Assigned Correlation ID: AB-UI-RJ1HOW8F to GET /api/bookings/user/1
2026-09-29 22:21:54.127 INFO  [ctor-http-nio-7] [trace:] c.a.a.filter.JwtAuthenticationFilter     : Incoming Gateway Request: GET http://localhost:8083/api/bookings/user/1
2026-09-29 22:21:54.128 DEBUG [ctor-http-nio-8] [trace:] c.a.a.filter.AuthenticationFilter        : Authorized request to '/api/flights' [GET] for user 'asha.khan@example.com' (Role: 'ROLE_USER')
2026-09-29 22:21:54.128 DEBUG [ctor-http-nio-5] [trace:] c.a.a.filter.AuthenticationFilter        : Authorized request to '/api/v1/users/1' [GET] for user 'asha.khan@example.com' (Role: 'ROLE_USER')
2026-09-29 22:21:54.129 DEBUG [ctor-http-nio-7] [trace:] c.a.a.filter.AuthenticationFilter        : Authorized request to '/api/bookings/user/1' [GET] for user 'asha.khan@example.com' (Role: 'ROLE_USER')
2026-09-29 22:21:54.132 DEBUG [ctor-http-nio-6] [trace:] c.a.a.filter.CorrelationIdGlobalFilter   : Assigned Correlation ID: AB-UI-TZVQPALY to GET /api/notifications/user/1
2026-09-29 22:21:54.132 INFO  [ctor-http-nio-6] [trace:] c.a.a.filter.JwtAuthenticationFilter     : Incoming Gateway Request: GET http://localhost:8083/api/notifications/user/1
2026-09-29 22:21:54.135 DEBUG [ctor-http-nio-6] [trace:] c.a.a.filter.AuthenticationFilter        : Authorized request to '/api/notifications/user/1' [GET] for user 'asha.khan@example.com' (Role: 'ROLE_USER')
2026-09-29 22:22:00.764 DEBUG [ctor-http-nio-6] [trace:] c.a.a.filter.CorrelationIdGlobalFilter   : Assigned Correlation ID: AB-UI-0YM0UI7W to GET /api/flights
2026-09-29 22:22:00.764 INFO  [ctor-http-nio-6] [trace:] c.a.a.filter.JwtAuthenticationFilter     : Incoming Gateway Request: GET http://localhost:8083/api/flights
2026-09-29 22:22:00.764 WARN  [ctor-http-nio-6] [trace:] c.a.a.filter.AuthenticationFilter        : Unauthorized ingress attempt to secured path '/api/flights': Missing Authorization header
2026-09-29 22:22:08.823 DEBUG [ctor-http-nio-6] [trace:] c.a.a.filter.CorrelationIdGlobalFilter   : Assigned Correlation ID: AB-UI-7B4SPBBD to POST /api/auth/login
2026-09-29 22:22:08.824 INFO  [ctor-http-nio-6] [trace:] c.a.a.filter.JwtAuthenticationFilter     : Incoming Gateway Request: POST http://localhost:8083/api/auth/login
2026-09-29 22:22:08.965 DEBUG [ctor-http-nio-6] [trace:] c.a.a.filter.CorrelationIdGlobalFilter   : Assigned Correlation ID: AB-UI-FOKA1AXY to GET /api/flights
2026-09-29 22:22:08.966 INFO  [ctor-http-nio-6] [trace:] c.a.a.filter.JwtAuthenticationFilter     : Incoming Gateway Request: GET http://localhost:8083/api/flights
2026-09-29 22:22:08.966 DEBUG [ctor-http-nio-8] [trace:] c.a.a.filter.CorrelationIdGlobalFilter   : Assigned Correlation ID: AB-UI-ZPXXMDSM to GET /api/admin/aircrafts
2026-09-29 22:22:08.966 DEBUG [ctor-http-nio-7] [trace:] c.a.a.filter.CorrelationIdGlobalFilter   : Assigned Correlation ID: AB-UI-KEE442UA to GET /api/v1/users
2026-09-29 22:22:08.966 INFO  [ctor-http-nio-8] [trace:] c.a.a.filter.JwtAuthenticationFilter     : Incoming Gateway Request: GET http://localhost:8083/api/admin/aircrafts
2026-09-29 22:22:08.966 INFO  [ctor-http-nio-7] [trace:] c.a.a.filter.JwtAuthenticationFilter     : Incoming Gateway Request: GET http://localhost:8083/api/v1/users
2026-09-29 22:22:08.967 DEBUG [ctor-http-nio-6] [trace:] c.a.a.filter.AuthenticationFilter        : Authorized request to '/api/flights' [GET] for user 'admin@aerobook.com' (Role: 'ROLE_ADMIN')
2026-09-29 22:22:08.967 DEBUG [ctor-http-nio-8] [trace:] c.a.a.filter.AuthenticationFilter        : Authorized request to '/api/admin/aircrafts' [GET] for user 'admin@aerobook.com' (Role: 'ROLE_ADMIN')
2026-09-29 22:22:08.967 DEBUG [ctor-http-nio-7] [trace:] c.a.a.filter.AuthenticationFilter        : Authorized request to '/api/v1/users' [GET] for user 'admin@aerobook.com' (Role: 'ROLE_ADMIN')
2026-09-29 22:22:08.971 DEBUG [ctor-http-nio-5] [trace:] c.a.a.filter.CorrelationIdGlobalFilter   : Assigned Correlation ID: AB-UI-T78HK8MY to GET /api/bookings
2026-09-29 22:22:08.971 INFO  [ctor-http-nio-5] [trace:] c.a.a.filter.JwtAuthenticationFilter     : Incoming Gateway Request: GET http://localhost:8083/api/bookings
2026-09-29 22:22:08.975 DEBUG [ctor-http-nio-9] [trace:] c.a.a.filter.CorrelationIdGlobalFilter   : Assigned Correlation ID: AB-UI-L8CSBAZI to GET /api/fares
2026-09-29 22:22:08.976 INFO  [ctor-http-nio-9] [trace:] c.a.a.filter.JwtAuthenticationFilter     : Incoming Gateway Request: GET http://localhost:8083/api/fares
2026-09-29 22:22:08.978 DEBUG [ctor-http-nio-5] [trace:] c.a.a.filter.AuthenticationFilter        : Authorized request to '/api/bookings' [GET] for user 'admin@aerobook.com' (Role: 'ROLE_ADMIN')
2026-09-29 22:22:08.983 DEBUG [ctor-http-nio-9] [trace:] c.a.a.filter.AuthenticationFilter        : Authorized request to '/api/fares' [GET] for user 'admin@aerobook.com' (Role: 'ROLE_ADMIN')
